tree
version=v4
num_class=1
num_tree_per_iteration=1
label_index=0
max_feature_idx=40
objective=lambdarank
feature_names=speed_figure form_cycle weight_delta rest_fitness class_indicator jockey_win_rate trainer_win_rate gate_bias surface_affinity agf_edge sire_win_rate sire_surface_rate dam_win_rate dam_surface_rate jockey_track_win_rate surface_switch distance_delta_m equipment_changed field_pace_density s20_edge agf_reliability late_agf_drift late_jockey_change late_equipment_change late_gate_change tipster_consensus jockey_discipline_flag days_since_workout workout_speed_ms n_workouts_recent steward_report_flag agf_raw hp_raw weight_kg_raw kgs_raw s20_raw gate_number age distance_meters field_size surface_is_kum
feature_infos=[5.9811167599436068:17.790428749332857] [0:1] [-0.16666666666666666:0.16705471478463324] [0:1] [-1:1.4999999999999998] [0.013698630136986301:0.2890625] [0.02197802197802198:0.35416666666666669] [-1.1153846153846154:0.5] [0.029850746268656716:0.3888888888888889] [-1:6] [0.0234375:0.33333333333333331] [0.023529411764705882:0.31428571428571428] [0.022727272727272728:0.4375] [0.024390243902439025:0.45652173913043476] [0.01680672268907563:0.32203389830508472] [0:1] [-1400:1400] [0:1] [0:1] [-0.93367346938775508:1.1238938053097347] [0.096774193548387094:0.61538461538461542] none none none none none none none none none none [0:93] [0:116] [47:66] [4:1979] [1:20] [1:22] [2:14] [800:2800] [3:22] [0:1]
tree_sizes=3507 3451 3460 3469 3443 3458 3460 3457 3473 3484 3483 3477 3484 3482 3502 3474 3476 3468 3499 3484 3480 3476 3480 3465 3473 3494 3487 3477 3501 3488 3492 3503 3493 3483 3456 3470 3506 3512 3511 3503 3509 3492 3490 3501 3492 3458 3481 3499 3515 3520 3509 3476 3495 3484 3496 3457 3462 3498 3458 3507 3485 3509 3483

Tree=0
num_leaves=31
num_cat=0
split_feature=9 9 9 9 9 9 9 9 9 9 9 9 8 3 35 2 1 9 10 9 34 4 9 9 9 31 11 1 2 32
split_gain=5083.76 801.151 689.876 124.181 121.919 81.1879 75.9712 19.8863 17.8801 16.1432 14.8497 13.4028 13.1658 11.9561 9.90532 9.80938 7.93383 7.27862 7.21598 7.08959 7.08171 7.19901 6.7447 6.58323 6.30737 5.83082 5.40503 5.39081 5.27654 7.29339
threshold=-0.11000000000000001 -0.65499999999999992 0.70499999999999996 1.5700000000000001 -0.80499999999999994 -0.4549999999999999 0.29000000000000009 2.8850000000000002 -0.86499999999999988 1.0000000180025095e-35 0.44 1.2050000000000001 0.085960591133004943 0.0027727659343630283 11.500000000000002 -0.018309431344414807 0.33181408652014283 -0.70999999999999985 0.06186842911095234 -0.34499999999999992 10.500000000000002 0.33467326158406913 -0.91499999999999992 -0.34499999999999992 -0.55499999999999983 13.500000000000002 0.077825600176198537 0.36798273249835062 -1.0000000180025095e-35 40.500000000000007
decision_type=2 2 2 2 2 2 2 2 2 2 2 2 10 8 2 2 8 2 8 2 8 10 2 2 2 2 8 8 2 10
left_child=1 4 6 11 8 13 9 -5 22 -2 -8 -4 17 -3 -15 23 -17 -6 27 -18 -20 -22 -1 -7 -16 -12 -21 -11 -26 -30
right_child=2 5 3 7 12 15 10 -9 -10 18 25 -13 -14 14 24 16 19 -19 20 26 21 -23 -24 -25 28 -27 -28 -29 29 -31
leaf_value=-0.090797824335505872 0.00079606433802595659 -0.055901025387580364 0.041987230795464563 0.064388259018543476 -0.064574686779468093 -0.029366213765546406 0.020155389080112055 0.079254835949339353 -0.068798590480154909 0.015504471075448088 0.02201648871983199 0.053305784091571468 -0.046845066071577034 -0.01465624853106991 -0.037005654595867327 -0.0028795758807676954 -0.020290650985965261 -0.048951606247034964 0.021991300326789157 -0.023115339769530542 0.011980352628068139 -0.021709204225519873 -0.079818755110775325 -0.014766464687044293 -0.033941159885559243 0.034515903789713323 -0.0065826259659219795 -0.024231600359973147 -0.033629326428969701 -0.012988013716586389
leaf_weight=206.21012687170878 431.1451027453877 50.981621439568698 815.18983787391335 656.2142701074481 237.80201552063227 117.86744308006018 460.35158411017619 342.26904984004796 314.73952259123325 13.860357525758443 115.65318944863975 385.10809964337386 472.6698826297652 83.837078109383583 407.31507366255391 280.6126044569537 217.04662748519331 108.59660895587876 199.19708798546344 58.018585493788123 522.40213058120571 16.353441722691059 434.91562316054478 223.85620391601697 177.97912977216765 482.77367321494967 334.22427273425274 22.216836158186197 74.173873109742999 101.16052435268648
leaf_count=3452 5220 808 7466 4786 3928 1629 5001 1980 5450 146 1372 3177 7218 1137 5875 3505 2824 1737 2137 777 5866 218 7707 2871 2524 4641 4092 311 1067 1309
internal_value=5.98422e-05 -0.0416264 0.0365084 0.0564563 -0.0664282 -0.0209306 0.0171347 0.0694844 -0.0785587 0.00854972 0.0269067 0.0456187 -0.0522718 -0.0323869 -0.0309673 -0.0126013 -0.0098362 -0.0596768 0.0128686 -0.0130401 0.013936 0.0109577 -0.08335 -0.0198022 -0.0327651 0.0321002 -0.00902806 -0.00896555 -0.0278764 -0.0217202
internal_weight=8364.74 3902.01 4462.73 2198.78 1774.93 2127.07 2263.95 998.483 955.865 1205.17 1058.78 1200.3 819.069 895.447 844.466 1231.63 889.902 346.399 774.03 609.289 737.953 538.756 641.126 341.724 760.629 598.427 392.243 36.0772 353.314 175.334
internal_count=100231 57910 42321 17409 29492 28418 24912 6766 16609 13898 11014 10643 12883 12720 11912 15698 11198 5665 8678 7693 8221 6084 11159 4500 10775 6013 4869 457 4900 2376
is_linear=0
shrinkage=0.05


Tree=1
num_leaves=31
num_cat=0
split_feature=9 9 9 31 9 9 9 9 31 9 9 19 2 9 31 7 31 31 12 19 1 14 9 1 1 34 4 2 4 19
split_gain=10099.1 1849.19 1659.72 318.601 236.117 221.932 179.844 74.9781 42.0944 37.887 33.8812 42.0839 32.9781 32.3946 24.6381 23.9085 26.9331 22.7827 22.2764 24.3192 22.2746 37.981 22.1884 20.1991 19.7716 19.488 27.1743 21.7584 29.8537 20.5171
threshold=0.029999999999999954 1.3150000000000002 -0.60499999999999987 35.500000000000007 0.44500000000000012 -0.79499999999999993 -0.36499999999999994 2.9050000000000002 14.500000000000002 0.81000000000000016 1.97 -0.097590129169076514 -0.0071434794513727693 -0.86499999999999988 24.500000000000004 0.038461538461538457 11.500000000000002 50.500000000000007 0.16291708796764412 0.34835085175788333 0.87017182444292829 0.15795414043008202 1.865 0.3547990141204399 0.92907505800718992 10.500000000000002 0.4115966386554622 0.033568715713539886 -0.067961165048543645 0.093836325966850917
decision_type=2 2 2 2 2 2 2 2 2 2 2 2 2 2 2 2 2 2 10 2 10 10 2 8 10 8 8 2 8 2
left_child=2 4 5 10 8 13 -4 22 24 25 11 -3 -8 -1 23 16 -11 -9 19 -12 -18 -22 -5 -10 -2 26 -6 28 -27 -30
right_child=1 3 6 7 9 -7 12 17 14 15 18 -13 -14 -15 -16 -17 20 -19 -20 -21 21 -23 -24 -25 -26 27 -28 -29 29 -31
leaf_value=-0.079516119533382085 -0.0015145362680996652 0.0040488480868971916 -0.032739744948123962 0.041777211842228476 0.021820537378478042 -0.051612020698713672 -0.020949633097028172 0.061968912355763031 0.020549233002623998 -0.06782190480652002 0.041397727614742481 0.033844777932468831 -0.011386060396253983 -0.066897099660331652 0.026216388478857617 0.023389666255793765 0.01745264216783865 0.076374905688323544 0.05844823818107843 0.0081884601913597387 -0.039847517236891027 0.023811398943687979 0.055643381735520109 0.0040820426291932549 -0.048104331660463233 -0.013297276814082208 -0.015930672331150215 0.026089396162829889 0.014455069242116401 0.0045397649997138845
leaf_weight=1283.6646612808108 2515.9943776354194 125.48415714502335 2557.1320723854005 412.61631053686142 821.63301387801766 2104.5183479022235 1575.8156193345785 562.11734017729759 212.93896646797657 9.6957242116332036 1056.6865240484476 2131.2059962898493 2106.2628682889044 842.29526955075562 168.08879408240318 2396.5449984744191 1332.2340615987778 536.28073625266552 183.89024457335472 58.162211745977402 46.491804480552673 47.237610444426537 959.14841370284557 1484.2773705348372 22.979959696531296 133.91025014966726 50.604973994195461 219.48979375511408 1492.8845660053194 802.00937231257558
leaf_count=11159 9283 212 14256 595 1713 14887 7271 805 490 51 1499 3200 8867 6892 274 3920 2509 788 235 98 100 74 1383 3669 97 311 140 429 3194 1830
internal_value=1.37757e-05 0.0229517 -0.038946 0.0454739 0.0114088 -0.0631223 -0.0225533 0.0592675 0.00225356 0.0168929 0.0358907 0.032188 -0.015479 -0.0745165 0.0079565 0.020333 0.0152304 0.0690025 0.0423247 0.0396652 0.0157951 -0.00776479 0.0514725 0.00614808 -0.00193622 0.0131482 0.0196303 0.0110133 0.00965086 0.0109899
internal_weight=28252.3 17782.6 10469.7 6025.59 11757 4230.48 6239.21 2470.16 4404.28 7352.74 3555.43 2256.69 3682.08 2125.96 1865.31 3832.2 1435.66 1098.4 1298.74 1114.85 1425.96 93.7294 1371.76 1697.22 2538.97 3520.53 872.238 2648.29 2428.8 2294.89
internal_count=100231 36899 63332 8815 28084 32938 30394 3571 13813 14271 5244 3412 16138 18051 4433 6654 2734 1593 1832 1597 2683 174 1978 4159 9380 7617 1853 5764 5335 5024
is_linear=0
shrinkage=0.05


Tree=2
num_leaves=31
num_cat=0
split_feature=9 9 9 31 9 9 9 9 9 9 19 9 2 12 2 2 31 35 31 0 34 2 34 7 32 10 1 31 5 7
split_gain=7016.52 1666.6 926.444 285.008 282.456 129.84 108.245 55.3798 40.0226 29.3192 42.7948 26.5491 25.5328 22.9901 20.5062 20.1492 19.416 19.3198 24.8245 18.2936 17.2929 21.2037 25.7361 21.2378 22.6872 17.8356 23.9592 28.5958 22.8115 17.941
threshold=-0.11000000000000001 1.3150000000000002 -0.67499999999999993 35.500000000000007 0.44500000000000012 -0.4549999999999999 -0.82499999999999984 2.2100000000000004 0.22499999999999995 1.97 -0.088082901554404167 0.69500000000000006 -0.0058320528724992724 0.16291708796764412 -0.035287834320115223 -0.017257039055404162 48.500000000000007 17.500000000000004 20.500000000000004 13.618340762686431 18.500000000000004 -0.040159470538994345 28.500000000000004 1.0000000180025095e-35 48.500000000000007 0.11667712254286911 0.87656599190619378 24.500000000000004 0.22640864156105622 0.27307692307692316
decision_type=2 2 2 2 2 2 2 2 2 2 2 2 2 10 2 2 2 2 2 8 8 2 8 2 10 10 10 2 10 2
left_child=2 4 6 9 8 -4 -1 -5 14 10 -3 -6 -7 17 -2 -10 -9 -11 -19 -20 -13 22 23 24 -22 26 27 28 29 -23
right_child=1 3 5 7 11 12 -8 16 15 13 -12 20 -14 -15 -16 -17 -18 18 19 -21 21 25 -24 -25 -26 -27 -28 -29 -30 -31
leaf_value=-0.070775818900823462 -0.013202538144103715 -0.00028016863256872274 -0.035552911627355945 0.044536586577734447 0.010098171708483353 -0.024332292405626468 -0.051761548741980662 0.056953535684547973 -0.0018434027122284553 0.043730054649975418 0.030833195451337558 0.019269081383377431 -0.014869176863743699 0.057160335275119503 -0.0024719094028679538 0.0082365674981989979 0.06900475420168696 -0.024532863618109399 -0.024160616611002484 0.033509500736191959 0.029768821367891121 0.0037788251972768619 -0.025359801189673743 0.019199489165335232 -0.056067867026770517 0.019840008321434208 -0.024734799133054042 0.030257132475426132 -0.037767666738235138 0.035489423425487603
leaf_weight=1443.8370263399556 534.70783018320799 117.48161028325558 1957.3291023299098 609.91902534663677 2118.9153613448143 1242.4550902526826 1554.2151885768399 699.43336926400661 779.62691400572658 463.80941944569349 1864.80753108114 2834.5232363641262 1672.0887061208487 151.739736802876 2660.2854582630098 1361.644446272403 640.09263037890196 20.244343154132366 14.141297638416289 498.32798510789871 11.976677425205706 332.8169820420444 74.245101936161518 130.91564380377531 21.547610275447369 849.10792525857687 49.412673346698284 150.25246599316597 29.261753901839256 51.50739249587059
leaf_count=14924 2230 247 13880 1107 5341 7182 13408 1228 2561 703 3165 5542 8516 235 10284 4160 1236 44 32 818 29 783 174 241 68 1593 97 230 71 102
internal_value=8.7243e-06 0.0180155 -0.03905 0.0420177 0.00784674 -0.0255924 -0.0609187 0.0570256 -0.000722861 0.032672 0.0289892 0.0147188 -0.0189033 0.0390297 -0.00426777 0.0045665 0.0627122 0.0362689 0.0297729 0.0319181 0.0168774 0.012892 -0.00092559 0.0101065 -0.0254024 0.0151473 0.00864975 0.0115755 0.00478855 0.0080287
internal_weight=24940.7 17070.7 7869.93 5080 11990.7 4871.87 2998.05 1949.45 5336.26 3130.55 1982.29 6654.48 2914.54 1148.26 3194.99 2141.27 1339.53 996.523 532.714 512.469 4535.57 1701.04 238.685 164.44 33.5243 1462.36 613.251 563.839 413.586 384.324
internal_count=100231 42321 57910 8815 33506 29578 28332 3571 19235 5244 3412 14271 15698 1832 12514 6721 2464 1597 894 850 8930 3388 512 338 97 2876 1283 1186 956 885
is_linear=0
shrinkage=0.05


Tree=3
num_leaves=31
num_cat=0
split_feature=9 9 9 31 9 9 9 9 31 9 19 9 12 33 34 19 36 19 2 12 17 2 33 31 1 12 9 1 31 36
split_gain=5469.23 1183.53 934.301 240.238 151.954 148.869 87.106 43.3126 30.9546 26.9926 23.5915 20.5181 19.0881 18.342 17.0505 16.6015 16.5743 21.5091 16.6599 15.8443 15.6279 15.2961 15.0277 19.9899 22.6905 18.7998 14.8319 14.428 18.1336 16.0531
threshold=1.0000000180025095e-35 1.3150000000000002 -0.58999999999999986 35.500000000000007 -0.79499999999999993 0.60500000000000009 -0.36499999999999994 2.2100000000000004 14.500000000000002 1.97 -0.04859616898451842 -0.90499999999999992 0.16291708796764412 56.150000000000013 59.500000000000007 0.34835085175788333 4.5000000000000009 -1.0000000180025095e-35 0.078051417270929499 0.066915422885572159 1.0000000180025095e-35 -0.017551130968138807 54.750000000000007 15.500000000000002 0.52874706436616048 0.063914893617021282 0.435 0.49566584324122537 15.500000000000002 11.500000000000002
decision_type=2 2 2 2 2 2 2 2 2 2 2 2 10 2 8 2 2 2 2 8 10 2 2 2 8 8 2 10 2 2
left_child=2 5 4 9 11 8 21 -5 16 10 -3 -1 15 -8 -6 -11 17 -2 -18 -12 -10 -4 -7 25 -25 -24 -19 28 -21 -29
right_child=1 3 6 7 14 22 13 -9 20 12 19 -13 -14 -15 -16 -17 18 26 -20 27 -22 -23 23 24 -26 -27 -28 29 -30 -31
leaf_value=-0.072863042518732171 0.01393423671141095 0.009455666857757318 -0.035433845975254667 0.042656649487539583 -0.040764045743372675 0.023654521046170003 -0.0079683585055160388 0.059987708465329484 0.0053992206638448399 0.03607744587411197 0.012455291517994224 -0.060317935182059225 0.054835484089766066 -0.016133661404205801 -0.054558623903816522 0.0047737562187471841 -0.0048691954521381904 -0.0052898642739438659 0.035103376816598773 -0.010633893927355628 0.018736250959742729 -0.024575449146507437 -0.021340457087708549 0.021784013616235207 0.013143720502630447 0.0087542306061719321 0.015135080258272199 0.029027881488558973 0.041374715375684601 0.0036726931397925975
leaf_weight=455.53683089092374 351.72045740485191 172.61269130557775 424.63781917374581 525.93271439522505 1552.839533473365 443.94034396111965 1069.6829232852906 1146.0668768659234 2318.9215603619814 862.9073753207922 134.94530408829451 1145.6002879552543 132.82166914641857 1926.3409680891782 261.76854065619409 44.540276885032654 1580.7169971726835 495.00936066173017 26.50396803766489 17.594429783523083 242.62709414958954 1373.026030161418 56.211719673126936 1036.831707008183 2844.3426756486297 675.53160997480154 108.3347912542522 1088.5697218105197 353.38209629058838 66.223611250519753
leaf_count=4584 1334 397 3273 1107 13875 911 5483 2464 6016 1499 265 13467 235 10453 2592 98 6796 2076 81 48 614 9403 206 2072 5607 2198 375 1974 586 142
internal_value=2.37279e-05 0.0182537 -0.0326777 0.039467 -0.0526602 0.0087822 -0.0184392 0.0545362 0.00277564 0.030699 0.0270486 -0.0638871 0.0371322 -0.0132184 -0.042754 0.034541 -0.00111009 0.00410661 -0.00421003 0.0288772 0.00666249 -0.0271404 0.0148683 0.0140227 0.0154519 0.00644239 -0.00162242 0.0303297 0.0389081 0.0275738
internal_weight=22935.7 14726.3 8209.43 4545.6 3415.75 10180.7 4793.69 1672 5123.83 2873.6 1833.33 1601.14 1040.27 2996.02 1814.61 907.448 2562.29 955.065 1607.22 1660.72 2561.55 1797.66 5056.86 4612.92 3881.17 731.743 603.344 1525.77 370.977 1154.79
internal_count=100231 37101 63130 8815 34518 28286 28612 3571 17292 5244 3412 18051 1832 15936 16467 1597 10662 3785 6877 3015 6630 12676 10994 10083 7679 2404 2451 2750 634 2116
is_linear=0
shrinkage=0.05


Tree=4
num_leaves=31
num_cat=0
split_feature=9 9 9 31 9 9 31 9 9 31 12 9 1 4 19 34 19 5 13 34 34 4 2 2 14 0 5 4 8 31
split_gain=4431.26 1145.72 584.865 197.836 195.497 80.9951 72.0278 35.8559 25.5012 18.7822 22.3653 17.987 19.7661 26.1468 24.8022 17.2241 27.307 16.5404 16.6159 15.575 15.5095 20.2424 19.046 18.1667 15.6505 22.8343 16.8721 15.5047 20.7437 14.3542
threshold=-0.11000000000000001 1.3150000000000002 -0.67499999999999993 35.500000000000007 0.44500000000000012 -0.435 1.5000000000000002 2.2100000000000004 0.22499999999999995 22.500000000000004 0.12251481237656354 0.91000000000000003 0.84206430712827229 -0.15364911314021826 0.24535213214458498 36.500000000000007 0.0085476329631793985 0.2055065244463696 0.21896404109589043 33.500000000000007 10.500000000000002 0.4115966386554622 -0.052857760538113883 0.080907728491765765 0.17891563075049319 13.841058515185049 0.22805827691084996 0.17023034992087224 0.095695970695970703 24.500000000000004
decision_type=2 2 2 2 2 2 2 2 2 2 10 2 10 10 2 10 2 10 8 10 8 10 2 2 10 10 8 8 10 2
left_child=2 4 6 9 8 -4 -1 -5 -2 10 -3 12 20 -14 17 -10 -17 18 19 -15 21 23 -22 24 26 -26 -6 -27 -29 -13
right_child=1 3 5 7 11 -7 -8 -9 15 -11 -12 29 13 14 -16 16 -18 -19 -20 -21 22 -23 -24 -25 25 27 -28 28 -30 -31
leaf_value=-0.063962086887993638 -0.0041099032847841093 0.016509934611045628 -0.030098688366077948 0.040642210495399823 0.021563952740696755 -0.016070231848357149 -0.046465115274193149 0.057324520799839421 0.0047487618772690948 0.03187396316986895 0.035186629879323299 0.012992376098375053 -0.048907668796364288 0.011480739043870432 -0.042803591665942116 0.016456158583777903 -0.027474582950780702 -0.014494169602700389 0.041926290485768625 -0.029173024449262647 -0.0040581956308226464 -0.029034690917878359 0.010990348239505619 -0.051999785127520418 -0.020056867497337805 0.030395677245376358 0.080414339333371554 0.033913620120696 -0.067945839319933352 0.021014910255939746
leaf_weight=961.61759542394429 2810.5068784467876 500.79542475193739 1909.978517791722 471.49531888961792 661.06163450703025 2230.485303465277 1514.6231635985896 1016.5416888445616 1779.640119291842 1928.5824475213885 235.75139053165913 1589.8672854974866 25.616773925721645 226.04908488690853 27.239838249981403 53.659128043800592 103.80284481868148 73.845408447086811 40.008510295301676 26.300610460340977 234.28751014173031 22.90898010134697 2050.152456600219 9.0119535177946073 57.218071267008781 74.825088150799274 12.407593891024588 9.5971368104219454 10.430856361985205 858.71585857868195
leaf_count=13124 12514 1114 15825 1107 1596 13753 15208 2464 6127 3662 468 3730 76 509 88 169 425 173 86 74 667 79 5325 22 144 152 20 23 23 1484
internal_value=1.61186e-05 0.015128 -0.0340376 0.0374342 0.00651595 -0.0225415 -0.0532598 0.0520386 -0.00106764 0.02928 0.0224879 0.0125071 0.0102388 3.86654e-05 0.00322552 0.00334632 -0.0125041 0.00664937 0.0119899 0.00724369 0.0115992 0.0173332 0.009447 0.018606 0.0193768 0.00488906 0.0226482 0.0199371 -0.0191362 0.0158059
internal_weight=21527 14910.3 6616.7 4153.17 10757.2 4140.46 2476.24 1488.04 4747.61 2665.13 736.547 6009.54 3560.96 419.06 393.443 1937.1 157.462 366.204 292.358 252.35 3141.9 857.461 2284.44 834.552 825.54 152.071 673.469 94.8531 20.028 2448.58
internal_count=100231 42321 57910 8815 33506 29578 28332 3571 19235 5244 1582 14271 9057 1006 930 6721 594 842 669 583 8051 2059 5992 1980 1958 342 1616 198 46 5214
is_linear=0
shrinkage=0.05


Tree=5
num_leaves=31
num_cat=0
split_feature=9 9 9 9 9 9 9 12 9 9 39 39 34 1 2 33 2 0 7 35 13 1 39 14 9 4 9 7 6 19
split_gain=3784.85 956.579 477.255 150.865 139.891 91.4043 30.3481 26.3693 24.7341 23.5196 23.8374 21.9069 21.2372 24.8109 28.4107 21.3988 19.1514 19.1131 25.0885 18.3173 17.4763 29.4232 16.7111 16.2172 16.0237 15.6087 15.45 15.3289 14.787 20.4902
threshold=-0.11000000000000001 1.3150000000000002 -0.58999999999999986 0.44 2.4250000000000003 -0.79499999999999993 -0.34499999999999992 0.071685508735868458 3.6850000000000001 0.10499999999999997 5.5000000000000009 10.500000000000002 7.5000000000000009 0.55308551697326747 0.0045426330378695199 62.050000000000004 -0.026849684922190965 14.871915628949568 1.0000000180025095e-35 19.500000000000004 0.12254524451289951 0.85000809450353831 6.5000000000000009 0.051930310127031448 -0.90499999999999992 -0.20711833932657728 1.2450000000000003 0.3115384615384616 0.080896942505173194 -0.072595520421607343
decision_type=2 2 2 2 2 2 2 8 2 2 2 2 8 10 2 2 2 8 2 2 10 10 2 8 2 8 2 2 8 2
left_child=2 3 5 9 7 24 16 23 11 -2 20 -6 19 27 15 17 -4 -15 -19 25 -11 -22 -9 -3 -1 -5 -27 -14 29 -24
right_child=1 4 6 12 8 -7 -8 22 -10 10 -12 -13 13 14 -16 -17 -18 18 -20 -21 21 -23 28 -25 -26 26 -28 -29 -30 -31
leaf_value=-0.065325360924252882 -0.0051956276585779417 -0.036802042902598885 -0.036317208542699431 -0.039983097353367171 0.052915806750335276 -0.038846403115781497 -0.014289724796295115 0.043434003506686698 0.06024752243532714 0.037244208765057393 0.0010592491709445183 0.036977409398171616 0.013123534341828565 -0.0041482776819915038 0.015380653018407754 0.036293155427521852 -0.021683100122915206 -0.0068785284541864333 0.0095741524970567732 0.035469329880176252 -0.017658589599791764 0.040782163221751204 -0.02216633294855043 0.017649306362639776 -0.053210617121864728 0.018472438035920035 -0.015199686930871967 0.027124968657006157 0.031227156614388647 0.023463364166605733
leaf_weight=376.00033455714583 1722.6269493326545 14.359193332493303 263.97626515477896 12.37842673063278 420.86875028908253 1563.2597573669627 1554.4555309228599 234.49006886035204 367.03497204184532 80.751565620303154 2533.3546433802694 442.01710199564695 1827.5422725602984 567.27814837917686 824.77178722992539 51.606702670454979 1460.4763630903326 283.37513273954391 1270.8429306447506 140.49490551277995 54.973607264459133 35.410950973629951 26.608474113047123 286.5856077671051 995.848173934035 638.54285832867026 35.986321218311787 218.89504868909717 1777.7194590419531 326.46278028190136
leaf_count=4514 8496 35 2405 38 1155 16431 9667 655 894 155 9993 910 4820 1531 1901 115 11363 867 2965 291 125 75 62 652 13493 1483 82 539 3756 685
internal_value=7.7181e-05 0.0143235 -0.0324663 0.0063401 0.0354263 -0.0471121 -0.0193562 0.0289914 0.0493757 -0.000629251 0.00227931 0.0447513 0.0115948 0.010377 0.00747974 0.00448105 -0.0239233 0.0037072 0.00657439 0.0190195 0.02034 0.00523739 0.0307651 0.0150512 -0.0565311 0.015655 0.016676 0.0146212 0.0293709 0.0200246
internal_weight=20409 14195 6214.02 10298.8 3896.15 2935.11 3278.91 2666.23 1229.92 4427.12 2704.49 862.886 5871.71 5044.31 2997.87 2173.1 1724.45 2121.5 1554.22 827.403 171.136 90.3846 2365.28 300.945 1371.85 686.908 674.529 2046.44 2130.79 353.071
internal_count=100153 42280 57873 33476 8804 34438 23435 5845 2959 18844 10348 2065 14632 12738 7379 5478 13768 5363 3832 1894 355 200 5158 687 18007 1603 1565 5359 4503 747
is_linear=0
shrinkage=0.05


Tree=6
num_leaves=31
num_cat=0
split_feature=9 9 9 31 31 9 9 9 9 9 2 5 6 34 19 11 11 5 32 39 19 9 9 2 34 5 13 10 31 38
split_gain=3199.08 828.229 415.35 159.009 124.59 78.5915 28.1389 27.595 27.5169 26.9116 29.961 20.1606 17.4812 15.4365 20.269 17.7404 16.2334 19.2888 19.2682 16.783 14.7188 14.25 14.1939 14.1862 14.1687 15.4802 14.9784 17.6746 16.1399 13.8854
threshold=-0.10000000000000003 1.3150000000000002 -0.58999999999999986 35.500000000000007 14.500000000000002 -0.79499999999999993 -0.34499999999999992 1.865 0.63000000000000023 0.19499999999999998 -0.0066472031825898286 0.24325623700623702 0.10716708664469859 7.5000000000000009 0.034482758620689731 0.065489186941152022 0.1007282625987662 0.16715329400531953 68.500000000000014 8.5000000000000018 0.047619047619047554 -0.91499999999999992 3.1899999999999999 -0.026849684922190965 10.500000000000002 0.05014537955050672 0.21778656126482215 0.086974882491186858 27.500000000000004 1950.0000000000002
decision_type=2 2 2 2 2 2 2 2 2 2 2 10 8 8 2 10 8 10 8 2 2 2 2 2 10 10 8 10 2 2
left_child=2 4 5 12 9 21 23 -5 11 -2 -11 24 22 14 15 -10 17 19 -19 -16 -13 -1 -3 -4 -6 -26 27 28 -27 -17
right_child=1 3 6 7 8 -7 -8 -9 13 10 -12 20 -14 -15 16 29 -18 18 -20 -21 -22 -23 -24 -25 25 26 -28 -29 -30 -31
leaf_value=-0.063898186970209186 -0.0064812327822874292 0.020829390805436613 -0.033830693627870875 0.031614262842619804 0.012377130399541875 -0.036738902029997467 -0.013327796814965032 0.051701230432995716 0.051079427198897943 -0.003594903424878876 0.0087849785088978654 -0.052228510258480881 0.030420446115923247 0.01153353175012156 0.057026642082514151 0.0081496519254352119 0.034482016883240964 0.0020795119586591421 -0.08752558231802722 0.0091355698462222829 0.0073651208200706825 -0.050931551749435311 0.050177200840953576 -0.020770695510000298 -0.024211565513839246 0.01355257880550723 0.018421028033739083 0.0011265739450551432 0.08096750285627223 -0.030073805271392858
leaf_weight=267.10042832605541 1558.2303388025612 1113.7919828929007 244.45284045301378 204.84368003159761 765.91606876254082 1481.3149181259796 1554.4614949673414 1034.2230380326509 19.8669298812747 1022.2630967088044 936.39391676709056 25.352011516690254 1264.6846897862852 3294.7888505496085 26.465120002627373 124.94800517708063 250.53637830913067 21.744331188499931 8.2855734527111036 59.248173959553242 17.522809036076069 1024.9665060848929 42.781813338398933 1391.788471297361 46.58695026487112 214.51306081190705 185.34326557815075 1296.8535037413239 9.2616159021854383 29.338446274399757
leaf_count=3418 8460 2498 2405 584 2056 16431 10057 2948 38 4644 3840 78 2691 7580 42 281 487 50 21 141 52 14589 83 11363 146 648 510 3931 15 66
internal_value=7.56942e-05 0.0134868 -0.030447 0.0338126 0.00598197 -0.0445998 -0.0181452 0.0483804 0.0101382 -0.00157753 0.00232367 0.00612535 0.0263576 0.0128182 0.0206506 0.00660771 0.0273275 0.0118409 -0.0226435 0.0239226 -0.0278728 -0.0536121 0.021915 -0.0227218 0.00670414 0.00422489 0.00500144 0.00336578 0.0163428 0.000881244
internal_weight=19537.9 13573.8 5964.08 3660.33 9913.46 2773.38 3190.7 1239.07 6396.57 3516.89 1958.66 2561.35 2421.26 3835.22 540.433 174.153 366.28 115.743 30.0299 85.7133 42.8748 1292.07 1156.57 1636.24 2518.47 1752.56 1705.97 1520.63 223.775 154.286
internal_count=100153 41890 58263 8804 33086 34438 23825 3532 16142 16944 8484 7436 5272 8706 1126 385 741 254 71 183 130 18007 2581 13768 7306 5250 5104 4594 663 347
is_linear=0
shrinkage=0.05


Tree=7
num_leaves=31
num_cat=0
split_feature=9 9 9 31 9 9 9 9 31 34 1 9 19 3 6 7 3 8 14 2 5 37 6 18 1 9 2 10 14 33
split_gain=2745.48 626.567 466.807 140.287 69.7165 68.9946 44.1902 24.5163 22.3638 21.3195 15.8197 14.8659 24.2608 14.1708 15.716 15.2307 17.9463 18.3862 22.0359 15.3251 19.4916 15.0658 17.7567 17.0542 14.8316 15.0106 18.0436 16.178 16.0679 14.058
threshold=1.0000000180025095e-35 1.3150000000000002 -0.58999999999999986 35.500000000000007 -0.80499999999999994 0.58000000000000018 -0.34499999999999992 1.865 14.500000000000002 7.5000000000000009 0.89182867374079489 1.97 -0.088082901554404167 0.98567458689752019 0.13171636725643696 0.25000000000000006 0.70652829726553945 0.12933094384707292 0.12791937323350031 0.0015519196150367285 0.12626436407485594 3.5000000000000004 0.077934422991457225 0.44097222222222227 0.55308551697326747 1.2300000000000002 0.029000841418492632 0.12151005359853768 0.039831823149878369 56.050000000000004
decision_type=2 2 2 2 2 2 2 2 2 8 10 2 2 10 10 2 8 8 10 2 10 2 10 10 8 2 2 10 10 2
left_child=2 5 4 11 -1 8 -4 -5 -2 -7 13 12 -3 15 21 24 -17 18 19 20 -18 22 -15 -24 -11 26 -26 28 -27 -10
right_child=1 3 6 7 -6 9 -8 -9 29 10 -12 -13 -14 14 -16 16 17 -19 -20 -21 -22 -23 23 -25 25 27 -28 -29 -30 -31
leaf_value=-0.05172343885242095 -0.001269768215189675 -0.0023122611758802005 -0.021580361081381491 0.030045032124554612 -0.035304919597270036 0.019576743768941876 -0.010718805354194963 0.049599087820009109 0.013039913448802749 0.015300744821065113 -0.0017154745817959931 0.030298415150236648 0.023640974045509723 -0.022540061720288385 0.015946261476132029 -0.0019795501455580683 -0.0061716950202899239 0.035244856821544983 -0.0060462608089752951 0.050532979540796254 0.053363085985452086 -0.012317648527289568 0.0040186330255873271 0.040482238221780736 0.0041413894991695482 -0.050538171790949493 0.022393284115435893 0.039320070483775706 0.015284321740709449 0.0035465756890895581
leaf_weight=1126.2229522881098 2166.4544611722231 96.203203901648521 1564.7133929133415 192.71778427064419 1518.0767938867211 643.19718437641859 2332.2308898922056 952.79902637004852 530.2884135581553 994.67744305729866 279.08737100660801 835.67550184950233 1406.8303951211274 38.702505603432655 167.70674178004265 75.858881324529648 43.862673781812191 198.83426986634731 82.059725269675255 45.197540588676929 20.024689301848412 191.14660432562232 102.04119566828012 46.76123034954071 1343.1712180785835 10.393824726343153 150.58994628861547 73.573280714452267 85.863395065069199 1473.6834982596338
leaf_count=16583 10568 250 13768 584 17855 1539 14892 2948 1566 2614 689 1817 3205 110 433 198 140 422 230 95 38 540 281 94 3470 30 340 167 192 4495
internal_value=7.03728e-05 0.0140385 -0.0260827 0.0319739 -0.0422977 0.00690749 -0.01508 0.0463094 0.0022517 0.0111352 0.00976041 0.0249522 0.0219798 0.010633 0.00320399 0.0119322 0.0202719 0.0246002 0.0135274 0.0282517 0.0124887 -0.00243963 0.00763024 0.0154773 0.0104708 0.00758286 0.00598141 0.0216686 0.00817683 0.00605869
internal_weight=18788.6 12247.4 6541.24 3484.23 2644.3 8763.18 3896.94 1145.52 4170.43 4592.75 3949.55 2338.71 1503.03 3670.47 546.358 3124.11 465.838 389.979 191.145 109.085 63.8874 378.652 187.505 148.802 2658.27 1663.59 1493.76 169.831 96.2572 2003.97
internal_count=100153 37055 63098 8804 34438 28251 28660 3532 16629 11622 10083 5272 3455 9394 1458 7936 1123 925 503 273 178 1025 485 375 6813 4199 3810 389 222 6061
is_linear=0
shrinkage=0.05


Tree=8
num_leaves=31
num_cat=0
split_feature=9 9 9 31 9 9 31 31 5 9 11 9 2 7 6 19 16 34 2 8 34 13 19 9 4 2 14 6 10 8
split_gain=2392.29 608.234 308.255 121.527 106.861 55.0039 27.8889 27.6906 22.6449 21.1822 16.8624 16.421 15.6472 17.0468 18.0995 15.915 15.9555 15.3066 15.6777 17.8282 15.0293 14.9512 14.7782 14.6607 15.065 20.6789 21.3306 13.4429 13.3651 18.9029
threshold=-0.11000000000000001 1.3300000000000003 -0.70999999999999985 35.500000000000007 0.58000000000000018 -0.46999999999999992 1.5000000000000002 20.500000000000004 0.061235264961317162 1.865 0.071499573984663459 0.10499999999999997 -0.016353157874229567 0.076923076923076941 0.11882623044913189 0.065088757396449745 -149.99999999999997 7.5000000000000009 -0.024280885816023293 0.20638945233265724 47.500000000000007 0.28653530377668313 0.025641025641025657 0.91000000000000003 0.050290570237064881 -0.0056134174373370354 0.24624765478424018 0.10716708664469859 0.10861644314146869 0.16172624237140368
decision_type=2 2 2 2 2 2 2 2 10 2 8 2 2 2 8 2 8 8 2 10 10 10 2 2 8 2 8 8 10 8
left_child=2 4 6 27 7 20 -1 11 -9 -5 -10 -2 13 22 -15 16 -14 -6 19 -19 -4 23 -12 -20 25 26 -25 -3 -24 -30
right_child=1 3 5 9 17 -7 -8 8 10 -11 12 -13 15 14 -16 -17 -18 18 21 -21 -22 -23 28 24 -26 -27 -28 -29 29 -31
leaf_value=-0.052013111520816314 -0.0052101191048896968 0.019783815565098478 -0.025316042231924026 0.028814844022813736 0.018380246721128379 -0.014419448659160637 -0.039321613981017023 -0.037976284728026964 0.045935025756105696 0.047572975491516623 -0.012858886675014003 0.0012687163701760966 0.050436035801370988 0.0032282871066964835 -0.040091644303070745 0.001166861201558429 0.017396693287103703 0.0061695978078095516 0.0087078177470575769 -0.032985354141809642 -0.043041168652559969 -0.054608381742743239 0.056914829580621773 -0.021569100733649062 0.020002664807591931 0.014875661528218696 0.036664760567806057 0.027559363047906182 -0.032161765916190979 0.041391088990877137
leaf_weight=768.66643403936177 1489.1173055693507 1066.7394047491252 1344.1772315558046 181.42712057754397 626.37072982266545 2203.9662045668811 990.81128800753504 23.379088990390301 34.853614278137684 882.81688142567873 33.578274011611938 2849.5081787332892 44.258686549961567 53.831402137875557 43.67420981824398 121.73366920650005 209.57477636262774 1161.4896155297756 1356.2994924783707 29.818253964185715 131.27075858833268 8.3716409429907781 24.558149106800556 85.373300220817327 849.69738236814737 308.75692497566342 19.275400206446648 1160.6936434805393 15.640345402061937 19.785081870853901
leaf_count=13083 8349 2557 14231 581 1546 16708 12236 71 76 2948 85 11944 100 145 120 312 499 3155 3775 79 1615 23 54 220 2109 738 41 2654 50 49
internal_value=9.45747e-05 0.011977 -0.0276527 0.0304763 0.00550515 -0.0194214 -0.0448662 0.000462323 0.010303 0.0443752 0.0121795 -0.000954971 0.0101032 -0.00154573 -0.0161754 0.0160296 0.0231575 0.0111356 0.00994744 0.00518956 -0.026893 0.0121044 0.0137005 0.0123177 0.0161938 0.00836531 -0.0108429 0.0238356 0.0285683 0.00891746
internal_weight=18139.5 12700.6 5438.89 3291.68 9408.95 3679.41 1759.48 4963.49 624.867 1064.24 601.488 4338.63 566.635 191.067 97.5056 375.567 253.833 4445.45 3819.08 1191.31 1475.45 2627.77 93.5619 2619.4 1263.1 413.406 104.649 2227.43 59.9836 35.4254
internal_count=100153 42280 57873 8740 33540 32554 25319 21854 1561 3529 1490 20293 1414 503 265 911 599 11686 10140 3234 15846 6906 238 6883 3108 999 261 5211 153 99
is_linear=0
shrinkage=0.05


Tree=9
num_leaves=31
num_cat=0
split_feature=31 31 31 31 31 31 39 31 39 39 31 1 39 33 1 12 31 31 2 36 19 2 1 5 10 39 39 14 15 32
split_gain=2013.52 386.657 318.35 99.7021 63.2686 57.9663 53.6044 44.83 42.6232 34.5638 20.9005 19.911 19.7445 19.1318 21.0075 22.6137 15.4488 15.304 21.8165 14.8064 14.6709 14.0548 18.4852 14.8531 18.0556 13.8967 13.8877 13.5858 13.292 16.8318
threshold=11.500000000000002 4.5000000000000009 24.500000000000004 40.500000000000007 2.5000000000000004 15.500000000000002 7.5000000000000009 7.5000000000000009 10.500000000000002 5.5000000000000009 35.500000000000007 0.4207031179066017 9.5000000000000018 55.350000000000001 0.66971596159346813 0.045715778474399171 1.5000000000000002 44.500000000000007 -0.025287486998677378 3.5000000000000004 0.37972515597602258 -0.035287834320115223 0.57267965623473571 0.068330055603503179 0.08929447637740083 9.5000000000000018 7.5000000000000009 0.12300526271114508 1.0000000180025095e-35 49.500000000000007
decision_type=2 2 2 2 2 2 2 2 2 2 2 8 2 2 10 10 2 2 2 2 2 2 8 8 10 2 2 8 10 8
left_child=1 4 5 6 16 25 -4 11 13 17 -8 -3 -9 -7 26 -16 -1 18 -5 -20 -17 -14 -23 24 -24 -2 27 -15 -28 -30
right_child=2 7 3 9 -6 8 10 12 -10 -11 -12 -13 21 14 15 20 -18 -19 19 -21 -22 22 23 -25 -26 -27 28 -29 29 -31
leaf_value=-0.049683301553731032 -0.0031945310400016817 -0.013337103099670703 0.012545510794299705 -0.064366733150597821 -0.028844476701565404 0.016108543942082342 0.024333694107912106 -0.013479981513211538 0.016855107820400773 0.045731262028289615 0.041305176894068936 -0.024278509209667669 -0.015066298955318523 0.012949340998009201 -0.048490444381487655 0.0016692959267835242 -0.038978560879857009 0.02956123876493923 0.041181799068656086 -0.02716836511865155 -0.046630573129001984 0.0027098171544567935 -0.043657861904651936 -0.016062367943618202 0.02045020972302574 0.0041546525607840746 0.0093025692227872887 -0.0044375205503633707 0.0059127724595442526 0.034514945595600303
leaf_weight=734.95816023461521 1103.3455727081746 860.14297623746097 1186.7879957482219 11.585587874054907 1152.5222713164985 478.69139143824577 1484.8153762221336 928.593012586236 1637.4676539339125 644.69412135891616 206.65716957300901 804.89520264975727 238.45246954075992 176.13890806213021 23.665507078170776 1032.9410958141088 622.51987389894202 105.76972750946879 20.83875447511673 12.784288525581358 15.964942574501036 765.21013051271439 13.384953290224074 290.91928890161216 61.207383651286364 1542.4984721727669 889.23328042775393 310.25018410757184 85.30149070173502 129.56320674344897
leaf_count=13083 5327 7723 2672 22 14021 1305 3445 6063 4219 2336 653 7195 1567 523 78 3170 9386 393 42 23 51 4426 98 1854 305 6194 2414 1010 235 320
internal_value=5.86398e-05 -0.0221047 0.012984 0.0250223 -0.0374597 0.00702747 0.0206916 -0.012379 0.0103146 0.0406882 0.0264072 -0.0186263 -0.00785194 0.00690565 0.00525141 -0.000156373 -0.0447743 0.0191538 -0.00519541 0.0151934 0.000934145 -0.00403493 -0.00170858 -0.0109586 0.00894657 0.00108996 0.00889824 0.00185888 0.0119993 0.0231599
internal_weight=17571.8 6472.81 11099 3673.93 2510 7425.06 2878.26 3962.81 4779.22 795.672 1691.47 1665.04 2297.77 3141.75 2663.06 1072.57 1357.48 150.978 45.2086 33.623 1048.91 1369.17 1130.72 365.512 74.5923 2645.84 1590.49 486.389 1104.1 214.865
internal_count=100153 65721 34432 9586 36490 24846 6770 29231 13325 2816 4098 14918 14313 9106 7801 3299 22469 480 87 65 3221 8250 6683 2257 403 11521 4502 1533 2969 555
is_linear=0
shrinkage=0.05


Tree=10
num_leaves=31
num_cat=0
split_feature=31 31 31 31 31 39 31 31 1 39 39 39 10 31 1 39 12 34 13 12 10 14 14 19 33 19 4 14 33 6
split_gain=1760.46 344.203 281.846 115.341 51.8519 43.7666 35.1244 34.4542 27.8425 24.4302 18.5745 18.3824 17.7508 17.1141 16.674 15.9152 15.8918 18.2404 14.7663 15.9983 15.5213 16.264 15.2785 14.9804 15.7562 14.5061 14.0766 13.3696 16.5069 14.2675
threshold=11.500000000000002 3.5000000000000004 21.500000000000004 39.500000000000007 7.5000000000000009 7.5000000000000009 1.5000000000000002 14.500000000000002 0.650146342818818 5.5000000000000009 9.5000000000000018 9.5000000000000018 0.084077440272130557 31.500000000000004 0.49909990848903701 8.5000000000000018 0.068278943278943294 25.500000000000004 0.071796759941089847 0.13962038303693572 0.090310178453881937 0.078008652260984065 0.052689415847310593 0.12163327240749049 57.45000000000001 -0.093406593406593408 0.13493819356651218 0.054097090721294552 55.250000000000007 0.11225370977406508
decision_type=2 2 2 2 2 2 2 2 8 2 2 2 10 2 8 2 8 10 8 8 10 10 8 2 2 2 8 8 2 8
left_child=1 6 7 5 14 12 -1 11 15 26 -6 -2 -4 16 -3 -9 17 25 19 -14 21 -20 -22 24 -23 -7 -5 -13 -29 -30
right_child=2 4 3 9 10 13 -8 8 -10 -11 -12 27 18 -15 -16 -17 -18 -19 20 -21 22 23 -24 -25 -26 -27 -28 28 29 -31
leaf_value=-0.047671422136813954 -0.0063223360877014342 -0.01558782647164973 0.027019653230111906 0.0053228782124389515 -0.013458064601520953 -0.033942766079749977 -0.03360678549962659 0.0048938405091368785 0.0029047784985706052 0.042503943542067983 -0.0041356449231560437 -0.019106654410967174 -0.005513072215899353 0.029854028247135553 -0.024815306001183465 0.013959327194306013 0.020998171357821404 -0.055306887039442365 0.02619489132699937 -0.083155176853910495 -0.02578012279979305 -0.075180895986164537 0.012147946949206886 0.021170909496197536 -0.0012296674219279937 0.014668253896407175 0.035377774613389951 0.019040361749886867 0.006912178201317779 -0.0061611807551631365
leaf_weight=703.36930104950443 793.83410900086164 1376.3752529481426 151.69666594266891 77.099278688430786 903.80441461876035 17.164406754076481 1203.378796570003 691.27601997181773 1768.7936419956386 664.87918146327138 1307.0009686164558 61.374531287699938 45.665909759700298 514.37794184312224 759.83657065220177 1615.7129406519234 1849.4901032149792 11.628990106284617 16.929949536919594 7.762436404824256 27.171932205557823 20.293434783816341 1163.9381911419332 10.056322835385798 11.165989644825457 144.93215274065733 78.75427483767271 172.8903581071645 576.19934948906302 327.20717175677419
leaf_count=13046 4164 13851 347 234 6085 48 17174 2373 5727 2559 8211 295 119 1441 7395 4555 4357 31 39 15 62 45 2793 27 30 354 272 674 2473 1468
internal_value=3.49852e-05 -0.0210835 0.0122408 0.0212562 -0.0133147 0.0177467 -0.038795 0.00501763 0.00762436 0.0383274 -0.00794676 -0.000482962 0.0108323 0.0217104 -0.01887 0.0112429 0.01964 0.00518134 0.00894768 -0.0167934 0.0100483 -0.0151085 0.0112827 -0.0319519 -0.0489332 0.00952083 0.0205099 0.00359158 0.00488592 0.0021771
internal_weight=17074.1 6253.77 10820.3 4813.01 4347.02 3992.27 1906.75 6007.29 4075.78 820.733 2210.81 1931.51 1454.68 2537.59 2136.21 2306.99 2023.22 173.726 1302.98 53.4283 1249.56 58.4457 1191.11 41.5157 31.4594 162.097 155.854 1137.67 1076.3 903.407
internal_count=100264 65762 34502 12773 35542 9708 30220 21729 12655 3065 14296 9074 3477 6231 21246 6928 4790 433 3130 134 2996 141 2855 102 75 402 506 4910 4615 3941
is_linear=0
shrinkage=0.05


Tree=11
num_leaves=31
num_cat=0
split_feature=9 9 9 9 31 31 9 31 9 1 1 31 36 19 31 10 6 8 18 1 10 1 13 14 6 2 19 6 8 19
split_gain=1667.96 395.863 205.198 82.4701 75.659 29.6938 26.0343 21.9946 15.6707 15.5784 14.4817 15.2005 13.6776 13.6414 13.3126 14.3659 12.9905 12.9557 16.8707 15.6601 13.9497 13.2226 14.3981 14.0726 12.9354 14.4229 12.757 12.6692 17.0979 11.9354
threshold=-0.11000000000000001 1.3300000000000003 -0.65499999999999992 0.58000000000000018 35.500000000000007 1.5000000000000002 -0.48499999999999993 14.500000000000002 2.9050000000000002 0.55308551697326747 0.34552023284297856 18.500000000000004 5.5000000000000009 -0.0082988980716253279 22.500000000000004 0.14905404714424506 0.16856085066081195 0.14415584415584418 0.35504201680672276 0.65263774303303901 0.092745840733464549 0.61265980086836602 0.073350071736011491 0.10127599820912533 0.12600025606555279 0.063925102024084524 -0.081081081081081016 0.094598516101708233 0.12613636363636366 0.21767001114827211
decision_type=2 2 2 2 2 2 2 2 2 8 8 2 2 2 2 10 10 10 10 10 8 8 8 10 8 2 2 8 8 2
left_child=2 3 5 7 14 -1 -4 9 -6 -2 11 16 13 -11 15 17 -9 20 -19 -20 21 22 23 -3 25 -12 -22 -13 -29 -8
right_child=1 4 6 -5 8 -7 29 10 -10 12 24 27 -14 -15 -16 -17 -18 18 19 -21 26 -23 -24 -25 -26 -27 -28 28 -30 -31
leaf_value=-0.045781994231793972 0.00064497619419763726 0.034040009982765525 -0.022998175206739076 0.010094445655155502 0.032145764090131763 -0.032675570168393869 -0.012331182098812371 0.01139314711170525 0.045373028716370473 0.01364275931791472 0.00027428956161363601 0.0074179723849697697 -0.012670921799479479 -0.0056191245649315968 0.023401839463866148 0.037737136286281371 -0.044913249008068055 0.056741558195228831 -0.042946501022209267 0.034271888356250745 -0.036154498003194618 0.0052224616617321589 0.040830446802192555 -0.051984130601763573 0.008216078828880688 -0.039384404634095642 0.0056629911480800387 0.076346730455272793 0.015328926267276964 -0.030948537253883586
leaf_weight=679.11554155405611 1523.1039328835905 9.9100348353385943 999.90547580551356 4104.4619692433625 496.93633192405105 1188.3640622417443 1952.9360771132633 133.02113161236048 407.56461007893085 116.3007115572691 1048.2625895999372 26.634766101837158 557.36554722301662 438.44026903808117 1459.7722000330687 60.942769784480333 11.098161041736601 34.914424695074558 10.687451817095281 17.025712311267853 19.439466826617718 81.327084068208933 85.715604532510042 9.1378765627741796 681.88090323656797 23.437846951186657 295.0194649733603 27.178753033280373 19.877130255103111 90.057165926322341
leaf_count=13046 8859 20 11400 11578 1998 16327 16234 462 1614 557 3606 74 3358 2477 3634 148 44 64 30 42 73 222 205 29 2298 75 773 59 59 899
internal_value=6.24893e-05 0.0103274 -0.0243946 0.00494044 0.0260302 -0.0374418 -0.0163874 0.000348245 0.0381059 -0.00264 0.00434271 0.0165023 -0.007139 -0.0015809 0.0207887 0.0146769 0.00705717 0.0121815 0.0336212 0.00449298 0.00949899 0.0203495 0.0320925 -0.00722845 0.00283239 -0.000593037 0.00307789 0.0349743 0.0505719 -0.0131519
internal_weight=16609.8 11699.5 4910.38 8711.06 2988.39 1867.48 3042.9 4606.6 904.501 2635.21 1971.39 217.81 1112.11 554.741 2083.89 624.12 144.119 563.177 62.6276 27.7132 500.55 186.091 104.764 19.0479 1753.58 1071.7 314.459 73.6906 47.0559 2042.99
internal_count=100264 42358 57906 33506 8852 29373 28533 21928 3612 15251 6677 698 6392 3034 5240 1606 506 1458 136 72 1322 476 254 49 5979 3681 846 192 118 17133
is_linear=0
shrinkage=0.05


Tree=12
num_leaves=31
num_cat=0
split_feature=9 9 9 9 31 9 9 2 1 12 9 14 12 11 32 2 12 0 34 31 1 8 8 19 11 18 33 1 11 9
split_gain=1485.02 320.352 243.646 60.4412 49.453 35.4127 26.8878 19.9925 16.7652 17.6691 21.169 16.3333 14.3397 14.3176 15.3826 14.2928 13.6977 14.2645 13.8679 15.0202 14.0033 14.3356 13.3746 20.4622 17.877 13.2617 14.3382 13.0374 12.8571 12.2594
threshold=1.0000000180025095e-35 1.5250000000000001 -0.60499999999999987 0.60500000000000009 35.500000000000007 -0.85499999999999987 -0.34499999999999992 0.0025005517139915479 0.88382922348049686 0.10916730328495035 1.0750000000000004 0.054097090721294552 0.13586239961644495 0.071353698712189287 61.500000000000007 -0.071130988563139888 0.15643825301204822 15.499334589661457 13.500000000000002 19.500000000000004 0.36798273249835062 0.093386627906976757 0.20550527903469082 0.1460674157303371 0.10418076229138477 0.10263157894736843 61.050000000000004 0.041375526352038498 0.096302241246061487 0.29000000000000009
decision_type=2 2 2 2 2 2 2 2 10 8 2 8 10 10 8 2 10 10 8 2 8 10 10 2 10 8 2 8 8 2
left_child=2 3 5 7 16 -1 -4 29 9 -5 15 -9 13 -12 -15 -11 17 18 -3 20 -20 -22 24 -24 -10 -17 -27 -13 -21 -2
right_child=1 4 6 8 -6 -7 -8 11 22 10 12 27 -14 14 -16 25 -18 -19 19 28 21 -23 23 -25 -26 26 -28 -29 -30 -31
leaf_value=-0.043670010435499007 -0.0046231839816577814 0.025256406166171738 -0.017910641392463702 0.0080642470751871326 0.037749477208171192 -0.029814759244225986 -0.0090119149202344279 -0.013675476403102814 -0.020345580556709982 -0.01173744341090637 -0.0053966353296480904 0.069275395266961373 0.014415878895659926 0.020973938535546993 0.041527957056214544 0.027886640235670321 0.03338987961729984 0.031478661997698075 0.032057754085046609 0.0051177152812720648 -0.06389839322307897 -0.0021233352605221681 -0.049244120565407112 0.046613389342129941 0.0095917616755368026 0.0091729871474703836 0.044001958409323985 0.0079745082973256345 0.020789583058832769 0.002361004729785341
leaf_weight=693.70856199227273 1085.8554181624204 372.90927339345217 1474.7376237940043 2055.2003245186061 797.00631093978882 1375.8526704413816 2000.1785744708031 89.765366805717349 63.748081807047129 67.885217718780041 30.178835764527321 8.7341168411076051 415.63427693024278 197.80413439869881 168.63203108683228 116.38294287770987 233.02513143792748 227.39983248710632 13.047410011291502 199.49524514749646 16.094211626797915 22.549593232572079 27.51119489967823 6.9796683415770522 228.99902680143714 1067.8966618031263 30.390601985156536 1250.6493954397738 380.44398991391063 1491.1454754378647
leaf_count=12528 5674 939 15453 6092 3376 20314 14827 462 193 214 95 22 1101 501 399 350 594 553 31 528 68 66 87 20 638 2925 68 5154 973 6019
internal_value=0.000112247 0.0110239 -0.0208773 0.006528 0.0277263 -0.034459 -0.0127885 0.00199974 0.0104989 0.0113581 0.0145896 0.00693088 0.0209056 0.0277065 0.0304328 0.0105896 0.0222732 0.0201705 0.0176106 0.0130966 -0.0127295 -0.0278512 -0.000396978 -0.0298461 0.00307266 0.0118374 0.0101367 0.00839964 0.0153986 -0.000581881
internal_weight=16209.8 10665.4 5544.48 8403.39 2261.97 2069.56 3474.92 3926.15 4477.24 4150.01 2094.8 1349.15 812.249 396.615 366.436 1282.56 1464.96 1231.94 1004.54 631.63 51.6912 38.6438 327.238 34.4909 292.747 1214.67 1098.29 1259.38 579.939 2577
internal_count=100264 37142 63122 30014 7128 32842 30280 17331 12683 11745 5653 5638 2096 995 900 3557 3752 3158 2605 1666 165 134 938 107 831 3343 2993 5176 1501 11693
is_linear=0
shrinkage=0.05


Tree=13
num_leaves=31
num_cat=0
split_feature=9 9 9 9 31 9 9 34 9 1 31 3 4 36 34 31 2 19 9 5 11 3 4 13 3 6 31 9 2 4
split_gain=1326.86 277.002 219.23 51.7059 45.3229 32.6138 23.9561 18.4546 16.4791 14.5408 15.359 16.2163 13.1906 12.7445 16.3796 16.0399 12.5414 14.5902 12.7161 15.2727 12.1867 14.935 11.8286 11.5715 11.5798 11.4256 12.6499 11.3911 11.0898 12.3909
threshold=1.0000000180025095e-35 1.5250000000000001 -0.60499999999999987 0.58000000000000018 35.500000000000007 -0.82499999999999984 -0.435 7.5000000000000009 1.1100000000000003 0.34552023284297856 18.500000000000004 0.051931735298648946 0.45276644569097396 6.5000000000000009 7.5000000000000009 17.500000000000004 -0.017551130968138807 -0.014117725219239959 0.71500000000000019 0.051993883792048938 0.14707026779583432 0.95551429334822302 0.42970318775100408 0.094467108618052034 0.972633895548218 0.21178513071895427 37.500000000000007 -0.95499999999999985 0.0025005517139915479 -0.12094027826611083
decision_type=2 2 2 2 2 2 2 8 2 8 2 8 8 2 8 2 2 2 2 10 10 8 10 10 10 8 2 2 2 8
left_child=2 3 5 9 -3 27 -4 12 16 10 11 -2 -5 28 15 -15 17 -9 20 -20 -19 -22 25 -12 -25 26 -21 -1 -11 -30
right_child=1 4 6 7 -6 -7 -8 8 -10 13 23 -13 -14 14 -16 -17 -18 18 19 22 21 -23 -24 24 -26 -27 -28 -29 29 -31
leaf_value=-0.060250761925297651 -0.03217418221268805 0.021125045463934886 -0.018653069028299708 0.019419882382527551 0.036265620694555488 -0.027912839028482506 -0.0094961268672076587 0.013348423374627895 0.01347970899558483 -0.00013291510083684628 0.053576330313819635 0.0077998997363138856 -0.013509217110167435 0.0049008511803845869 -0.0074372193721727728 0.056887616716878142 0.0091406165457929116 -0.0061717758577290345 -0.047920118085825102 0.0080106182777610457 -0.06168961481352421 0.012666830720543969 -0.031379377464574663 -0.00044532618756770113 0.064578533391673951 -0.04145352797850177 -0.040004985140606464 -0.039085025923656667 -0.0073094815642022193 0.010285498094860349
leaf_weight=69.64642148418352 26.598413944244385 1430.8784306421876 1021.2144595081918 604.77577330172062 755.131681188941 1210.9188618198968 2376.2578159132972 230.61892235651612 1201.5668777860701 1353.2395021859556 30.869833216071129 549.7045800704509 32.022353105247021 124.12627331539989 762.20812377147377 16.851719364523888 1691.048625074327 205.03699666261673 14.357450209558008 534.74641578271985 22.433294713497162 9.6617035642266256 22.365550838410854 32.778429061174393 8.6547484435141069 12.559342004358767 14.078225985169409 728.35234308103099 119.14603150263429 624.67678001150489
leaf_count=1578 165 3752 11309 1595 3376 17939 18971 680 3330 5866 75 2816 112 633 4056 40 4976 721 48 1570 90 29 83 92 21 39 29 13325 519 2429
internal_value=0.000111435 0.0105313 -0.0199908 0.00633544 0.0263552 -0.0330845 -0.0122485 0.00986395 0.00859307 0.00189174 0.00868025 0.00595495 0.017764 0.000424171 -0.0045414 0.0111151 0.00646328 0.00221552 -0.000858398 0.0030262 -0.0106563 -0.0393058 0.00427924 0.0304027 0.0131372 0.00569988 0.00677894 -0.0409323 0.0025628 0.00746712
internal_weight=15836.5 10430.1 5406.39 8244.13 2186.01 2008.92 3397.47 4595.27 3958.47 3648.85 648.606 576.303 636.798 3000.25 903.186 140.978 2756.91 1065.86 835.239 598.107 237.132 32.095 583.75 72.303 41.4332 561.384 548.825 797.999 2097.06 743.823
internal_count=100264 37142 63122 30014 7128 32842 30280 13302 11595 16712 3169 2981 1707 13543 4729 673 8265 3289 2609 1769 840 119 1721 188 113 1638 1599 14903 8814 2948
is_linear=0
shrinkage=0.05


Tree=14
num_leaves=31
num_cat=0
split_feature=9 9 9 9 31 9 9 31 34 3 1 13 2 8 9 5 9 9 36 4 4 13 13 33 11 13 14 4 19 8
split_gain=1197.34 274.692 152.505 58.1951 49.4724 26.0407 19.1081 18.7133 17.0018 14.9437 14.0681 16.1269 17.1983 13.4766 13.8158 13.2695 13.8261 13.0596 13.0452 12.7982 14.8742 12.5759 12.238 11.5558 13.5346 11.4264 10.8146 10.4558 10.138 10.0897
threshold=-0.11000000000000001 1.3300000000000003 -0.70999999999999985 0.41500000000000004 35.500000000000007 -0.48499999999999993 -0.91499999999999992 23.500000000000004 7.5000000000000009 1.1786673503807433e-05 0.55308551697326747 0.097693531283138943 0.038087980339290603 0.15849282296650721 1.1650000000000003 0.096500327815637346 0.35500000000000004 2.9050000000000002 8.5000000000000018 -0.22085144927536227 -0.085201793721973049 0.082951070336391444 0.17362318840579713 56.250000000000007 0.08989650161273173 0.28281378178835115 0.22080485688161547 -0.22085144927536227 0.21767001114827211 0.069204980842911892
decision_type=2 2 2 2 2 2 2 2 8 10 10 8 2 10 2 10 2 2 2 8 8 10 10 2 10 10 8 10 2 8
left_child=2 3 6 7 25 -4 -1 23 13 -8 22 12 18 14 19 -9 21 -6 -12 -5 -21 -17 -10 -2 -25 29 -20 -13 -7 -3
right_child=1 4 5 8 17 28 9 15 10 -11 11 27 -14 -15 -16 16 -18 -19 26 20 -22 -23 -24 24 -26 -27 -28 -29 -30 -31
leaf_value=-0.050250910643434565 0.0030008243824950318 -0.014477213084647425 -0.021016960866801559 -0.046891944906205831 0.02773755985802728 -0.010851335610326505 -0.047479079294915898 -0.02071631333329077 0.009053534227015372 -0.030740034269772988 -0.00093881897733386153 0.026744069710285475 0.023856971644524237 0.036736927518592311 -0.0094808400956962642 0.072104561832851355 -0.019287464573363569 0.040791199377041225 -0.026829389434753964 0.039974063246320968 0.013458468224185458 0.023651494538596097 0.026323168991179948 -0.010518113802280554 -0.0012539973837189056 0.065694455002268809 0.010980748747008032 0.0061813623982603242 -0.028886840475081162 0.018714227864537594
leaf_weight=178.69352958817035 980.89421654120088 23.175321467220783 1196.4168004393578 8.1492296196520311 428.46825716644526 1836.1274512908421 151.74840333219618 18.715178623795509 1706.213195675984 1098.696811294416 573.09161822497845 64.158565457910299 59.994483936578035 65.395585142076015 62.208137787878513 16.243267506361008 15.206794843077658 346.59904630482197 93.954507917165756 59.027721803635359 508.62666197493672 76.283444918692112 109.14771525189281 525.80151077546179 1575.8719205912203 12.809769952669738 23.677973531186581 1696.871177168563 81.370420919731259 1901.2937404029071
leaf_count=3421 5311 70 15489 31 1998 16234 2906 52 5708 18957 1894 217 175 160 184 33 41 1614 440 155 1533 196 319 3153 8636 26 86 5182 899 5144
internal_value=0.00014561 0.00909749 -0.0214346 0.0045542 0.022899 -0.0152284 -0.034957 -0.000706966 0.00791035 -0.0327714 0.00673838 0.00431467 -0.00182157 0.0151199 0.0129041 0.0181451 0.024896 0.033575 -0.00405194 0.0153226 0.0162157 0.0321575 0.0100919 -0.00148029 -0.00357172 0.0186278 -0.0192187 0.00693051 -0.0116167 0.0183145
internal_weight=15494.9 10951.9 4543.05 8239.53 2712.35 3113.91 1429.14 3209.02 5030.52 1250.45 4327.11 2511.75 750.719 703.407 638.012 126.449 107.734 775.067 690.724 575.804 567.654 92.5267 1815.36 3082.57 2101.67 1937.28 117.632 1761.03 1917.5 1924.47
internal_count=100264 42358 57906 33506 8852 32622 25284 17422 16084 21863 14021 7994 2595 2063 1903 322 270 3612 2420 1719 1688 229 6027 17100 11789 5240 526 5399 17133 5214
is_linear=0
shrinkage=0.05


Tree=15
num_leaves=31
num_cat=0
split_feature=9 9 9 31 31 9 4 8 19 8 9 2 19 19 2 31 14 12 12 5 14 10 13 10 1 10 19 32 14 17
split_gain=1068.66 242.127 169.381 56.2161 42.4218 25.5652 13.8434 12.6346 12.141 10.7566 10.6708 11.7118 13.0469 18.2538 14.5424 13.4043 15.1243 13.0967 11.7089 16.1619 18.4742 11.2547 18.4931 18.2102 16.9939 14.211 11.2522 14.9888 11.1011 12.6089
threshold=-0.11000000000000001 1.3300000000000003 -0.73499999999999988 14.500000000000002 35.500000000000007 -0.44499999999999995 -0.15721166992701033 0.067231638418079109 -0.043478260869565154 0.21525096525096529 0.91000000000000003 -0.035287834320115223 -0.083160442600276621 0.04120910223027284 -0.10711750948525235 17.500000000000004 0.22229801424890103 0.20468236582694418 0.054200940070505292 0.21082759995474359 0.20547341209441669 0.083385222083852226 0.16145324209840342 0.10775454663972363 0.85000809450353831 0.10663165658248769 0.21767001114827211 41.500000000000007 0.162184760010847 inf
decision_type=2 2 2 2 2 2 10 8 2 8 2 2 2 2 2 2 8 10 10 10 10 8 10 10 8 8 2 8 8 8
left_child=2 3 6 8 7 -4 -1 -3 -2 -8 18 12 -12 15 -15 -14 -17 -16 19 -5 -21 22 24 25 -20 26 -23 -28 29 -13
right_child=1 4 5 10 -6 -7 9 -9 -10 -11 11 28 13 14 17 16 -18 -19 21 20 -22 23 -24 -25 -26 -27 27 -29 -30 -31
leaf_value=-0.040320665389052018 0.0043649101728137135 -0.02775258399415368 -0.019120988025371533 0.02153658630175084 0.032304293021044282 -0.010145441239138728 -0.025344514692324089 0.018435305546816466 -0.0030732365992672123 -0.043319261515511215 0.036230512768116334 0.015014836915795887 0.021902849358612878 0.059092861641410692 0.006139737751386834 -0.042872303228239338 0.017015756688605048 -0.055075076772057113 0.012851516570634533 -0.062982791335427599 0.020875012366339346 0.0010253260375314977 0.047720997663616649 0.006577111462223755 -0.024995863838281424 -0.032491556647457391 -0.064852559391831571 -0.0077111444429314368 0.0081927842005637529 0.037209325502411073
leaf_weight=761.25907898810692 741.5088563375175 14.923951812088488 1487.3016502787359 206.25796063989401 723.69027898274362 1700.3520170729607 365.89024888630956 1877.6413890868425 2108.8864378537983 107.74076909385622 27.527504086494446 648.78057438507676 15.026324540376661 12.570402681827543 256.84080258756876 51.184900499880314 13.276819676160811 9.0452106185257417 356.2922784909606 12.841459088027479 13.443444918841122 697.00302724912763 34.851496621966362 2065.9171990342438 32.352421898394823 37.185502063483 14.83388105407357 50.70356760174036 650.79883713275194 70.994628064334393
leaf_count=15172 4377 51 19675 653 3532 15029 6166 5147 12801 2026 66 1776 49 29 696 141 27 28 1155 44 37 2372 91 6781 110 125 63 193 1777 185
internal_value=0.000263264 0.00877831 -0.0204237 0.00451991 0.0220082 -0.0143333 -0.0361449 0.0180711 -0.00113826 -0.0294334 0.00757578 0.0107596 0.00306 0.000509047 0.00654174 -0.0206242 -0.0305375 0.00405726 0.00598819 0.016831 -0.0200936 0.0052216 0.0128298 0.00409723 0.00970094 -0.00230899 -0.000837126 -0.0206446 0.0129251 0.017204
internal_weight=15166.9 10744.4 4422.54 8128.12 2616.26 3187.65 1234.89 1892.57 2850.4 473.631 5277.73 1756.05 385.472 357.944 278.456 79.488 64.4617 265.886 3521.68 232.543 26.2849 3289.14 423.496 2865.64 388.645 799.726 762.54 65.5374 1370.57 719.775
internal_count=100374 42306 58068 33576 8730 34704 23364 5198 17178 8192 16398 4774 1036 970 753 217 168 724 11624 734 81 10890 1356 9534 1265 2753 2628 256 3738 1961
is_linear=0
shrinkage=0.05


Tree=16
num_leaves=31
num_cat=0
split_feature=9 9 9 31 31 9 9 34 33 34 9 6 14 1 4 4 32 12 9 11 38 18 38 19 12 12 11 36 35 6
split_gain=971.948 203.259 191.197 44.4808 29.1765 26.691 22.8145 14.4775 12.3793 11.7136 14.7821 14.0352 12.0626 11.8601 11.8251 14.058 18.7252 14.2219 12.4579 15.6059 12.9857 12.7521 12.0341 11.8551 11.547 12.7517 16.3853 11.3458 11.3162 11.1166
threshold=0.029999999999999954 -0.65499999999999992 1.5700000000000001 15.500000000000002 39.500000000000007 -0.82499999999999984 -0.34499999999999992 6.5000000000000009 56.650000000000013 8.5000000000000018 0.91000000000000003 0.25092592592592594 0.24282774838330398 0.13992931006560788 -0.069767441860465143 0.039771575045222655 41.500000000000007 0.20106382978723406 0.9900000000000001 0.11476585836253735 1550.0000000000002 0.162280701754386 2150.0000000000005 0.12163327240749049 0.15643825301204822 0.15415884928080054 0.13295338918837005 4.5000000000000009 17.500000000000004 0.20020449897750514
decision_type=2 2 2 2 2 2 2 8 2 8 2 8 10 8 10 10 10 10 2 10 2 10 2 2 10 8 8 2 2 8
left_child=1 5 3 7 24 -1 -3 -2 -9 12 11 13 28 -11 -12 16 -16 -17 19 20 -18 -20 29 -19 25 -4 -27 -8 -5 -23
right_child=2 6 4 9 -6 -7 27 8 -10 10 14 -13 -14 -15 15 17 18 23 21 -21 -22 22 -24 -25 -26 26 -28 -29 -30 -31
leaf_value=-0.040126558116509933 0.016929367955992185 -0.015354778306392258 0.019154931692332764 0.0092016792447928708 0.034071706402624101 -0.026876872990302444 -0.0030580212398037187 0.0044971105604642977 -0.0026105192547789158 0.038164572668466241 0.019005890650275085 0.033751803644481396 -0.033440303210682018 0.0042656806932896314 -0.021737769925084055 0.012749978752869951 -0.058122543896089091 -0.02475437111781675 0.042013434493577764 0.047692671500160509 0.033957852284097513 -0.0034071318959328009 0.053143850069552516 0.020154829426634227 0.030247951526588331 -0.028157797890118182 0.025645016126623444 -0.010777953221482119 0.021308746288703644 -0.058841052279333672
leaf_weight=677.52338052517734 133.38351423107088 1583.2200412289239 1135.9172825627029 392.0825578905642 493.60606494918466 865.8378417706117 877.55745921656489 977.42417292669415 1641.3353384574875 26.086348757147789 372.14079158380628 42.115156341344118 12.981369413435457 2369.1079520657659 77.47998571395874 1172.4450155794621 7.8192123994231206 46.988867294043303 16.876051865518093 34.184267155826092 7.502768263220787 146.79468213021755 8.8391869962215406 21.38213450089097 228.98828967101872 32.795745518058538 24.89100194722414 1039.9405502527952 380.11167305707932 9.6377561688423139
leaf_count=14885 632 18912 3265 1115 2650 14597 6414 5000 9065 65 1027 135 42 7565 215 3321 23 160 39 79 20 417 20 61 689 105 74 8684 1065 33
internal_value=0.000260516 -0.017577 0.00942943 0.00599141 0.0235976 -0.0326934 -0.0109126 0.000860764 4.23281e-05 0.0087361 0.00772357 0.005138 0.0143578 0.00463488 0.0110022 0.00908052 -0.000459584 0.0114573 0.00665721 0.0288983 -0.0130332 0.000612277 -0.00361524 -0.0107096 0.0199634 0.0179903 -0.00494266 -0.00724487 0.0151614 -0.0068224
internal_weight=14857 5044.08 9812.92 7896.72 1916.2 1543.36 3500.72 2752.14 2618.76 5144.58 4359.4 2437.31 785.176 2395.19 1922.09 1549.95 309.134 1240.82 231.654 49.5062 15.322 182.148 165.272 68.371 1422.59 1193.6 57.6867 1917.5 772.194 156.432
internal_count=100374 63492 36882 30099 6783 29482 34010 14697 14065 15402 13180 7765 2222 7630 5415 4388 846 3542 631 122 43 509 470 221 4133 3444 179 15098 2180 450
is_linear=0
shrinkage=0.05


Tree=17
num_leaves=31
num_cat=0
split_feature=9 9 9 31 31 9 6 12 9 1 2 2 9 12 9 34 0 12 1 36 1 38 0 6 36 32 38 11 11 34
split_gain=879.936 194.02 150.671 57.083 25.839 20.7736 15.4529 22.8045 11.9667 11.7639 16.4362 11.1231 11.0834 17.6873 22.3586 12.9005 13.7289 10.6649 10.6164 13.7855 12.5316 11.1856 10.5822 13.1971 10.8332 12.8392 13.1065 12.8986 10.4496 11.2848
threshold=-0.11000000000000001 1.5250000000000001 -0.73499999999999988 14.500000000000002 39.500000000000007 -0.55499999999999983 0.1430075187969925 1.0000000180025095e-35 -0.86499999999999988 0.29857025047600644 -0.019830028328611818 -0.016949152542372902 0.91000000000000003 0.067878887609017627 1.0450000000000002 7.5000000000000009 13.428044301689573 0.21081871345029243 0.46062600394764436 9.5000000000000018 0.3547990141204399 1850.0000000000002 16.062529132086919 0.16227242634889114 2.5000000000000004 38.500000000000007 1650.0000000000002 0.13606176811977494 0.13410837371845619 113.50000000000001
decision_type=2 2 2 2 2 2 8 10 2 8 2 2 2 8 2 8 8 10 10 2 8 2 8 10 2 8 2 8 10 8
left_child=2 3 8 9 6 -4 7 28 -1 10 -2 -7 15 14 -14 16 -5 -9 20 21 -16 -20 23 24 25 -18 27 -27 29 -3
right_child=1 4 5 12 -6 11 -8 17 -10 -11 -12 -13 13 -15 18 -17 22 -19 19 -21 -22 -23 -24 -25 -26 26 -28 -29 -30 -31
leaf_value=-0.040616162458401481 -0.0067549690365683798 0.0007355473032355413 -0.019781121058533635 -0.027688371843263965 0.032495871880755561 -0.016651411945589469 0.028590853007251862 0.016643638266264783 -0.030208723819047174 -0.0025773945076381301 0.012170686661303633 -0.0085549982494884241 0.020171274485404036 0.011801068358802335 -0.021087804059729584 0.0046882599010524967 0.052041965846311357 0.043669345222779127 -0.023578536420638636 0.019911950362172817 0.038547558540523136 -0.069670091686630076 0.0045369248286162176 0.058367193748002338 0.023363057071267089 -0.062197940300401322 0.010850752948078558 0.022341726852429005 0.03154639002825043 -0.062598891800916087
leaf_weight=491.1905216560699 172.98680261708796 12.063498172909023 889.8452106914483 19.283897265791893 472.39490792527795 578.11007560044527 329.23441242612898 1064.2745290622115 631.05057120672427 2288.9748190045357 340.5876184431836 1593.4796938886866 62.954385135322809 2030.0913320295513 18.734172120690346 2968.0376345794648 10.043472021818159 37.800718065351248 60.005700770765543 14.213277637958525 16.628337882459164 16.86199626326561 149.53704628348351 21.712017692625523 212.21335119381547 16.274424709379677 32.568546772003174 6.24263822287321 7.0889440253376952 16.867035232484341
leaf_count=11120 1197 41 13141 72 2664 6194 988 3144 12244 14038 2014 15369 179 5851 54 10190 27 113 187 45 48 49 490 57 614 60 93 21 23 47
internal_value=0.000271718 0.00806298 -0.0190919 0.00479211 0.0223252 -0.0133469 0.0190509 0.0162911 -0.0347639 -0.00104295 0.00579598 -0.0107104 0.0076837 0.0104377 -0.00417544 0.00590468 0.0136212 0.0175706 -0.0162973 -0.0253248 0.00695424 -0.0336894 0.015397 0.0208274 0.0178886 5.0836e-05 -0.00942844 -0.0387601 -0.0228586 -0.0361896
internal_weight=14581.4 10397.7 4183.68 8457.95 1939.72 3061.43 1467.33 1138.09 1122.24 2802.55 513.574 2171.59 5655.4 2219.49 189.398 3435.91 467.875 1102.08 126.443 91.081 35.3625 76.8677 448.591 299.054 277.342 65.1291 55.0856 22.5171 36.0195 28.9305
internal_count=100374 42306 58068 35286 7020 34704 4356 3368 23364 17249 3211 21563 18037 6413 562 11624 1434 3257 383 281 102 236 1362 872 815 201 174 81 111 88
is_linear=0
shrinkage=0.05


Tree=18
num_leaves=31
num_cat=0
split_feature=9 9 9 31 9 9 19 5 36 19 7 36 3 9 34 13 2 8 9 19 1 5 1 20 32 39 0 13 1 31
split_gain=796.075 178.968 138.381 45.8062 29.0178 19.1148 12.8962 15.9596 11.4485 12.1483 11.4251 15.2243 11.1274 10.8312 10.1457 9.8939 10.8712 9.57918 9.54973 9.52008 9.02612 9.35464 14.7577 16.3547 14.7918 12.6744 9.99984 9.55818 17.392 12.608
threshold=-0.11000000000000001 1.3300000000000003 -0.73499999999999988 14.500000000000002 3.0100000000000002 -0.46999999999999992 -0.10477313384290131 0.21327909749426419 4.5000000000000009 -0.011605459279877862 0.08846153846153848 1.5000000000000002 0.095830716180940356 -0.86499999999999988 5.5000000000000009 0.056980519480519486 -0.047573729096818271 0.081356867071152791 0.78000000000000014 0.087889098349349395 0.89977804574115927 0.15693549593496256 0.80966860110478001 0.29140295358649798 41.500000000000007 6.5000000000000009 16.766634399218891 0.10876959479443953 0.84206430712827229 21.500000000000004
decision_type=2 2 2 2 2 2 2 10 2 2 2 2 8 2 8 8 2 8 2 2 10 10 10 8 10 2 10 8 10 2
left_child=2 3 13 8 6 12 7 10 9 -2 -3 -12 -4 -1 -11 16 -5 -10 -16 -15 21 27 -23 -24 25 -25 -26 28 29 -17
right_child=1 4 5 15 -6 -7 -8 -9 17 14 11 -13 -14 19 18 20 -18 -19 -20 -21 -22 22 23 24 26 -27 -28 -29 -30 -31
leaf_value=-0.039309304130124643 0.010351166397384072 -0.022931039540698167 -0.034113055025772852 -0.042772009992209169 0.032913201968527657 -0.0094732515372599035 0.018193980490244299 0.066328159109447435 -0.014206245339666679 0.027781177515977681 -0.047754567067018812 0.035396092200549123 -0.01622164173950456 -0.026754375627610866 -0.003902182663018245 0.0036826124211957996 0.029878584082270138 -0.0023210291252922506 0.020427676499965616 -0.044816329903995505 -0.0013812013063216073 0.0028403809939012703 -0.043380718898086763 0.023067969646067877 0.023208007076212209 -0.048229785351111817 -0.023973749448694764 0.011898362435782491 -0.029280587864665638 0.015302341241061126
leaf_weight=475.59202237939462 365.25049196369946 49.440872240811586 94.003408398013562 5.5484248772263518 350.8348114900291 1756.0609363634139 1978.9822912961245 7.9239299073815337 190.72226555272937 29.354675523936749 7.1896941661834743 23.491114042699337 1150.8151491144672 527.6610051211901 602.77173716761172 848.54645063728094 71.565530154854059 1525.951654471457 43.224398283287883 84.659311279421672 330.44218867644668 1720.5795731954277 11.526527822017668 10.624210998415949 243.3248347863555 15.081973772495983 11.773508310317991 1428.9266274273396 34.225311888381839 322.05423929542303
leaf_count=11120 2085 184 1632 26 1702 16799 6730 22 1263 146 24 68 16273 10314 3784 3078 208 9714 186 1930 1069 5521 35 24 760 61 34 4580 131 871
internal_value=0.000276466 0.00773025 -0.0183714 0.0040508 0.0196176 -0.0128331 0.0173609 -0.00136291 -0.00113304 0.00300511 -0.00805747 0.0159107 -0.0175727 -0.0336484 -0.000967858 0.00687879 0.0246513 -0.00364148 -0.00227424 -0.0292516 0.00660343 0.00717125 0.00460506 0.0149915 0.0173876 -0.0187629 0.0210304 0.00913252 0.00585223 0.00687942
internal_weight=14318.1 10229.4 4088.79 7811.49 2417.86 3000.88 2067.03 88.0456 2757.28 1040.6 80.1217 30.6808 1244.82 1087.91 675.351 5054.22 77.114 1716.67 645.996 612.32 4977.11 4646.66 2012.91 292.331 280.805 25.7062 255.098 2633.75 1204.83 1170.6
internal_count=100374 42306 58068 33576 8730 34704 7028 298 17178 6201 276 92 17905 23364 4116 16398 234 10977 3970 12244 16164 15095 6435 914 879 85 794 8660 4080 3949
is_linear=0
shrinkage=0.05


Tree=19
num_leaves=31
num_cat=0
split_feature=9 9 9 31 9 31 6 31 1 14 32 12 36 7 32 7 31 34 14 18 4 20 4 37 19 10 33 8 4 4
split_gain=725.831 153.942 142.945 33.8822 22.9979 19.1586 13.1243 12.8775 12.1695 14.5957 11.9379 13.3754 10.9291 10.309 12.1119 13.0622 11.2238 10.6852 12.9453 18.9461 13.1671 13.494 15.0261 11.4905 14.6111 13.7238 11.9129 11.1137 10.8714 10.8255
threshold=1.0000000180025095e-35 -0.70999999999999985 1.5250000000000001 16.500000000000004 -0.44499999999999995 39.500000000000007 0.1430075187969925 1.5000000000000002 0.36798273249835062 0.04940618692202977 90.500000000000014 0.15643825301204822 4.5000000000000009 0.21153846153846154 92.500000000000014 0.27307692307692316 21.500000000000004 8.5000000000000018 0.21580840590685349 0.37171052631578955 -0.18596158327507573 0.5147186147186148 0.10849748243235767 5.5000000000000009 -0.14441473559120613 0.095253957679007656 62.050000000000004 0.068573667711598757 0.015228426395939106 0.078146057951482509
decision_type=2 2 2 2 2 2 8 2 8 8 8 10 2 2 8 2 2 8 10 10 8 8 8 2 2 8 2 10 8 8
left_child=1 7 3 12 -3 6 10 -1 9 -5 -4 -12 -2 17 -15 -16 -17 18 20 -20 -10 22 -22 26 -25 -26 -19 28 -23 -30
right_child=2 4 5 8 -6 -7 -8 -9 13 -11 11 -13 -14 14 15 16 -18 23 19 -21 21 27 -24 24 25 -27 -28 -29 29 -31
leaf_value=-0.037729321133251573 0.0050019512037053245 -0.016047000880862469 0.01785312550107333 -0.057129985211041935 -0.0076030302232833764 0.029945556379626294 0.026994106711327005 -0.027087079517613029 -0.048508392720211478 0.016983263664831643 -0.001367489368170846 0.033054776399717142 -0.0010505559936002632 0.0095639015345143942 0.00015357877972993819 0.013137397058415668 0.049164992126094646 0.0055798757046012365 0.024021272617136567 -0.05188395298287693 0.027113619582936163 -0.045208978285808749 -0.01688981292964439 -0.057753416445153694 0.019253372213749523 -0.0072220218238314461 0.037999641936902993 0.023593323803528219 0.05367489802657395 -0.0034146166044363457
leaf_weight=493.04009963502176 1209.8375061694533 1253.6563542890362 883.22934429347515 6.7447568327188483 2260.1019482575357 435.70505880378187 310.89210642874241 671.25048957252875 8.0671476870775205 440.96963138692081 168.62013068422675 33.893022704869509 1944.814470352605 557.43549807742238 34.205058567225933 33.712317455559969 60.256961278617382 2441.4803345948458 15.032285735011099 18.142740935087204 29.418852910399437 10.942744344472883 56.969973023980856 12.208535887300966 61.025892417877913 247.30251182243228 28.668748535215855 321.35611831396818 10.928882688283922 34.570543453097343
leaf_count=13070 6049 17625 2711 27 20243 2664 988 12344 35 1285 545 112 10549 1705 110 128 156 7526 48 65 86 34 174 32 181 779 72 895 25 111
internal_value=0.000261282 -0.0158368 0.00825875 0.0052307 -0.0106157 0.0207919 0.0179363 -0.0315937 0.00805107 0.0158668 0.0153426 0.00439349 0.00127064 0.00717225 0.0127506 0.0266097 0.0362398 0.00601193 0.0127013 -0.0174897 0.0148222 0.0159228 -0.00190488 0.0048004 -0.00410609 -0.00198188 0.00595614 0.0199993 -0.000463284 0.0102982
internal_weight=14094.5 4678.05 9416.43 7584.09 3513.76 1832.34 1396.63 1164.29 4429.44 447.714 1085.74 202.513 3154.65 3981.73 685.61 128.174 93.9693 3296.12 505.429 33.175 472.254 464.187 86.3888 2790.69 320.537 308.328 2470.15 377.798 56.4422 45.4994
internal_count=100374 63282 37092 30072 37868 7020 4356 25414 13474 1312 3368 657 16598 12162 2099 394 284 10063 1473 113 1360 1325 260 8590 992 960 7598 1065 170 136
is_linear=0
shrinkage=0.05


Tree=20
num_leaves=31
num_cat=0
split_feature=9 9 9 9 9 31 9 33 10 9 8 5 20 4 14 11 6 8 10 11 18 2 31 4 33 38 5 31 5 12
split_gain=627.85 119.412 112.914 27.7837 26.3245 19.2151 13.5197 11.3044 11.3206 12.6167 11.0658 9.47906 14.1982 10.9904 10.95 12.2646 10.0696 12.6271 11.4331 14.7996 10.0121 9.86343 10.8193 9.77112 11.3187 10.8052 9.371 9.25982 15.4106 12.9041
threshold=0.039999999999999994 -0.60499999999999987 1.3300000000000003 3.0100000000000002 -0.85499999999999987 14.500000000000002 -0.38499999999999995 55.750000000000007 0.096895681872936248 0.41500000000000004 0.14729990356798459 0.22805827691084996 0.40855639441775343 0.12562814070351766 0.19272700558330888 0.17320845004668536 0.073835828600929285 0.087337909992372245 0.1300592661065737 0.12904443091905055 0.75735294117647067 0.0007839633531154525 29.500000000000004 0.046511627906976785 60.850000000000001 1250.0000000000002 0.24325623700623702 21.500000000000004 0.061235264961317162 0.13586239961644495
decision_type=2 2 2 2 2 2 2 2 8 2 10 10 10 8 8 8 8 8 10 10 8 2 2 10 2 2 10 2 8 10
left_child=1 4 5 -4 -1 7 -3 8 10 -10 -2 27 14 -14 21 16 17 -16 19 -18 -21 22 -13 25 -25 -20 -17 -7 -29 -30
right_child=2 6 3 -5 -6 11 -8 -9 9 -11 -12 12 13 -15 15 26 18 -19 23 20 -22 -23 -24 24 -26 -27 -28 28 29 -31
leaf_value=-0.03584669207283913 -0.006270938178115186 -0.014161671368216481 0.014580717511076015 0.030240357292581295 -0.022045729957148291 0.0045945242638597197 -0.0071557928887048946 -0.0020332303519478498 0.0042059255832341052 0.025004822580135706 0.057688705451437818 -0.01562332137855571 -0.08098017365991142 -0.0067028874792416553 0.024353433307066574 -0.017344672263881627 0.001727526051036735 -0.061345462470760198 -0.02197725938501674 -0.016512950606902329 -0.078134521682090882 0.048194251260071624 0.044615713336282316 -0.011382054690219551 0.057062916743100912 0.044646274801532854 -0.085851687800565263 -0.012477812742026376 0.014043119965484406 0.0048760275515402057
leaf_weight=506.04623349383473 161.88985694386065 1046.405317096971 1959.4368795994669 331.11228439770639 1089.2833589848597 2717.9955396912992 2014.018254250288 1591.0425334591419 181.77191117219627 121.75047710724175 7.0573326274752608 22.587952625006437 9.7647995799779874 10.163775041699411 6.2547999918460873 16.480200424790386 121.05775643885136 13.740913227200506 7.3078184872865668 18.868622196838263 10.130934763699768 20.562339067459106 11.125167474150656 36.233582131564617 7.2485516369342795 36.394098117947578 7.1607401072978965 77.346559680998325 959.05880337208509 640.10692689940333
leaf_count=12554 968 13340 7035 1736 20243 9840 17372 9503 1068 536 28 93 22 34 17 55 379 54 24 68 36 59 24 117 17 108 26 241 2560 1788
internal_value=-0.000397413 -0.0153326 0.00724069 0.0168444 -0.0264235 0.00401194 -0.00955121 -1.65546e-05 0.00677461 0.0125489 -0.00359919 0.00576217 -0.0020959 -0.043098 0.000342132 -0.00363068 -0.00046328 -0.0345382 0.0024087 -0.00595787 -0.0380403 0.0209016 0.00425527 0.0168089 2.78479e-05 0.0335055 -0.0380952 0.00639711 0.00931949 0.0103738
internal_weight=13759.4 4655.75 9103.65 2290.55 1595.33 6813.1 3060.42 2063.51 472.47 303.522 168.947 4749.59 355.082 19.9286 335.153 280.878 257.237 19.9957 237.241 150.057 28.9996 54.2755 33.7131 87.1841 43.4821 43.7019 23.6409 4394.51 1676.51 1599.17
internal_count=99945 63509 36436 8771 32797 27665 30712 12103 2600 1604 996 15562 1133 56 1077 901 820 71 749 483 104 176 117 266 134 132 81 14429 4589 4348
is_linear=0
shrinkage=0.05


Tree=21
num_leaves=31
num_cat=0
split_feature=9 9 9 31 9 9 0 1 9 9 3 19 9 10 1 4 8 4 12 12 1 38 14 1 31 13 6 13 34 31
split_gain=572.283 121.164 82.7998 31.69 25.2876 14.5594 14.5071 13.7732 12.261 10.7533 10.0309 9.83979 14.069 9.39063 9.07071 17.0357 9.64264 11.7614 15.1259 9.40101 11.0934 22.8732 11.081 10.8138 9.35166 13.1158 12.3975 11.6525 9.70396 9.74405
threshold=-0.155 1.3050000000000004 -0.73499999999999988 14.500000000000002 3.0100000000000002 -0.44499999999999995 13.618340762686431 0.57604787318957673 -0.95499999999999985 1.9199999999999999 1.1786673503807433e-05 0.31962069937958271 2.7200000000000002 0.24594547207854831 0.54697754695788792 0.33467326158406913 0.072077922077922088 0.037864553185805248 0.073922282938676392 0.1556466302367942 0.71163393831854194 1250.0000000000002 0.085752585216392202 0.6560770343091783 20.500000000000004 0.074227119681665149 0.14086452416154388 0.044610281923714766 5.5000000000000009 15.500000000000002
decision_type=2 2 2 2 2 2 8 8 2 2 10 2 2 10 8 10 8 8 10 8 10 2 10 10 2 10 10 8 8 2
left_child=2 3 8 7 6 -4 -3 -2 -1 -8 -10 -11 -13 -12 16 24 17 18 -5 20 23 -22 -21 -17 27 26 -26 -16 29 -29
right_child=1 4 5 14 -6 -7 9 -9 10 11 13 12 -14 -15 15 19 -18 -19 -20 22 21 -23 -24 -25 25 -27 -28 28 -30 -31
leaf_value=-0.054281096641370742 0.0013353109677865386 -0.0059012516937164668 -0.016384325467348831 0.023533146851342716 0.028993121443868966 -0.009084397234872062 0.011721070317744699 -0.0059455824570805059 -0.042441583929767296 0.020751529076628902 -0.026606860152855374 0.010662846418990259 -0.061180637874678451 0.075273535131628225 -0.078759289562500501 -0.020310042059646982 0.0076422149871053641 0.041380309683122923 -0.068335897123072628 -0.036808491293030592 -0.068989124555902059 0.021457635964442383 0.02619915798654697 -0.066296988091141401 0.01161606032990594 0.0054040063976433066 0.038440301282403562 0.058186467165351502 0.0014110654747017516 0.0093834537022425765
leaf_weight=47.253784545231611 1697.4358264897019 89.24570656567812 1313.288492411375 15.301946002990009 317.27461232990026 1423.2908164560795 1170.6821524575353 1052.1544622089714 109.19106758525595 712.37965053878725 837.43402720964514 32.490573160350323 8.6229305155575258 2.2679213155060998 4.4678349718451491 36.932105962187052 1431.4717803634703 45.702964089810848 6.3355326130986205 9.7410806976258737 9.3129879385232908 28.024331040680408 24.600576594471931 19.550505254417658 169.77751865983009 1294.6518960949033 57.718233838677406 14.651218622922896 1547.8128350488842 33.877458684146404
leaf_count=1568 11031 319 19579 47 1736 14039 4017 6931 2843 2793 18820 123 34 17 17 160 4808 144 22 42 34 107 89 77 469 3727 142 43 6056 111
internal_value=-0.000413204 0.00591572 -0.0170806 0.00282114 0.0158732 -0.0125876 0.0138058 -0.00145079 -0.0294234 0.0147198 -0.0281855 0.0193789 -0.00440523 -0.0263317 0.00529403 0.00381047 0.00851206 0.0270025 -0.00336644 -0.0140559 -0.0222489 -0.00110236 0.00832691 -0.0362276 0.00454368 0.00734959 0.0184217 0.00187566 0.00210134 0.0241175
internal_weight=13562.9 9830.22 3732.73 7499.52 2330.7 2736.58 2013.42 2749.59 996.147 1924.18 948.893 753.493 41.1135 839.702 4749.93 3251.12 1498.81 67.3404 21.6375 128.162 93.8199 37.3373 34.3417 56.4826 3122.96 1522.15 227.496 1600.81 1596.34 48.5287
internal_count=99945 43079 56866 34057 9022 33618 7286 17962 23248 6967 21680 2950 157 18837 16095 11074 5021 213 69 509 378 141 131 237 10565 4338 611 6227 6210 154
is_linear=0
shrinkage=0.05


Tree=22
num_leaves=31
num_cat=0
split_feature=9 9 9 31 9 31 9 1 1 12 6 32 20 6 1 14 36 32 1 32 18 9 31 5 1 14 17 10 10 34
split_gain=524.487 102.969 91.4557 21.4198 20.7284 17.3962 14.0457 11.8923 9.32609 12.3778 11.4021 11.1048 12.6409 10.0833 16.5506 11.052 9.2843 16.4319 12.6825 11.9842 13.7677 15.0417 13.567 11.3031 12.6592 13.6459 14.2955 13.4352 16.3687 11.982
threshold=0.039999999999999994 -0.70999999999999985 1.5700000000000001 14.500000000000002 -0.44499999999999995 35.500000000000007 -0.85499999999999987 0.92907505800718992 0.36798273249835062 0.059072781655034899 0.052697699021422913 51.500000000000007 0.23206854345165243 0.16529768932366337 0.28774219263664802 0.18247310340056044 3.5000000000000004 99.500000000000014 0.94105595213736792 62.500000000000007 0.71008403361344552 0.95500000000000007 44.500000000000007 0.15097052544714137 0.66634983685594251 0.095279359577453177 inf 0.12415918859814495 0.082232479408069256 8.5000000000000018
decision_type=2 2 2 2 2 2 2 10 8 10 8 10 10 10 10 10 2 10 10 8 10 2 2 8 10 8 8 10 10 8
left_child=1 6 3 7 -3 -4 -1 -2 9 11 -11 12 -5 -12 -15 -16 19 18 23 22 21 -21 -10 24 -18 26 27 28 -26 -25
right_child=2 4 5 8 -6 -7 -8 -9 16 10 13 -13 -14 14 15 -17 17 -19 -20 20 -22 -23 -24 29 25 -27 -28 -29 -30 -31
leaf_value=-0.034276077589173136 0.00026232479672921047 -0.015440109626456561 0.01379839580778754 0.022435611551655302 -0.0072582250987074425 0.024863907864068991 -0.022745813072452263 -0.041100976124365654 0.004861652100939696 -0.032762881139031384 0.017264731162333517 -0.046653429024446157 -0.041141515188541963 -0.040128717462020312 0.041088548288000459 -0.027249828148022095 0.011478267986734954 -0.023514894040936499 -0.015673624551743304 0.0019236162858139293 0.02214856678923496 0.018907196214151975 -0.047494515305070664 0.013914471095682 0.012580430511393939 0.007816143282462544 0.037641464085475189 0.0053500560695289951 -0.028446486470531565 -0.00093956808673450001
leaf_weight=474.18491263687611 2029.3307017665356 1182.9036053824238 1106.4905544202775 26.274581674486399 2239.953919691965 523.09487974271178 596.21440293430351 17.527113638818264 905.78347780182958 12.726663328707216 489.69436898827553 15.641411624848841 11.130339778959749 20.937762726098299 18.356914512813095 8.7299512326717359 846.80291073583066 55.492937009781599 79.897586077451706 357.62623757496476 253.48269005119801 205.16011584177613 12.544697612524031 155.64617237821221 30.963532123714685 410.37434859201312 16.673320766538382 85.880336306989193 113.16805068403482 1062.7655190639198
leaf_count=12554 12043 17555 3504 82 20682 3318 12718 134 2971 47 1575 47 38 71 55 25 2857 210 294 1252 780 641 45 507 109 1386 47 312 426 3660
internal_value=-0.000400409 -0.0143185 0.00664832 0.00424035 -0.0100858 0.0173504 -0.0278537 -9.18665e-05 0.00594702 0.0117905 0.0140135 -0.0112761 0.00351738 0.0151205 -0.00674313 0.0190635 0.0051791 0.00342754 0.00396109 0.00806471 0.0124729 0.00811487 0.00414645 0.00453736 0.00743735 0.00222951 -0.00706417 -0.0103048 -0.0196327 0.000957963
internal_weight=13365.5 4493.26 8872.2 7242.61 3422.86 1629.59 1070.4 2046.86 5195.75 603.492 550.446 53.0463 37.4049 537.719 48.0246 27.0869 4592.26 2857.66 2802.17 1734.6 816.269 562.786 918.328 2722.27 1503.86 657.06 246.685 230.012 144.132 1218.41
internal_count=99945 63509 36436 29614 38237 6822 25272 12177 17437 1940 1773 167 120 1726 151 80 15497 9808 9598 5689 2673 1893 3016 9304 5137 2280 894 847 535 4167
is_linear=0
shrinkage=0.05


Tree=23
num_leaves=31
num_cat=0
split_feature=9 9 31 31 9 9 1 32 9 12 31 9 12 2 6 12 5 2 6 2 6 9 10 12 1 10 4 12 14 7
split_gain=483.52 94.7589 71.4425 30.2551 21.6475 13.1417 12.1161 11.576 10.2633 9.98315 9.01961 9.01639 9.67514 9.08055 8.876 8.73007 9.81644 12.93 9.61792 8.58263 16.8688 13.434 13.8841 12.4398 12.3275 10.1618 9.73346 12.5629 10.3089 9.66919
threshold=-0.155 1.3050000000000004 2.5000000000000004 14.500000000000002 2.7900000000000005 -0.44499999999999995 0.57604787318957673 72.500000000000014 -0.95499999999999985 0.068278943278943294 25.500000000000004 1.5250000000000001 0.0613139992839241 0.041486901516930332 0.11540117935466775 0.050252525252525264 0.17098073372640107 0.037291591992294572 0.044809584365169672 -0.0150493160772949 0.21178513071895427 0.27000000000000007 0.093677941574034321 0.14902948861515494 0.13272518503949335 0.1300592661065737 0.4115966386554622 0.1556466302367942 0.19699785963726488 0.27307692307692316
decision_type=2 2 2 2 2 2 8 10 2 8 2 2 10 2 10 10 8 2 8 2 8 2 8 10 10 10 10 10 8 2
left_child=2 3 8 6 9 -4 15 -8 -1 11 14 13 -13 -3 -6 18 -17 -18 -2 20 21 -5 -23 25 -24 -22 -26 28 -28 -21
right_child=1 4 5 19 10 -7 7 -9 -10 -11 -12 12 -14 -15 -16 16 17 -19 -20 29 23 22 24 -25 26 -27 27 -29 -30 -31
leaf_value=-0.05267815941605028 0.069610928271323022 -0.025997761125032572 -0.015589432309535512 -0.0090526699452775135 -0.065744788075936214 -0.0086754196812417299 -0.0081315451699036281 0.0060112857244594186 -0.027420900546695631 0.013371043097881511 0.026532434581790883 0.018946794974232926 -0.011115649912108663 0.042865812569694128 0.021499539202789884 0.0038229998705123624 -0.0088925390010015596 0.040144434273913829 -0.017695322195773178 0.005865973511769952 -0.030198867077774652 0.012666920547478623 0.037913968834087236 -0.072580570962300556 0.0024262829090469853 0.031246294194784224 -0.045520306406344593 0.026099238095285606 0.01661177081481004 0.014892083621499842
leaf_weight=42.328516408335418 3.279613494873046 41.594227243214846 1359.6571059841663 195.86658371239901 5.3172607198357564 1389.7867251513526 854.83846942707896 174.16309231892228 807.93693954497576 1683.2444765400141 378.42830067686737 72.918773282319307 42.283390883356333 5.4097164273262015 6.4536391571164131 1306.8376674801111 269.1638341229409 14.149524401873348 82.68846508488059 2387.7943878825754 22.868753202259541 419.58870221674442 23.686671908944845 11.536458950489758 1197.7376454621553 9.5340175554156286 32.333932671695948 11.694668054580687 8.4131152965128404 338.80817152932286
leaf_count=1568 14 159 20378 965 19 14039 5800 1131 20881 6306 2113 231 160 13 21 8598 1759 65 595 8201 90 1419 82 42 3915 30 127 46 35 1143
internal_value=-0.000383785 0.00547582 -0.0160117 0.002739 0.0144918 -0.0120945 -0.00146707 -0.00573781 -0.0286783 0.0122294 0.0251917 0.000382876 0.00791278 -0.0180722 -0.0179113 0.00115482 0.00199385 -0.00644348 -0.0143647 0.00518069 0.00263233 0.0033446 0.00477847 -0.0279939 0.00218016 -0.0121196 0.00150313 -0.0195812 -0.0326918 0.00698756
internal_weight=13200.3 9600.63 3599.71 7364.98 2235.65 2749.44 2705.12 1029 850.265 1845.45 390.199 162.206 115.202 47.0039 11.7709 1676.12 1590.15 283.313 85.9681 4659.86 1933.26 1889.32 1693.45 43.9392 1273.87 32.4028 1250.18 52.4417 40.747 2726.6
internal_count=99945 43079 56866 34057 9022 34417 17962 6931 22449 6869 2153 563 391 172 40 11031 10422 1824 609 16095 6751 6589 5624 162 4205 120 4123 208 162 9344
is_linear=0
shrinkage=0.05


Tree=24
num_leaves=31
num_cat=0
split_feature=9 9 9 9 31 9 31 9 1 33 1 4 7 13 3 10 8 8 12 14 19 34 3 10 9 14 8 5 11 16
split_gain=442.356 85.9365 73.8575 17.5697 16.5846 16.2554 14.842 12.5241 11.3623 11.0415 9.93114 10.8619 9.40116 9.22665 12.3419 10.1973 8.72233 8.69925 12.4674 12.1645 8.52242 8.74638 8.66153 9.44827 8.88743 8.16212 8.10019 7.97636 8.19369 8.26382
threshold=1.0000000180025095e-35 -0.70999999999999985 1.3300000000000003 2.8850000000000002 14.500000000000002 -0.435 23.500000000000004 -0.85499999999999987 0.92907505800718992 55.750000000000007 0.37141561188963268 0.48305084745762716 0.030769230769230761 0.1283882783882784 0.50643711002671421 0.14523135447988403 0.21525096525096529 0.13680926916221037 0.15105309346204479 0.23177871708459477 0.17262664963814395 18.500000000000004 0.6669063664608702 0.11024132683803631 0.41500000000000004 0.16982932449949592 0.069204980842911892 0.23618933226567021 0.046571876129654181 450.00000000000006
decision_type=2 2 2 2 2 2 2 2 10 2 8 10 2 10 8 10 10 8 10 10 2 10 8 10 2 10 8 10 10 10
left_child=1 7 4 26 8 -3 -5 -1 9 13 11 17 -13 20 -15 -16 -11 18 27 -19 21 22 24 -24 -2 -25 -4 28 -6 -30
right_child=2 5 3 6 10 -7 -8 -9 -10 16 -12 12 -14 14 15 -17 -18 19 -20 -21 -22 -23 23 25 -26 -27 -28 -29 29 -31
leaf_value=-0.032406476932254354 0.0018986550754845474 -0.01404620936890238 -0.018944667676700156 -0.061947771086340087 0.06206397442368148 -0.0067843017552639611 0.025861524288936344 -0.02126583776949624 -0.040917253830749192 -0.0022459059203769308 0.0042943455898626862 0.013784218881540525 -0.04661697291855655 -0.054640887792341809 0.031033276610739437 -0.02472924577460818 0.044242843521693442 0.0060733741167392566 0.044002328272650812 -0.061117129527050042 -0.016090279284663011 0.018623556903717132 -0.016228913331126523 0.00060662957334790737 0.043063506053205192 0.044494889011452134 0.012585167902807321 0.070611233073399712 0.0087169401850208557 0.033595053372767053
leaf_weight=450.62165105575696 33.668899787589908 1248.6560358614661 20.610101189464331 4.8820887021720401 8.2824674919247609 2012.8656113771722 336.56855444051325 573.11217012675479 17.048734962940216 1547.3875406449661 4059.3535056691617 11.521229535341265 14.613160662353037 5.1128636300563803 79.181784113869071 9.1456020772457105 10.155881904065607 144.03878265991807 38.750917509198189 7.0667422488331786 49.126775601878762 99.074498269706964 87.672497507184744 66.28050466440618 21.474885310977697 12.608975540846584 1748.7339581474662 6.1142261847853652 279.50608700141311 37.907026205211878
leaf_count=12554 200 18751 82 16 20 19030 1979 12718 135 9570 13908 42 65 39 391 60 50 488 107 22 331 521 575 381 81 53 6694 15 950 117
internal_value=-0.000368264 -0.0135314 0.00607396 0.0142218 0.00348581 -0.00956448 0.024606 -0.0261697 -0.000269898 7.30134e-05 0.00514712 0.0114664 -0.0199894 0.0068491 0.0208875 0.0252595 -0.00194278 0.0130423 0.0171654 0.00293108 0.00330293 0.00627296 0.000753804 -0.00493262 0.0179297 0.00762133 0.0122179 0.0140312 0.0129691 0.011688
internal_weight=13041.1 4285.26 8755.89 2110.79 6645.09 3261.52 341.451 1023.73 2037.94 2020.89 4607.15 547.801 26.1344 463.347 93.4402 88.3274 1557.54 521.666 370.561 151.106 369.907 320.78 221.706 166.562 55.1438 78.8895 1769.34 331.81 325.696 317.413
internal_count=99945 63053 36892 8771 28121 37781 1995 25272 12387 12252 15734 1826 107 2632 490 451 9620 1719 1209 510 2142 1811 1290 1009 281 434 6776 1102 1087 1067
is_linear=0
shrinkage=0.05


Tree=25
num_leaves=31
num_cat=0
split_feature=9 9 9 9 9 9 36 0 5 36 3 34 10 1 8 9 19 32 1 33 6 16 2 32 7 14 11 13 31 36
split_gain=408.856 78.701 71.7091 31.6292 12.8338 11.8282 10.9172 9.9032 9.83475 9.70728 9.68908 9.57033 19.5619 14.6133 13.9126 10.7337 15.3263 12.0758 13.6441 11.9903 18.8878 11.5013 10.6595 10.9169 9.68938 12.0391 9.83023 11.7992 9.55603 10.0513
threshold=-0.11000000000000001 1.5250000000000001 -0.70999999999999985 0.58000000000000018 3.0100000000000002 -0.93499999999999994 4.5000000000000009 13.578851910945366 0.24325623700623702 4.5000000000000009 1.1786673503807433e-05 18.500000000000004 0.12093794597662573 0.84876513364384676 0.16302800189843383 0.87500000000000011 0.14246682279469167 25.500000000000004 0.61907728771348347 56.650000000000013 0.12492638398115431 -1.0000000180025095e-35 0.018761400144012095 87.500000000000014 -0.038461538461538443 0.14623298470594423 0.093769031668696726 0.11443452380952382 26.500000000000004 10.500000000000002
decision_type=2 2 2 2 2 2 2 8 10 2 10 8 10 10 10 2 2 8 10 2 8 10 2 10 2 8 10 8 2 2
left_child=2 3 5 6 7 -1 8 28 -2 -4 -7 -5 13 15 -14 17 -17 -13 22 20 21 -18 23 -19 -21 26 -26 -28 29 -3
right_child=1 4 9 11 -6 10 -8 -9 -10 -11 -12 12 14 -15 -16 16 19 18 -20 24 -22 -23 -24 -25 25 -27 27 -29 -30 -31
leaf_value=-0.047218813148930838 0.0031942795523670743 0.027011702005138652 -0.006815267092845201 0.0082636415039211066 0.025196880070164959 -0.038612173788732621 -0.0025473011915019637 0.014220926674141092 -0.032028472569871062 -0.012951863299144398 -0.022675261000364006 0.077615251631385898 0.011593639615398978 -0.023277334500593813 -0.0079037760712847346 0.010475841652226722 0.065876640058127101 -0.0095706634181732461 0.007012956278450503 0.018633962020326626 -0.060954334853993486 -0.0038254712055164025 -0.051327831703196582 -0.066260825964666717 -0.046667541499146023 -0.066830265021732504 -0.043504009719762121 0.05091475707486437 -0.028900509965503658 -0.036138789843873607
leaf_weight=60.88606890081428 1771.2915534274653 25.179857987910509 1186.586202764418 2438.5090712849051 272.20123884268105 107.5809790045023 2042.9402167033404 1288.2007112838328 20.042098648846149 1410.4762979466468 840.26710424921475 4.0363905802369109 639.94969949871302 77.431325681507587 106.75764554366469 294.64697441458702 12.478710629045967 139.32089206390083 83.246289614588022 9.5019531026482564 6.9398683011531821 11.257183779031038 20.699765857309103 9.0435424894094449 12.801228471100332 19.369035191833973 5.4276619628071758 8.4760181270539761 26.620913960039616 8.4039686843752843
leaf_count=2015 9209 80 13760 8206 1723 3106 12489 5126 104 18812 20327 14 2139 288 362 988 30 578 323 29 27 47 85 30 51 75 22 24 116 32
internal_value=-0.000238473 0.00527502 -0.0145425 0.00317572 0.0152937 -0.0258563 -4.90057e-05 0.0132946 0.00280019 -0.0101481 -0.0244841 0.00634618 0.00314664 -0.00276643 0.00880607 -0.000274167 0.00504938 -0.00818427 -0.00955687 -0.0134881 0.0116045 0.0328191 -0.0177158 -0.0130262 -0.0273383 -0.0368193 -0.0150524 0.0140559 -0.00652634 0.011209
internal_weight=12960.6 9354.77 3605.8 7734.17 1620.61 1008.73 3834.27 1348.41 1791.33 2597.06 947.848 3899.89 1461.38 714.677 746.707 637.246 380.899 256.347 252.31 86.2517 30.6758 23.7359 169.064 148.364 55.5759 46.0739 26.7049 13.9037 60.2047 33.5838
internal_count=100217 42197 58020 35120 7077 25448 21802 5354 9313 32572 23433 13318 5112 2611 2501 2323 1293 1030 1016 305 104 77 693 608 201 172 97 46 228 112
is_linear=0
shrinkage=0.05


Tree=26
num_leaves=31
num_cat=0
split_feature=9 9 9 9 9 9 31 37 13 32 6 9 3 16 12 12 14 3 6 4 31 20 1 19 32 40 0 10 14 10
split_gain=379.664 70.4258 65.6951 30.4344 11.3864 10.9152 10.2329 12.3125 10.9894 10.1234 10.2297 10.035 9.86167 9.05433 8.33956 10.1282 12.7797 12.5719 12.6396 12.5836 15.88 11.3955 11.3803 11.0227 13.5528 12.3984 10.9424 10.3117 16.0332 10.2812
threshold=-0.11000000000000001 1.5250000000000001 -0.73499999999999988 0.58000000000000018 3.9750000000000001 -0.38499999999999995 14.500000000000002 7.5000000000000009 0.062781531531531543 55.500000000000007 0.066618427399903535 -0.93499999999999994 0.00064928661318356046 1.0000000180025095e-35 0.20864427860696519 0.10876959479443953 0.21580840590685349 0.21026678248125283 0.073040783403617027 -1.0000000180025095e-35 27.500000000000004 0.33610001377600224 0.88382922348049686 -0.049886877828054295 86.500000000000014 inf 16.562393359928322 0.077932846589563023 0.1344460436108145 0.11607618286931388
decision_type=2 2 2 2 2 2 2 2 10 8 10 2 8 8 10 8 8 8 8 8 2 8 10 2 10 8 8 10 10 10
left_child=2 3 11 6 -3 12 -2 8 9 -8 -11 -1 -4 -12 15 17 27 29 -19 20 -20 -18 -21 24 25 -23 -22 28 -17 -5
right_child=1 4 5 14 -6 -7 7 -9 -10 10 13 -13 -14 -15 -16 16 21 18 19 22 26 23 -24 -25 -26 -27 -28 -29 -30 -31
leaf_value=-0.046048037032981388 -0.0022788557047633117 0.013601837592397343 -0.031373876101785818 0.0032372195691556093 0.031262121410486642 -0.0066263094395230112 0.028880896532599343 -0.021617610170700453 0.0022600711319319079 -0.04241630036899454 -0.016059337009587001 -0.024531673051916329 -0.01216587174984343 0.020368067934114192 -0.0054375821503858529 0.011976233519717766 0.030303693696564715 0.01255527702859828 0.014550147420700564 -0.0005862869792733126 0.0036168768216726897 -0.059458855176550696 -0.048334294790775778 0.0023907131256303061 0.028182392083593622 0.014453077408228638 -0.064733351620337332 0.012652597050698988 -0.030604945837093979 0.041317891119784303
leaf_weight=57.989441476296633 2184.388676754199 1496.2562537286431 70.169331388548017 31.747092720121145 97.200066708028316 1179.8271095426753 78.534590631723404 49.389217797666788 1397.8440372962505 10.297736186534165 23.542960662394762 827.11717427801341 1401.2277598758228 61.933314070105553 146.52996651828289 56.966663211584091 33.052771937102079 295.63646763749421 249.0651931706816 1130.553546667099 12.4865660071373 23.022028721868995 12.618347279727457 390.22601639479399 9.1304197832941991 7.5295332074165335 11.026513278484343 1360.8892666492611 36.126124586910009 40.128653779625893
leaf_count=2015 15248 6395 1346 139 682 11648 289 215 5663 48 96 21409 21602 243 503 208 102 1020 837 4208 38 81 42 1290 27 22 34 4500 137 130
internal_value=-0.000213018 0.00511615 -0.0141467 0.00312493 0.0146791 -0.0102091 -4.50931e-05 0.00296402 0.00373625 0.0155743 0.00466291 -0.0259414 -0.0130819 0.0103348 0.00626132 0.0067246 0.00924765 0.00401241 0.00315205 0.00118848 0.0108421 0.00201274 -0.00111333 -0.000162367 -0.0252689 -0.041243 -0.0284361 0.0115513 -0.00454806 0.0244979
internal_weight=12782.5 9246.12 3536.33 7652.67 1593.46 2651.22 3805.93 1621.54 1572.15 174.309 95.774 885.107 1471.4 85.4763 3846.74 3700.21 1916.94 1783.26 1711.39 1415.75 272.578 462.961 1143.17 429.908 39.682 30.5516 23.5131 1453.98 93.0928 71.8757
internal_count=100217 42197 58020 35120 7077 34596 21802 6554 6339 676 387 23424 22948 339 13318 12815 6367 6448 6179 5159 909 1522 4250 1420 130 103 72 4845 345 269
is_linear=0
shrinkage=0.05


Tree=27
num_leaves=31
num_cat=0
split_feature=9 9 9 31 9 33 2 8 7 33 9 12 11 19 2 6 6 19 9 5 6 6 6 20 0 11 6 5 11 5
split_gain=346.689 63.2042 61.2372 26.1419 10.3586 10.2886 12.7398 12.7065 10.4781 10.0902 10.056 9.61513 12.7601 10.5256 11.5053 12.4222 10.4302 10.4683 9.26019 9.7006 9.18865 12.2327 12.8639 9.55003 11.2979 12.9436 13.686 9.15813 15.1364 9.05745
threshold=-0.11000000000000001 1.5250000000000001 -0.70999999999999985 14.500000000000002 3.9750000000000001 60.150000000000013 -0.03013462248525214 0.20638945233265724 0.076923076923076941 55.650000000000013 -0.91499999999999992 0.087082912032355922 0.18425027826363494 0.1669510807736064 -0.0058320528724992724 0.14637172426314835 0.15391123259143566 0.043478260869565251 1.0350000000000001 0.054074940473704002 0.079836126067193355 0.13233904147670414 0.17862289007822152 0.38558154185368937 15.221831005107623 0.1454952820134757 0.084864560726629706 0.042264971945494105 0.12372435697177968 0.07778404108731056
decision_type=2 2 2 2 2 2 2 10 2 2 2 10 8 2 2 10 8 2 2 10 10 10 10 8 8 10 10 10 8 8
left_child=2 3 10 9 -3 6 -5 20 27 -2 -1 13 18 14 29 -16 -17 -18 19 -13 -7 23 -23 -22 -25 26 -26 28 -8 -10
right_child=1 4 -4 5 -6 7 8 -9 11 -11 -12 12 -14 -15 15 16 17 -19 -20 -21 21 22 -24 24 25 -27 -28 -29 -30 -31
leaf_value=-0.038440069218636463 0.0046559728996447515 0.012987696592414034 -0.0095581010169631837 -0.0013404295177047807 0.030202251799277064 0.027550118621591898 0.05453429993338467 -0.033499275514120928 -0.019466766896301037 -0.0028449336292963767 -0.022516005908877593 -0.027543247123694322 -0.016892818122126431 -0.0063978557064627174 0.028071188824971394 -0.071814724803833871 -0.013148119735827852 0.066156886179122423 0.01525403295819215 0.0055294247740278954 -0.023120070392051217 0.030263723042112292 -0.010482364370583343 -0.0033707323927812446 -0.027712358651611247 -0.014941759182923368 0.032746137549665842 0.0028380420781527879 -0.027991512175471103 0.012174606849332449
leaf_weight=112.16835837252438 580.16263607144356 1474.9608994573355 2520.1688396995887 816.51501583680511 92.890748083591461 90.920946974307299 20.111425802111629 15.013220231980084 26.476965226233006 1973.295812738128 853.67039638687856 22.821094579994678 57.44156002625823 53.556285407394171 219.8012474309653 5.160393692553046 16.184461597353224 5.6012799367308608 272.70619941875339 779.22292413190007 29.041277933865786 104.38828049600124 23.783845208585262 124.44613507017493 10.496499307453631 23.805487632751465 86.496901154518127 2062.2932460140437 7.6773019582033148 155.13925041630864
leaf_count=3462 3701 6395 32572 3013 682 300 56 67 102 13506 21986 101 230 198 715 20 68 15 897 2844 107 331 79 424 34 96 271 7361 33 551
internal_value=-0.000242733 0.00486904 -0.0136606 0.00297946 0.0140076 0.0050714 0.004313 0.0118152 0.00555918 -0.00114068 -0.0243654 0.00858525 0.00606753 0.0145002 0.017113 0.0241431 -0.00789814 0.0072418 0.00729468 0.00458839 0.0131941 0.00995088 0.0227028 0.003992 0.00720254 0.018095 0.0262034 0.00322224 0.0317346 0.00756176
internal_weight=12636.4 9150.41 3486.01 7582.56 1567.85 5029.1 4520.71 508.393 3704.19 2553.46 965.839 1614.11 1132.19 481.92 428.364 246.747 26.9461 21.7857 1074.75 802.044 493.379 402.458 128.172 274.286 245.245 120.799 96.9934 2090.08 27.7887 181.616
internal_count=100217 42197 58020 35120 7077 17913 16204 1709 13191 17207 25448 5741 4072 1669 1471 818 103 83 3842 2945 1642 1342 410 932 825 401 305 7450 89 653
is_linear=0
shrinkage=0.05


Tree=28
num_leaves=31
num_cat=0
split_feature=9 9 9 31 9 33 9 9 0 10 3 12 1 19 1 2 32 1 10 19 3 3 19 10 13 34 7 3 1 2
split_gain=318.549 68.9238 49.5931 16.1041 13.1041 9.80941 9.62375 9.57191 9.55921 8.50738 10.5775 8.42763 11.758 12.6162 11.6785 11.2504 11.1267 10.7329 8.70946 8.63202 8.42473 8.07178 7.83158 7.68559 10.5751 7.45829 11.0143 20.4146 9.99869 16.3878
threshold=1.0000000180025095e-35 -0.70999999999999985 1.5250000000000001 14.500000000000002 -0.38499999999999995 55.650000000000013 3.0100000000000002 -0.93499999999999994 13.578851910945366 0.058617862654320993 0.85134934229734149 0.1330383480825959 0.46422157383402907 -0.026981526981526886 0.47056218938785238 -0.019417475728155394 27.500000000000004 0.30068481678926812 0.093677941574034321 -0.10714285714285711 1.1786673503807433e-05 0.00064928661318356046 -0.18025402451631953 0.11330748291179947 0.081190947044605596 16.500000000000004 0.27307692307692316 0.972633895548218 0.53216098419273206 0.043315284796646342
decision_type=2 2 2 2 2 2 2 2 8 8 10 10 8 2 8 2 10 10 10 2 10 8 2 8 10 8 2 8 8 2
left_child=1 7 3 5 21 -2 8 -1 -4 10 -10 12 13 -11 -14 16 -15 -18 -19 22 -9 -3 -16 24 -17 -5 28 -28 29 -27
right_child=2 4 6 25 -6 -7 -8 20 9 11 -12 -13 14 15 19 23 17 18 -20 -21 -22 -23 -24 -25 -26 26 27 -29 -30 -31
leaf_value=-0.044176912908257059 0.0062053421905226879 -0.029638301127415063 -0.0082568581080568453 0.006714103880139502 -0.0053535435851138338 -0.0021901785815479189 0.02236493663590175 -0.036197499137365967 0.052785995283705527 0.042798378029452785 0.0040243903475345897 0.017773379212831446 -0.054159293977914448 -0.049433959920091058 0.0091586773123398246 -0.040929145577768035 0.050835125157051103 0.030978743161022095 -0.025097662889536139 0.007643187183120341 -0.020665591923964249 -0.011063647031229827 -0.050396035954754406 0.04151929830437822 0.027617618949473038 0.0091998788959200203 -0.0020167716096718361 0.024902910014934901 -0.00083914734451247339 -0.036030424560061329
leaf_weight=53.321549686137587 447.61381520330906 61.289508725982159 57.742282152175903 2758.5403176937252 1762.2208449700847 1562.256322901696 248.79502108693123 98.065830748062581 28.15950308740139 46.602567669004202 18.381316881626844 389.32336743734777 8.0289744511246663 11.068656012415884 9.9197044670581835 8.2569142058491725 10.456891581416128 10.095603369176386 22.042157728224993 610.01163879595697 795.75083083240315 1279.6182848187163 12.446733407676218 35.854879505932331 17.663327515125275 491.32950092479587 135.28074707090855 146.90722706913948 1361.2202251460403 20.877349440008402
leaf_count=2015 2597 1207 228 9553 16827 9976 1723 3106 81 150 81 1841 25 38 40 32 32 34 83 2479 20327 19717 47 102 61 1736 508 501 4990 80
internal_value=-0.000258309 -0.0117913 0.00525738 0.00345007 -0.00818783 -0.00032043 0.0133577 -0.0235974 0.0116287 0.0125559 0.0335276 0.011737 0.00880827 0.0208404 0.00576379 0.011976 -0.00477137 0.00683466 -0.00748209 0.00652461 -0.0223697 -0.0119126 -0.023983 0.0265243 0.00578199 0.00499219 0.00278866 0.0119976 0.00140154 0.00735631
internal_weight=12519.1 4050.27 8468.88 6924.03 3103.13 2009.87 1544.85 947.138 1296.05 1238.31 46.5408 1191.77 802.448 162.041 640.407 115.438 53.6633 42.5947 32.1378 632.378 893.817 1340.91 22.3664 61.7751 25.9202 4914.16 2155.62 282.188 1873.43 512.207
internal_count=100217 63199 37018 29941 37751 12573 7077 25448 5354 5126 162 4964 3123 532 2591 382 187 149 117 2566 23433 20924 87 195 93 17368 7815 1009 6806 1816
is_linear=0
shrinkage=0.05


Tree=29
num_leaves=31
num_cat=0
split_feature=9 9 9 31 36 3 9 36 36 2 0 9 18 9 2 19 34 14 19 0 0 8 32 0 8 38 34 9 33 2
split_gain=292.384 53.2537 51.864 21.9234 8.63437 9.74001 8.57457 8.47177 10.3432 10.8811 9.438 8.44029 8.13713 7.99406 8.39018 7.16223 7.12526 6.92822 6.7919 6.84 6.76305 7.82849 7.73069 6.66428 9.40269 6.79514 6.61013 6.4745 6.44069 9.49293
threshold=-0.11000000000000001 -0.73499999999999988 1.5250000000000001 14.500000000000002 6.5000000000000009 0.42972192722406527 3.9750000000000001 4.5000000000000009 13.500000000000002 1.0000000180025095e-35 13.264953803103289 -0.95499999999999985 0.162280701754386 0.435 -0.031985515992758042 -1.0000000180025095e-35 27.500000000000004 0.053455525166346905 -0.10477313384290131 16.257739364325939 13.578851910945366 0.080540540540540564 20.500000000000004 13.264953803103289 0.087337909992372245 1450.0000000000002 6.5000000000000009 -1.0000000180025095e-35 60.150000000000013 -0.03013462248525214
decision_type=2 2 2 2 2 8 2 2 2 2 8 2 10 2 2 2 8 8 2 10 8 8 8 10 8 2 8 2 2 2
left_child=1 11 3 7 -3 -6 20 10 17 -10 -2 -1 -11 15 -15 18 -13 -9 19 -12 21 -4 -22 24 -23 -26 -17 -20 29 -5
right_child=2 4 6 28 5 -7 -8 8 9 12 13 16 -14 14 -16 26 -18 -19 27 -21 22 23 -24 -25 25 -27 -28 -29 -30 -31
leaf_value=-0.049096415195028165 0.026526718950091139 -0.0071556042961432864 0.025972740556433616 -0.00086054377640808546 -0.029391948213812465 -0.011540220909328118 0.028218426081083575 -0.018016792365935851 -0.00021147432459309168 -0.0046738974869389854 -0.00087490316908847392 -0.019875204199738799 0.050673340259576809 -0.0091756070409873287 0.015387727645565764 0.020561723198382138 -0.030456591606122147 -0.0034746178512734547 -0.0049394873169833868 -0.048345114411026527 -0.068181724115719003 -0.056088334000988831 0.012893593549083725 -0.034275758968213131 -0.022139990943358473 0.03958971267136388 -0.006604484409825028 0.017488478835115076 0.010043759042695118 0.0051280063160872294
leaf_weight=31.612067159963772 39.72115433216095 1706.4910874303896 16.26874040812254 807.14011692628264 84.771206039004028 774.48665836453438 86.112390920519829 87.013421814888716 57.141422582790256 9.1146977394819242 97.392785830423236 584.19454261171632 24.466783124953508 44.072785589843988 164.6038910523057 23.735677655786276 218.63603088306263 1394.7217102032155 43.553942063823342 8.2296885177493078 2.9466357566416255 5.2753445059061077 1352.3002690505236 22.112169252708554 6.6985896416008499 13.328818231821058 395.5292634293437 123.20479214191437 497.88970399089158 3673.8835938870907
leaf_count=1580 238 21610 51 3013 1529 11457 682 689 402 70 656 15258 116 256 808 143 6586 9780 387 57 12 28 6123 104 30 47 2892 713 1709 13191
internal_value=-0.000291818 -0.0127823 0.00442893 0.00272732 -0.00921381 -0.0133014 0.0128988 -0.00108032 -0.00332518 0.0130632 0.00267476 -0.0237547 0.035651 0.00162244 0.0101999 -0.000965472 -0.0227568 -0.00432859 0.00534712 -0.0045736 0.011969 -0.0039551 0.0127173 -0.0142238 0.00329972 0.0189429 -0.00506653 0.0116308 0.00464877 0.00404932
internal_weight=12396.6 3400.19 8996.46 7491.42 2565.75 859.258 1505.04 2512.5 1572.46 90.7229 940.044 834.443 33.5815 900.323 208.677 691.646 802.831 1481.74 272.381 105.622 1418.93 63.6837 1355.25 47.4149 25.3028 20.0274 419.265 166.759 4978.91 4481.02
internal_count=100217 58020 42197 35120 34596 12986 7077 17207 11057 588 6150 23424 186 5912 1064 4848 21844 10469 1813 713 6395 260 6135 209 105 77 3035 1100 17913 16204
is_linear=0
shrinkage=0.05


Tree=30
num_leaves=31
num_cat=0
split_feature=9 9 9 31 31 1 2 1 14 12 32 6 8 33 1 38 14 1 10 12 6 34 16 12 31 10 33 8 19 1
split_gain=283.864 69.5625 39.0609 17.1794 16.9334 12.6235 13.9257 11.4838 11.1319 11.9067 9.95561 9.65271 10.47 12.7388 22.2893 12.4086 13.4103 9.92471 9.90465 9.08319 8.82725 9.82125 8.87143 8.69524 13.7104 8.61467 9.30029 11.0861 9.60284 9.08484
threshold=1.0000000180025095e-35 -0.60499999999999987 1.5700000000000001 1.5000000000000002 16.500000000000004 0.57267965623473571 -0.03604089736185568 0.36798273249835062 0.054602604840924253 0.059072781655034899 72.500000000000014 0.051304742455184939 0.11952380952380953 60.850000000000001 0.3209263823191541 1350.0000000000002 0.084259373585216304 0.16100817678123311 0.093349915923535962 0.31311274509803927 0.096169792065314466 6.5000000000000009 -549.99999999999989 0.1330383480825959 35.500000000000007 0.11574626535843721 58.850000000000001 0.082650273224043724 0.18080138428502937 0.76433891437949453
decision_type=2 2 2 2 2 8 2 8 8 8 10 8 8 2 10 2 8 10 10 10 8 10 10 10 2 10 2 10 2 10
left_child=1 3 4 -1 5 6 20 8 -6 -10 25 -11 13 -13 -15 18 -17 -18 -14 -9 21 -2 -23 24 -4 -7 28 -28 -27 -29
right_child=2 -3 23 -5 7 10 -8 19 9 11 -12 12 15 14 -16 16 17 -19 -20 -21 -22 22 -24 -25 -26 26 27 29 -30 -31
leaf_value=-0.029720835178020891 0.04266908032004961 -0.006352855590510448 0.006748717894827401 -0.016899040191104484 -0.035395277925542111 -0.0091852671117538445 0.0059965335770364595 0.0048179007844592267 -0.02213410426360107 -0.034086007083431638 0.0069357334928171199 0.028836242663937924 0.030776886432595088 -0.077598223018912532 0.040306713883014905 -0.044394971028193328 -0.023459643553390346 0.024994660582312811 -0.030287531823935884 0.055378718384671691 -0.013823764713160614 -0.04013213861207654 0.0030729274771237576 0.0186688586927025 0.020650736813441626 -0.00097448697123161997 -0.050828606892416278 0.0058848547377934272 0.017621215766589957 -0.030675254058197744
leaf_weight=364.64079322014004 14.136814031749962 2639.2843693424948 710.19207823090255 921.33992434479296 11.272619329392908 557.14473274350166 1314.6761827412993 3637.3210253212601 20.553379096090794 9.0671753585338575 212.19360825046897 199.81148271635175 8.5881181657314283 7.86092081665993 8.1790737360715848 8.5643892213702184 11.691940817981957 109.93608546257019 29.282169070094824 8.9045550078153592 162.43655560910702 13.161219771951435 122.17458088323474 449.02219977043569 236.38010492175817 299.06298393756151 16.922590089961886 51.691114816814661 90.413435216993093 25.312715176492929
leaf_count=13091 60 30145 2518 19894 48 3385 7314 12318 69 31 1164 610 28 29 22 33 37 339 103 23 1055 98 756 2465 1772 1665 116 297 449 150
internal_value=8.97601e-05 -0.010999 0.00530504 -0.0205347 0.00377227 0.000837693 0.0037431 0.00584781 0.0136279 0.0149643 -0.00293474 0.0169045 0.0181088 0.0253947 -0.0174764 0.00875115 0.0160786 0.0203368 -0.0164395 0.00494138 -0.00575499 0.0030136 -0.00112871 0.0129386 0.0102204 -0.00494758 -6.34446e-05 -0.0141859 0.00334234 -0.00613319
internal_weight=12271.2 3925.27 8345.95 1285.98 6950.36 2879.33 1626.59 4071.03 424.807 413.535 1252.74 392.981 383.914 215.851 16.04 168.063 130.192 121.628 37.8703 3646.23 311.909 149.473 135.336 1395.59 946.572 1040.55 483.403 93.9264 389.476 77.0038
internal_count=100084 63130 36954 32985 30199 16509 9283 13690 1349 1301 7226 1232 1201 661 51 540 409 376 131 12341 1969 914 854 6755 4290 6062 2677 563 2114 447
is_linear=0
shrinkage=0.05


Tree=31
num_leaves=31
num_cat=0
split_feature=9 9 9 9 9 13 5 6 6 4 11 12 40 4 3 17 32 1 11 34 16 7 34 4 7 14 13 31 0 18
split_gain=260.889 66.4496 33.4305 19.3888 14.5494 13.0561 18.4482 11.1134 16.4337 10.9038 10.9516 10.4555 13.7019 13.3891 10.2673 10.09 9.92527 9.77831 10.3406 11.063 12.7867 10.6735 15.2079 10.4399 10.1085 12.5759 9.64891 9.58924 9.50645 9.34812
threshold=0.039999999999999994 -0.55499999999999983 1.5700000000000001 -0.85499999999999987 0.63000000000000023 0.21778656126482215 0.2055065244463696 0.10298553151644475 0.098690336175634635 0.22790697674418606 0.18425027826363494 0.20977698128235764 1.0000000180025095e-35 0.020408163265306107 0.46754190995045741 1.0000000180025095e-35 24.500000000000004 0.041375526352038498 0.096793959519291609 10.500000000000002 550.00000000000011 0.21153846153846154 24.500000000000004 0.15389855376231401 0.12692307692307694 0.15391422736555485 0.17792998477929986 17.500000000000004 14.582447248227767 0.85164835164835173
decision_type=2 2 2 2 2 10 10 8 10 10 10 10 10 10 10 10 8 8 10 8 10 2 8 10 2 8 10 2 8 10
left_child=1 3 4 -1 5 7 -7 8 15 10 29 -6 -13 -14 -15 17 -10 -2 23 -20 21 -21 -23 -19 -25 -26 27 -12 -17 -9
right_child=2 -3 -4 -5 11 6 -8 9 16 -11 26 12 13 14 -16 28 -18 18 19 20 -22 22 -24 24 25 -27 -28 -29 -30 -31
leaf_value=-0.028642303569791139 0.04762862694465516 -0.0054468293918227429 0.01226103887874283 -0.015512050233381364 0.0065132557836192866 0.03655835401046971 -0.029802918793902407 0.0047051452914707009 0.054809466460992655 -0.007969982932965837 -0.028956508554951261 0.009557637725147887 0.016236342874055041 0.010453859365107399 -0.044189858654463288 -0.011719790478768942 -0.019986745115868815 -0.012642182038924202 0.010292102229013111 -0.0047788724720826646 -0.040217965434741418 0.026791402982516685 -0.018253352165191462 -0.0039992336061900639 0.046944649822456927 -0.033587273438324676 -0.05884564288025889 0.016960125519373013 0.018467815888117245 0.020230317023190419
leaf_weight=376.13305885368027 9.8421397767961007 2460.3799051758833 1374.9727556873113 1113.4301502360031 3368.1487209126353 52.772837933152914 13.065799426287411 1401.3216469958425 4.5716407857835284 181.78138832561672 23.274744194000959 62.948558356612921 17.350505717098713 10.573108695447443 45.981085514649749 33.576592542231083 148.72083503194153 344.83820878155529 231.72831150703132 395.70801897905767 21.946048531681299 66.424099966883659 26.100787740200758 83.300421092659235 23.214601006358865 6.1273214146494857 10.927805464714764 22.231651090085506 116.80238335952163 104.16725665330887
leaf_count=12574 33 27044 6755 23969 12072 223 62 6932 25 1040 136 222 50 37 175 208 824 1947 1175 2206 134 299 154 511 95 44 58 69 591 420
internal_value=6.42024e-05 -0.0104929 0.00514804 -0.0188276 0.00371556 0.00134485 0.0233888 0.000899189 -0.00223657 0.00361988 0.00496875 0.00596279 -0.00758491 -0.0221861 -0.0339739 -0.000486777 -0.0177561 -0.00200574 -0.00241304 0.0012326 -0.00288231 -0.00120408 0.0140845 -0.00832526 0.00489038 0.0301276 -0.0166558 -0.00652444 0.0117275 0.00577936
internal_weight=12152.4 3949.94 8202.42 1489.56 6827.45 3322.44 65.8386 3256.61 1512.9 1743.7 1561.92 3505 136.853 73.9047 56.5542 1359.61 153.292 1209.23 1199.39 741.907 510.179 488.233 92.5249 457.481 112.642 29.3419 56.4342 45.5064 150.379 1505.49
internal_count=100084 63587 36497 36543 29742 17186 285 16901 8246 8655 7615 12556 484 262 212 7397 849 6598 6565 3968 2793 2659 453 2597 650 139 263 205 799 7352
is_linear=0
shrinkage=0.05


Tree=32
num_leaves=31
num_cat=0
split_feature=9 9 9 9 31 1 2 10 13 13 4 35 11 36 32 10 13 33 4 36 1 16 9 14 32 1 14 14 6 13
split_gain=244.022 61.8622 29.2332 17.8759 14.5457 9.66024 9.89844 9.7383 8.51171 8.70469 11.1076 10.7578 8.84474 8.18201 11.0042 8.08335 8.01221 7.42589 8.56431 7.36024 8.82085 8.98941 7.44953 7.30808 7.84296 7.02751 10.3799 8.53822 10.3325 11.0598
threshold=0.039999999999999994 -0.55499999999999983 1.5700000000000001 -0.85499999999999987 16.500000000000004 0.57267965623473571 -0.03604089736185568 0.11476585836253735 0.11443452380952382 0.1471728226174191 0.21951219512195122 17.500000000000004 0.097319518607423397 10.500000000000002 50.500000000000007 0.052691936262675043 0.075134408602150551 56.45000000000001 -0.19402985074626861 12.500000000000002 0.29857025047600644 150.00000000000003 3.9750000000000001 0.11722049879944618 75.500000000000014 0.36798273249835062 0.054602604840924253 0.12390655683354161 0.21701769782068162 0.0621778350515464
decision_type=2 2 2 2 2 8 2 10 8 10 10 2 10 2 10 10 10 2 10 2 10 8 2 8 8 8 8 8 8 10
left_child=1 3 4 -1 5 6 -2 8 13 10 15 -11 -13 16 -15 -10 -7 18 -3 22 -21 -22 -4 -14 -25 26 -6 -28 29 -29
right_child=2 17 19 -5 25 7 -8 -9 9 11 -12 12 23 14 -16 -17 -18 -19 -20 20 21 -23 -24 24 -26 -27 27 28 -30 -31
leaf_value=-0.027832362274205647 -0.0046247885949565705 -0.011344012978896778 0.011577224824545262 -0.015103054652921756 -0.036482607067660475 0.0056542736058055251 0.0054377654036063417 0.0020327327854445191 -0.043057212542197243 0.026743162284820807 0.035516333530087617 0.00013093481503116894 -0.063009592797357517 -0.053724769773794728 0.0020808970866367325 0.002649913242948017 -0.014344382453725026 -0.0074625636132100897 0.00063771905616118217 0.058483094716748951 -0.00052935226222464496 -0.049531824101152075 0.027818231465853844 -0.04805212379958234 0.011737128209424651 0.0049188610168595694 0.02439209285169824 -0.022290951921571919 0.06529749926668986 0.010276440696628522
leaf_weight=368.42598076770082 302.49626614525914 186.85676471143961 1222.652197250165 1097.0595453947317 10.800730578601359 65.704742353409529 1272.3807329162955 611.51129939779639 10.216150183230637 12.62376739643514 25.214258644729853 23.897891765460372 17.089817252010107 25.144827477633953 13.617859520018099 181.95697068981826 210.64833941869438 1518.2042667530477 738.8628311669454 4.9766538962721816 43.83433822914958 11.899882994592188 74.933483017608523 11.45235417596996 10.526504788547753 3554.92541779764 118.94489010795951 29.28049623966217 7.7422785162925711 237.66850171424448
leaf_count=12574 1925 2247 5860 23969 46 384 7135 3435 75 62 134 139 101 189 90 1062 1347 16810 7987 15 170 58 652 84 60 12195 381 88 17 793
internal_value=8.07291e-05 -0.0101809 0.00502602 -0.0183032 0.00367997 0.00091797 0.00350499 -0.00242265 -0.00690307 -0.000768125 0.004314 -0.0153836 -0.0238293 -0.012607 -0.0341195 0.000220068 -0.00958957 -0.0053104 -0.0017808 0.011719 -0.00529685 -0.0109919 0.0125151 -0.0384856 -0.0194168 0.00562937 0.0118746 0.0132014 0.00835574 0.00670426
internal_weight=12021.6 3909.41 8112.14 1465.49 6753.84 2794.48 1574.88 1219.6 608.093 292.978 217.387 75.5903 62.9666 315.116 38.7627 192.173 276.353 2443.92 925.72 1358.3 60.7109 55.7342 1297.59 39.0687 21.9789 3959.36 404.437 393.636 274.691 266.949
internal_count=100084 63587 36497 36543 29742 16222 9060 7162 3727 1717 1271 446 384 2010 279 1137 1731 27044 10234 6755 243 228 6512 245 144 13520 1325 1279 898 881
is_linear=0
shrinkage=0.05


Tree=33
num_leaves=31
num_cat=0
split_feature=9 9 9 9 31 5 0 8 33 11 4 14 14 4 11 5 34 1 34 10 12 0 12 31 10 9 34 12 12 4
split_gain=224.785 57.1286 26.873 16.9329 11.9546 8.42336 7.7841 7.68312 7.39343 17.9198 8.38212 8.19097 8.43191 7.63294 12.6262 8.4588 6.8818 6.84892 6.81567 6.70323 6.5332 6.47316 6.43022 10.6504 6.98875 8.00463 13.6557 9.38258 8.01606 7.96557
threshold=0.039999999999999994 -0.55499999999999983 1.5700000000000001 -0.85499999999999987 16.500000000000004 0.23071335972405493 12.161135070495147 0.087337909992372245 53.250000000000007 0.099246112173962467 -0.32311799841335903 0.19442156324363905 0.24282774838330398 -0.15364911314021826 0.074026832955404395 0.18681932135597937 53.500000000000007 0.3209263823191541 15.500000000000002 0.16120449156088718 0.069848755895267539 15.018529947513155 0.1330383480825959 35.500000000000007 0.14847829245480057 1.7750000000000001 113.50000000000001 0.11443452380952382 0.12705138552596182 0.1491824095526644
decision_type=2 2 2 2 2 10 8 8 2 10 8 10 10 8 10 10 10 8 8 8 8 10 10 2 8 2 8 8 10 8
left_child=1 3 4 -1 5 8 -6 -7 9 18 -10 13 -13 14 -12 20 -5 -14 21 -11 -16 -2 23 24 25 27 28 29 -27 -4
right_child=2 -3 22 16 6 7 -8 -9 10 19 11 12 17 -15 15 -17 -18 -19 -20 -21 -22 -23 -24 -25 -26 26 -28 -29 -30 -31
leaf_value=-0.027102817313975531 0.012667641364800163 -0.005156497155970715 0.021381180385360563 -0.013439072549617313 -0.058119689014892444 0.038987709827240064 0.0053799135051362445 -0.026093536143976179 0.049073855383394066 0.027863436312923335 0.024235104369628009 0.011469203353701442 0.038996447282503538 0.00012529691605864176 -0.073239645558317412 0.029563601237156841 -0.028302017735544339 -0.039827074075425878 -0.037131040622446855 -0.037337998691248701 -0.026591926410646113 -0.038909008641090287 0.016357886930553799 0.018444361042296645 0.020735051299950333 0.0037747263045412923 -0.043787608376323506 0.034624384935139606 -0.028659343938026972 -0.0025323321106269668
leaf_weight=361.13490884867497 27.564235290512443 2417.2481722536031 58.004650671035051 997.68987358710729 4.8321437276899806 5.0511268004775038 3930.2974226456136 44.370703196153045 8.9464420396834594 91.956901144236326 13.968639325350521 240.93618379719555 3.4243802465498474 2244.5927698463202 9.6973903700709325 5.345943145453929 84.475479179061949 14.115350060164927 17.14149415679276 4.1184890121221533 33.214603444561362 7.8063157759606829 426.59098115656525 221.97841116413474 70.768509674817324 397.27416356466711 16.777364188805223 39.085275564342737 20.009632952511311 87.135471623390913
leaf_count=12574 147 27044 198 21521 21 26 13499 304 41 412 72 1272 19 13330 61 26 2448 93 111 25 226 57 2465 1772 253 1452 74 128 88 325
internal_value=6.14358e-05 -0.00985641 0.0048207 -0.0177279 0.00353021 0.00101529 0.00530194 -0.0194419 0.00138661 0.0122313 0.000760648 0.000592156 0.00903261 -0.000353585 -0.0176275 -0.0297449 -0.0145993 -0.0244379 -0.0112554 0.0250684 -0.0371335 0.00128462 0.0112917 0.00891953 0.00585112 0.00414752 0.000441177 0.0128802 0.00221944 0.0070246
internal_weight=11905.6 3860.55 8045 1443.3 6707.38 2772.25 3935.13 49.4218 2722.83 148.587 2574.24 2565.3 258.476 2306.82 62.2266 48.2579 1082.17 17.5397 52.512 96.0754 42.912 35.3706 1337.62 911.033 689.055 618.287 434.061 184.225 417.284 145.14
internal_count=100084 63587 36497 36543 29742 16222 13520 330 15892 752 15140 15099 1384 13715 385 313 23969 112 315 437 287 204 6755 4290 2518 2265 1614 651 1540 523
is_linear=0
shrinkage=0.05


Tree=34
num_leaves=31
num_cat=0
split_feature=9 9 9 9 31 3 1 33 8 1 14 35 13 6 1 13 19 36 2 4 33 13 39 19 12 10 9 9 16 20
split_gain=207.774 43.0964 32.2267 14.4811 14.3995 16.7663 12.1455 9.59218 8.64016 8.47921 9.52595 16.895 14.8886 14.1793 12.4017 20.2009 11.9365 11.5688 10.8714 14.6892 11.3778 10.5998 10.3644 9.50554 9.7576 9.09772 9.08056 9.05119 8.95073 8.84144
threshold=-0.28999999999999992 0.44 -0.80499999999999994 1.5700000000000001 22.500000000000004 0.93453790764670075 0.51838257350763173 53.750000000000007 0.077677224736048281 0.5668155239630005 0.095279359577453177 16.500000000000004 0.18237250554323728 0.16004640371229703 0.75555535145137676 0.11378020713463753 0.10298573975044568 2.5000000000000004 0.0038125497387843346 -0.094304746625745464 62.050000000000004 0.16145324209840342 8.5000000000000018 0.36386946386946395 0.20468236582694418 0.090942172819902092 0.9900000000000001 1.0950000000000002 650.00000000000011 0.46634304207119748
decision_type=2 2 2 2 2 8 8 2 8 10 8 2 10 10 10 10 2 2 2 10 2 8 2 2 10 10 2 2 10 8
left_child=2 4 -1 9 7 8 -7 -2 -6 -3 11 -11 14 26 16 17 -13 25 20 21 -12 22 -20 24 28 -16 -14 -27 29 -21
right_child=1 3 -4 -5 5 6 -8 -9 -10 10 18 12 13 -15 15 -17 -18 -19 19 23 -22 -23 -24 -25 -26 27 -28 -29 -30 -31
leaf_value=-0.024468756550103263 0.0076457499461563454 0.007358085534836455 -0.010072189597768913 0.010747209147801175 0.053530743846338137 -0.020062106788501319 0.039238110545004527 -0.0023098120082905055 -0.0031488809639946547 -0.02343684502067343 0.0016633035247387068 0.022082565696075227 0.0113563094927112 -0.077769812931369531 0.058559489993325511 0.0065485813523380749 0.00082703533055733026 -0.038313129332262802 -0.038041454329247451 0.036984304464924039 0.029071320049039614 0.033774463486932402 0.00011955758284044115 -0.040893321192338912 -0.010297324965724042 -0.05560939424859649 -0.045662404008565118 0.036254347650014417 -0.026550175650369032 0.015867198945605315
leaf_weight=484.98597896331921 261.86483642179519 1844.8532101549208 1958.3758050717879 1314.7941426439211 7.1873676404356948 9.9837205260992032 63.899786118417978 3181.4721067501232 104.22271284647286 84.184877943247557 1444.5502334982157 118.94467962533236 18.198677081614736 10.671079881489275 5.9694754779338863 114.61858896166086 148.5285337921232 55.252394814044237 29.753024287521839 58.760344710201025 38.884874999523163 12.974140141159294 44.262962704524398 7.5728478096425524 33.40811114013195 6.5491583589464408 11.329655978828667 4.5402588546276093 11.018465630710123 316.81990830972791
leaf_count=16571 1835 7119 33873 6755 18 36 204 23757 353 338 5433 434 70 41 21 437 583 239 98 180 125 43 181 29 126 32 38 15 42 1058
internal_value=5.49009e-05 0.00344263 -0.0129298 0.00614027 -0.000822039 0.0127558 0.031225 -0.00155269 0.000507676 0.00477038 0.00291772 -0.00273065 0.000793689 -0.0283725 0.00337392 -0.00650685 0.0102793 -0.0272006 0.00455395 0.0108161 0.00238174 -0.0079131 -0.0152204 0.0146266 0.0156276 0.00879183 -0.0105211 -0.0179983 0.0178679 0.019171
internal_weight=11808.4 9365.07 2443.36 5736.44 3628.63 185.294 73.8835 3443.34 111.41 4421.65 2576.79 578.787 494.603 40.1994 454.403 186.93 267.473 72.3113 1998 514.57 1483.44 86.9901 74.016 427.58 420.007 17.0589 29.5283 11.0894 386.599 375.58
internal_count=100084 49640 50444 23437 26203 611 240 25592 371 16682 9563 2248 1910 149 1761 744 1017 307 7315 1757 5558 322 279 1435 1406 68 108 47 1280 1238
is_linear=0
shrinkage=0.05


Tree=35
num_leaves=31
num_cat=0
split_feature=9 9 9 31 9 34 19 12 4 1 34 32 34 31 1 4 11 5 1 5 34 38 13 35 20 7 1 10 9 37
split_gain=200.471 41.457 38.9141 13.5316 12.6603 11.0004 10.14 11.0299 13.1033 11.0519 10.2333 10.1726 8.75164 10.4984 9.99371 8.77621 9.70765 8.6622 13.4318 12.9338 11.8422 11.8005 11.3955 11.7178 21.3326 11.6239 11.5953 11.3444 11.1363 10.0093
threshold=-0.23499999999999999 0.44 -0.78499999999999992 23.500000000000004 3.0100000000000002 53.500000000000007 0.065088757396449745 0.12705138552596182 0.0099009900990098734 0.71991125296334657 18.500000000000004 47.500000000000007 7.5000000000000009 19.500000000000004 0.34224208452773125 -0.020408163265306058 0.093039405684754536 0.15597257242665408 0.55001408169655963 0.089558728098637255 7.5000000000000009 1850.0000000000002 0.088073691014867506 16.500000000000004 0.30449179383818031 0.12692307692307694 0.8363144363759546 0.13715620238228812 1.3150000000000002 6.5000000000000009
decision_type=2 2 2 2 2 8 2 10 8 8 10 10 8 2 8 8 10 10 8 10 10 2 10 2 8 2 8 8 2 2
left_child=2 3 -1 12 17 -4 7 11 -9 -10 -11 -5 13 -2 15 16 -14 18 -3 22 21 27 25 24 -24 -20 -27 -21 -22 -19
right_child=1 4 5 6 -6 -7 -8 8 9 10 -12 -13 14 -15 -16 -17 -18 29 19 20 28 -23 23 -25 -26 26 -28 -29 -30 -31
leaf_value=-0.023844084190318665 0.0062491738632444675 0.012082757881941445 -0.0075135691966285514 0.014624633296986048 0.01815158978094282 -0.018514161845515544 -0.0092520047478921123 -0.032052749962131623 -0.013827847626918195 0.069621387436622564 -0.002628626587359302 0.057938581736215411 -0.0025389866542978815 -0.029202597510596437 -0.0040444150000172032 -0.00031695996121688773 0.023236249612706199 0.0043975411205802546 -0.013905387094029477 0.00459674757976237 0.0024801836098451032 0.038733679053140957 0.072966478906465196 0.006786163562722553 -0.027948740411885348 0.019577179705717467 -0.03978036703409904 0.036504680256211501 0.01440080837376282 -0.008944861352503759
leaf_weight=551.47265342390165 481.31521081365645 1071.7321117874235 1808.3999728669878 25.28403053805232 215.58419129811227 259.91997523372993 33.766293734312057 15.961318802088497 12.945740874856709 14.138458371162416 7.5010771788656703 29.222653422504663 58.790370848029852 21.829748619347811 2163.9026229334995 448.16680957470089 96.47639355994761 2285.7564144898206 204.24969354830682 118.26375145837665 635.23156918026507 56.953165696933866 5.8511432036757469 512.73067360185087 49.881981838494539 54.077820278704166 9.7039476521313173 36.439252495765686 283.29728351347148 149.77493173442781
leaf_count=18614 3380 4192 28959 71 1720 4972 127 48 44 37 34 74 450 91 15552 3570 676 9146 855 455 2421 174 14 2015 211 209 45 132 1249 607
internal_value=0.000144975 0.0036541 -0.0120426 -0.000705853 0.00626668 -0.00889598 0.0145836 0.0222448 0.00542085 0.0227152 0.0445768 0.0378465 -0.00135483 0.00471104 -0.0024577 0.00323222 0.0134767 0.00579861 0.00757938 0.00512529 0.00861367 0.0192758 0.000412156 0.00441941 -0.0173542 -0.00808676 0.0105463 0.0121124 0.0061568 0.00357704
internal_weight=11718.6 9098.83 2619.79 3409.3 5689.53 2068.32 138.82 105.053 50.5466 34.5853 21.6395 54.5067 3270.48 503.145 2767.34 603.434 155.267 5473.94 3038.41 1966.68 1130.19 211.656 836.495 568.464 55.7331 268.031 63.7818 154.703 918.529 2435.53
internal_count=100144 47599 52545 24154 23445 33931 435 308 163 115 71 145 23719 3471 20248 4696 1126 21725 11972 7780 4431 761 3349 2240 225 1109 254 587 3670 9753
is_linear=0
shrinkage=0.05


Tree=36
num_leaves=31
num_cat=0
split_feature=31 31 31 1 2 34 4 10 8 6 37 33 12 2 13 31 10 31 14 32 16 11 18 12 37 1 7 32 31 19
split_gain=183.083 34.126 33.4267 13.3694 11.1528 10.7009 8.83816 8.83512 12.5873 9.06485 8.51518 10.6894 8.30582 8.24861 10.1964 11.1649 11.0808 11.4847 8.66219 8.53139 11.2125 16.1273 14.3016 16.6156 9.03253 8.89867 7.82401 8.54719 8.31285 7.80234
threshold=8.5000000000000018 2.5000000000000004 16.500000000000004 0.48135655306183617 -0.0092514718250630724 7.5000000000000009 -0.20243968043219482 0.12843124186564031 0.064866760168302964 0.15586884598291445 6.5000000000000009 54.550000000000004 0.047847985347985351 -0.016353157874229567 0.07854152897113903 30.500000000000004 0.18198051948051949 30.500000000000004 0.24282774838330398 75.500000000000014 -1.0000000180025095e-35 0.098418947631546072 0.162280701754386 0.12352614787071717 3.5000000000000004 0.32831401249337228 0.21153846153846154 83.500000000000014 22.500000000000004 -0.13207314928784944
decision_type=2 2 2 8 2 8 10 10 10 10 2 2 8 2 8 2 8 2 8 10 10 8 10 10 2 10 2 10 2 2
left_child=1 -1 5 4 -3 6 -2 -7 9 -9 -10 -12 -8 14 15 -4 19 18 -18 29 22 24 -21 -24 -22 -25 27 28 -27 -16
right_child=2 3 13 -5 -6 7 12 8 10 -11 11 -13 -14 -15 16 -17 17 -19 -20 20 21 -23 23 25 -26 26 -28 -29 -30 -31
leaf_value=-0.020997631994303771 -0.017939214080252279 -0.010650225122813748 -0.010997386554031518 -0.013071094845084025 -0.0013606141648520125 -0.0030529390918606581 -0.030942731941698682 0.016928236691957685 0.0010968848581911015 -0.0084308088550031617 0.03630032117368228 -0.025962689314209326 0.0088382301304837391 0.0079430617718391893 -0.014041969898047983 0.018335269749581669 -0.050544688750886774 0.015284313495981444 0.0082260109022555712 0.039869643234589386 -0.026931536478637198 0.00054419106694905738 -0.039655399076724419 -0.073520385736218288 0.043945514644920879 0.040257429700788841 0.023921563337041013 -0.020435303384675776 -0.011538866979042229 0.0080883336539928491
leaf_weight=649.6750691505149 35.429506320506334 524.41057352395728 191.56406269595027 798.42124847415835 841.63268496701494 2054.6154087809846 13.457851838320492 202.88472106494009 652.2000370528549 42.647530745714903 7.8803917281329623 55.036611715331674 524.45403738506138 3035.6111107738689 40.959994692355394 39.054449273273349 24.401759210973978 16.898271219804883 8.4376168474554998 13.106358224526046 5.1446645334362975 204.18591500259936 46.441649524495006 4.4436259232461444 35.601318273693323 14.421389710158111 23.935778550803661 54.13919092528522 16.735562030225992 1441.3133861105889
leaf_count=22513 259 8225 710 11731 12969 14061 94 1281 4349 297 35 416 3140 11920 151 213 96 93 30 52 19 887 207 19 130 43 105 279 80 5740
internal_value=0.000154344 -0.0109476 0.00370261 -0.00793105 -0.0049268 -1.16737e-05 0.00624976 -0.00120226 0.00275593 0.0125235 -0.000597733 -0.0181642 0.00784296 0.00625783 0.00391203 -0.00603 0.00508773 -0.0182094 -0.0354444 0.00569746 -0.000609925 0.00627554 -0.0103457 -0.0144561 0.0349964 -0.00416104 -0.00133945 -0.00842819 0.0124357 0.0074768
internal_weight=11619.1 2814.14 8805 2164.46 1366.04 3588.61 573.341 3015.26 960.649 245.532 715.117 62.917 537.912 5216.4 2180.78 230.619 1950.17 49.7376 32.8394 1900.43 418.155 244.932 173.224 160.117 40.746 113.676 109.232 85.2961 31.157 1482.27
internal_count=100144 55438 44706 32925 21194 23932 3493 20439 6378 1578 4800 451 3234 20774 8854 923 7931 219 126 7712 1821 1036 785 733 149 526 507 402 123 5891
is_linear=0
shrinkage=0.05


Tree=37
num_leaves=31
num_cat=0
split_feature=9 31 9 2 2 1 36 9 5 1 1 32 14 10 14 9 6 36 31 14 6 31 3 4 6 8 0 35 14 10
split_gain=175.16 35.0926 34.2492 11.395 10.6444 13.56 11.2043 10.4354 11.2456 12.3687 11.8786 11.7284 11.9454 10.573 9.73507 10.1668 9.57246 9.6613 9.3842 14.3586 9.32328 9.30047 9.09589 9.01323 8.84355 11.108 13.5416 12.5706 10.8624 10.3405
threshold=-0.23499999999999999 15.500000000000002 -0.78499999999999992 -0.017551130968138807 -0.0026385224274405685 0.33181408652014283 4.5000000000000009 3.0100000000000002 0.15597257242665408 0.80966860110478001 0.88382922348049686 62.500000000000007 0.21693668284577378 0.050213772816137113 0.057764268828098618 0.19499999999999998 0.10953222278310619 3.5000000000000004 27.500000000000004 0.071474183543149064 0.087809249060232547 36.500000000000007 0.082771124819939937 -0.13527455328029211 0.1579568023833168 0.094044811320754734 16.766634399218891 12.500000000000002 0.096792563744580798 0.14429050814956859
decision_type=2 2 2 2 2 8 2 2 10 10 10 10 8 10 10 2 8 2 2 10 10 2 10 8 10 8 10 2 10 10
left_child=2 4 -1 -4 -2 -6 14 8 10 13 24 -11 16 -10 -7 -16 17 -13 19 -12 -19 -18 -5 -24 25 26 29 -27 -26 -3
right_child=1 7 3 22 5 6 -8 -9 9 11 18 12 -14 -15 15 -17 21 20 -20 -21 -22 -23 23 -25 28 27 -28 -29 -30 -31
leaf_value=-0.022678482964797349 -0.0031455951703826253 0.015178529036430377 -0.015488774304058987 -0.016202529896784775 0.011965940543053097 -0.0078503081991679793 -0.0039658644526408991 0.016843439337540785 0.030201640338452435 0.0018815156385760898 -0.043996014009592146 0.030837078464704487 0.0024885506466486959 0.00063357008543759186 0.0019166345994147055 0.018413008569905569 0.035781296050628623 0.019162719844886902 0.0088507841056768306 -0.0034279348875608812 -0.03687290395860416 0.0021701094907221343 -0.012116805707158907 -0.0026379881650471291 0.00586322064196124 -0.022794587379244679 -0.042313142902269403 0.0058488430380084083 0.025352748088912885 -0.0059762551835994618
leaf_weight=532.98032562667504 1855.0744619807228 669.07243721373379 444.88560612732545 206.49904740834609 303.48880514223129 99.962500104680657 690.35568557493389 207.81465894728899 30.716086721047759 268.58457764610648 28.446891725063324 21.269095622003078 103.29820162244141 1925.7794875502586 197.66542801260948 177.06720200926065 120.62478775158525 12.893014036118986 83.689723405987024 93.506071047857404 17.49635356105864 24.815672870725393 331.32094883965328 1031.8183077885769 128.80200902558863 39.221407316625118 11.090991068631409 1637.8694070000201 160.68094388768077 63.223185678943992
leaf_count=18614 14204 2490 7784 4003 2176 751 5066 1720 111 1145 130 94 461 7504 1605 896 441 55 365 385 87 185 6246 15898 492 144 41 6237 556 258
internal_value=0.000163406 0.0034486 -0.0114073 -0.00842532 -0.000627987 0.00255228 0.00010008 0.00584713 0.00542714 0.00298477 0.00754271 0.00947337 0.0162612 0.00109778 0.00601324 0.00971144 0.0234794 0.00499048 -0.00404275 -0.0128909 -0.0130992 0.0300464 -0.00642332 -0.00494188 0.00842186 0.00743407 0.0125216 0.00517897 0.0166811 0.0133521
internal_weight=11520 8972.51 2547.5 2014.52 3323.61 1468.54 1165.05 5648.9 5441.08 2525.48 2915.6 568.982 300.397 1956.5 474.695 374.733 197.099 51.6585 205.643 121.953 30.3894 145.44 1569.64 1363.14 2709.96 2420.48 743.387 1677.09 289.483 732.296
internal_count=100144 47599 52545 33931 24698 10494 8318 22901 21181 10083 11098 2468 1323 7615 3252 2501 862 236 880 515 142 626 26147 22144 10218 9170 2789 6381 1048 2748
is_linear=0
shrinkage=0.05


Tree=38
num_leaves=31
num_cat=0
split_feature=9 9 9 2 4 9 33 2 2 37 19 13 1 38 8 19 16 8 34 8 0 37 32 33 19 2 13 5 4 12
split_gain=162.578 49.0002 11.8774 10.1281 13.3613 9.92344 9.57153 10.0852 13.2438 10.3858 10.0752 9.82566 9.16147 9.1043 8.78456 8.61231 8.10081 9.44517 7.90742 12.2616 9.25614 14.1485 9.7608 9.56207 8.24179 10.1424 8.11992 8.11218 9.17837 13.0357
threshold=0.11999999999999998 -0.65499999999999992 0.97000000000000008 -0.016949152542372902 -0.20711833932657728 -0.86499999999999988 59.150000000000013 -0.051424087362955569 -0.035287834320115223 3.5000000000000004 0.0053336746885134078 0.065318976026005698 0.45394831798017499 2050.0000000000005 0.24722222222222226 0.24535213214458498 350.00000000000006 0.095695970695970703 10.500000000000002 0.062996031746031758 15.823380951517969 6.5000000000000009 102.50000000000001 61.95000000000001 0.062176232571325478 0.047119177948922585 0.050316455696202543 0.23287192259795 -0.078687510352017292 0.093121797398502182
decision_type=2 2 2 2 10 2 2 2 2 2 2 8 8 2 10 2 8 10 8 8 8 2 8 2 2 2 8 10 8 10
left_child=1 5 14 -3 12 -1 -4 9 13 15 -10 -11 -5 16 18 -8 17 -9 20 -20 22 23 -2 -22 27 26 -26 28 29 -21
right_child=2 3 6 4 -6 -7 7 8 10 11 -12 -13 -14 -15 -16 -17 -18 -19 19 24 21 -23 -24 -25 25 -27 -28 -29 -30 -31
leaf_value=-0.025397479719296547 0.010608819843659733 -0.0093652051161207481 0.0083876984915839652 -0.0026985413775684973 -0.0010946657876207552 -0.014328737925590746 0.025283943902373446 -0.050189526853548265 -0.024764475616916595 -0.058671167249359328 0.0094162525910194833 0.003230461266082397 -0.016928582641819786 0.024353883778238383 0.035981606967364063 -0.034813773461151248 0.016413789955581203 -0.016578764855874974 0.035017640606586201 0.0048348150426496617 0.0035524697968165558 -0.050331350822062859 -0.053299998876124466 -0.042829834297024492 -0.068871306348585737 0.015734568251658254 -0.0025455186275276137 -0.012536955538443424 0.0054072698184997603 -0.024483828149959131
leaf_weight=289.98640700313263 674.62024401593953 867.83238773257472 2466.7633183337748 202.57589329546317 1819.1373587897979 671.11690967669711 88.175494104623795 31.900073226541281 25.868851236999035 6.6164980977773658 129.40692328847945 205.98587232641876 256.1020784759894 11.114336516708134 20.024167951196432 6.3935895077884188 11.451419621706007 60.628671377897263 27.040155490860343 91.400606133043766 414.87105291523039 13.158182311803101 6.027915444225072 11.417684059590099 4.631277557462453 78.4564756937325 1275.6392933651805 75.593488672748208 1505.9639728441834 64.786225182935596
leaf_count=11154 3035 10796 10668 2802 20556 18251 350 142 119 31 601 847 3227 46 69 32 52 286 122 425 1904 57 43 52 29 322 6342 359 7126 299
internal_value=0.000172396 -0.00778768 0.00464562 -0.00476877 -0.00301756 -0.0176684 0.00703112 0.00123699 -0.00580559 0.00743582 0.00372176 0.00130399 -0.0106439 -0.0186591 0.00294234 0.0212209 -0.0232567 -0.0281664 0.00278644 0.00149395 0.00639068 0.000733946 0.0100428 0.00231017 0.0012012 -0.00171605 -0.00278545 0.00348218 0.00421072 -0.00732654
internal_weight=11414.7 4106.75 7307.94 3145.65 2277.82 961.103 3044.31 577.542 270.37 307.171 155.276 212.602 458.678 115.095 4263.63 94.5691 103.98 92.5287 4243.61 3123.51 1120.1 439.447 680.648 426.289 3096.47 1358.73 1280.27 1737.74 1662.15 156.187
internal_count=100144 66786 33358 37381 26585 29405 13174 2506 1246 1260 720 878 6029 526 20184 382 480 428 20115 15024 5091 2013 3078 1956 14902 6693 6371 8209 7850 724
is_linear=0
shrinkage=0.05


Tree=39
num_leaves=31
num_cat=0
split_feature=9 9 31 3 2 11 33 1 32 8 9 36 1 13 32 32 33 9 4 10 11 35 14 18 4 7 2 14 5 34
split_gain=153.518 30.0138 28.3554 9.29264 9.14041 8.8496 10.3289 10.0892 13.5186 9.55347 9.54805 9.3952 8.91009 8.7082 8.99613 8.51561 8.33295 9.46902 7.62829 7.50418 15.1367 7.79266 7.63416 7.32462 8.77885 6.76021 7.5332 6.70165 6.83855 6.58301
threshold=-0.23499999999999999 -0.78499999999999992 15.500000000000002 0.095830716180940356 -0.017551130968138807 0.13116150473371133 56.650000000000013 0.55987297576590678 39.500000000000007 0.069204980842911892 1.6450000000000002 9.5000000000000018 0.82015336819208351 0.091372912801484255 54.500000000000007 50.500000000000007 54.750000000000007 3.0100000000000002 -0.20243968043219482 0.16206145830441346 0.17320845004668536 18.500000000000004 0.052582205984003171 0.70294117647058829 0.13243521122501437 0.05000000000000001 -0.0038418441836065866 0.23463088939279417 0.17614422394555265 27.500000000000004
decision_type=2 2 2 10 2 10 2 8 10 10 2 2 10 10 10 10 2 2 8 8 10 2 10 8 8 2 2 10 8 8
left_child=1 29 5 -3 -5 7 12 -2 11 15 13 -9 25 -11 -15 -10 19 -18 -6 20 -4 22 -21 24 -14 -7 -27 28 -17 -1
right_child=2 3 16 4 18 6 -8 8 9 10 -12 -13 23 14 -16 27 17 -19 -20 21 -22 -23 -24 -25 -26 26 -28 -29 -30 -31
leaf_value=-0.018161044012575459 0.00064367826000463692 -0.017094558043396029 0.011819941020079003 -0.013434946523639083 -0.014453898511450545 0.0058276729361455828 -0.00043876749353055671 -0.010795783900310671 0.024967634725190868 -0.016548158675721424 0.075516960831618157 -0.034342622373964175 0.0088546488445723718 -0.011032137473698375 0.0044984795007815409 0.0041196671682544126 0.0044559991908178472 0.015671323223986719 -0.0032459619713035323 0.04510852130140007 -0.04981614600892334 0.05437111773096838 -0.03584693616583038 -0.061855833000463628 -0.076916882533403577 -0.011919724666968869 0.024238275229872208 0.0518361058125828 -0.032095178132653862 -0.031007596300684778
leaf_weight=382.37561686779372 1426.444525083527 244.60413072258234 391.60868638008833 387.89194902288727 174.70512376492843 156.20975854620337 549.6975872432813 245.22531150095165 55.585981199517846 133.76549660041928 3.6578334271907798 51.208694269880652 22.59682403691113 156.05949956178665 231.65270951483399 49.94897645059973 4940.2309017442167 195.65426042769104 1158.7313625561073 5.5982572101056594 10.220909833908079 20.093047808855772 6.0692188441753387 6.4855961911380282 3.4370214007794884 16.050909202545881 140.46912743337452 5.5472392309457055 17.638974796980619 134.90478414844256
leaf_count=12903 10890 4972 1415 6852 3651 1091 4183 2012 346 1019 5 499 146 1173 1653 383 19663 1670 18456 18 41 67 27 59 29 137 894 29 150 5711
internal_value=0.000189659 -0.0107951 0.00327494 -0.00797539 -0.00667954 -0.000419554 0.00381822 -0.00201527 -0.0060065 -0.00199108 -0.00498334 -0.0148635 0.0105961 -0.005548 -0.00175281 0.0102162 0.0054452 0.00488325 -0.00471441 0.0121015 0.0102522 0.0354984 0.0029969 -0.014313 -0.00246902 0.0131863 0.0205303 -0.000995493 -0.00533161 -0.0215114
internal_weight=11324.4 2483.21 8841.16 1965.93 1721.33 3271.68 894.947 2376.74 950.291 653.857 525.136 296.434 345.249 521.478 387.712 128.721 5569.48 5135.89 1333.44 433.59 401.83 31.7605 11.6675 32.5194 26.0338 312.73 156.52 73.1352 67.588 517.28
internal_count=100144 52545 47599 33931 28959 24698 6539 18159 7269 4758 3850 2511 2356 3845 2826 908 22901 21333 22107 1568 1456 112 45 234 175 2122 1031 562 533 18614
is_linear=0
shrinkage=0.05


Tree=40
num_leaves=31
num_cat=0
split_feature=9 9 31 2 9 4 36 35 10 36 2 14 34 0 18 6 12 40 11 34 11 38 11 34 2 2 7 0 19 5
split_gain=143.086 25.6106 20.2105 7.18596 8.14397 6.50094 6.4311 8.51145 8.43409 8.87042 6.5365 8.33955 8.53495 7.28838 7.43912 7.25767 8.10827 7.58699 6.91327 6.37653 5.95201 8.28429 5.99473 6.55202 5.94202 10.1715 6.3414 7.04232 6.52919 6.17563
threshold=-0.155 -0.79499999999999993 14.500000000000002 -0.0074210881561671748 -0.55499999999999983 -0.30724574274752642 4.5000000000000009 17.500000000000004 0.10480724500667778 14.500000000000002 -0.0030885668177125193 0.056918282655312326 55.500000000000007 13.303916896501017 0.21240601503759401 0.09526543108632661 0.066421568627450994 1.0000000180025095e-35 0.061752228418895092 5.5000000000000009 0.1071873886711792 1650.0000000000002 0.14159724142699118 20.500000000000004 -0.096482329496005909 -0.073854027877421277 1.0000000180025095e-35 14.161218014257146 -0.071064149379742578 0.073401978538395932
decision_type=2 2 2 2 2 10 2 2 10 2 2 10 8 8 10 10 10 8 8 8 10 2 10 10 2 2 2 8 2 8
left_child=1 5 6 -3 -5 -1 7 10 -8 24 13 12 18 -2 -15 16 -16 -18 -12 -9 -13 -22 23 -23 -10 -26 29 -28 -29 -27
right_child=2 3 -4 4 -6 -7 8 19 9 -11 11 20 -14 14 15 -17 17 -19 -20 -21 21 22 -24 -25 25 26 27 28 -30 -31
leaf_value=-0.026392855836750131 0.035578487993404927 -0.011102292707051735 0.0048982865715248422 -0.010185312006081471 -0.0025721723838174498 -0.014705148098872993 -0.0068366775031062504 0.031748823630505719 0.033978498587760135 0.026368077557902686 -0.079475900874754452 0.0088848994795654706 0.071887958460624984 -0.0097827724347818047 -0.058159110370809113 0.016637811292895058 0.035592284347331089 -0.0092258668826633063 -0.005339859876641536 -0.00410989851373231 0.037478295991150531 0.032939162126086032 -0.02339013061236609 -0.030341796681986721 -0.032069474343070725 0.016206376645235367 0.012350642441698142 -0.023551021454156423 -0.0042312183854486948 0.0012793686600709512
leaf_weight=223.49019804433919 14.958474546670912 870.26209015771747 6005.9609495978802 558.26276599592529 947.42520587565377 254.41242890548892 646.51611461304128 12.829825296998022 12.464106198400257 32.446432678028941 3.3817545901983967 101.3501700591296 3.3593089170753947 115.89684608019888 6.6097531244158736 85.177003145217896 12.024283332750199 43.984114238061011 44.839679887518287 367.93039515241981 61.071612792089581 20.96941054426134 11.024413727223871 5.0816993527114382 25.213517531752586 87.238630447536707 52.26338629797101 52.562581827864051 260.28771781083196 336.80005920305848
leaf_count=8866 93 14467 25126 12680 12003 9171 5238 72 75 202 30 673 12 934 62 572 81 325 343 2790 342 107 76 39 234 587 376 445 1997 2470
internal_value=6.6113e-05 -0.00960969 0.00334473 -0.0074854 -0.00539489 -0.0201709 -0.000516818 0.00280048 -0.00252265 0.000723214 0.00689906 0.0127502 -0.00517076 0.00162687 -0.000299102 0.00713773 -0.00578486 0.000396014 -0.010539 -0.00290163 0.0173837 0.02616 0.00751613 0.0205952 -0.000283141 -0.000807525 0.000191298 -0.00463897 -0.00747718 0.00435034
internal_weight=11276.1 2853.85 8422.24 2375.95 1505.69 477.903 2416.28 910.489 1505.79 859.276 529.729 251.078 51.5807 278.65 263.692 147.795 62.6182 56.0084 48.2214 380.76 199.497 98.1471 37.0755 26.0511 826.83 814.366 789.152 365.114 312.85 424.039
internal_count=100488 57187 43301 39150 24683 18037 18175 6551 11624 6386 3689 1622 385 2067 1974 1040 468 406 373 2862 1237 564 222 146 6184 6109 5875 2818 2442 3057
is_linear=0
shrinkage=0.05


Tree=41
num_leaves=31
num_cat=0
split_feature=9 9 31 1 9 9 2 0 4 32 33 32 34 19 6 14 6 14 1 12 6 8 12 11 12 4 40 13 6 38
split_gain=131.656 26.0376 17.3603 7.9078 7.24708 7.04248 7.51267 6.81969 6.18759 5.97892 5.87298 6.42011 13.4945 10.6904 7.4116 7.3196 6.84859 9.50379 6.67802 7.08898 6.49011 5.8836 5.81914 5.74724 5.70412 5.56228 8.10378 5.6604 10.6668 10.8153
threshold=-0.155 -0.79499999999999993 14.500000000000002 0.58970776707599948 1.5100000000000002 -0.55499999999999983 -0.0074210881561671748 13.264953803103289 -0.22594373219373221 31.500000000000004 56.150000000000013 36.500000000000007 23.500000000000004 1.0000000180025095e-35 0.099017937508036544 0.14527527097359502 0.078387314304118536 0.084766896318525728 0.47800129898733018 0.076655982905982925 0.079836126067193355 0.22886904761904764 0.050252525252525264 0.084219958498396544 0.21644144144144148 -0.24682739073018325 1.0000000180025095e-35 0.057307060755336627 0.068500154074572106 1650.0000000000002
decision_type=2 2 2 8 2 2 2 8 10 8 2 10 10 2 8 10 10 8 10 10 10 10 10 10 10 8 10 8 10 2
left_child=1 8 3 4 7 -3 -7 22 -1 -5 11 12 13 15 -15 16 17 23 19 -18 -14 24 -2 -9 -12 26 -4 28 29 -27
right_child=2 5 25 9 -6 6 -8 10 -10 -11 21 -13 20 14 -16 -17 18 -19 -20 -21 -22 -23 -24 -25 -26 27 -28 -29 -30 -31
leaf_value=-0.025278250541194099 -0.043856401374575915 -0.01095773046048259 0.012401788854313034 -0.027870065253619142 0.045662469102009828 -0.0095396879748666872 -0.0024005468136877265 -0.0079854639787360123 -0.013564410705161159 -0.0034995713306175793 -0.0014647443391042497 0.0090728400011401544 -0.02137284421461029 -0.011695970426228745 -0.051819999540799494 0.030845081697724853 -0.031664137476192358 -0.018225986107502527 -0.052549545804047505 0.013962287381905769 0.039319630598414701 0.060974549394523826 0.01961977089448351 0.061107666750374004 -0.047589506397641271 0.0099628807249438848 -0.04001214809294204 0.0045487365114064131 0.023022973140568705 -0.073628308742146084
leaf_weight=259.43153547681868 3.8075695298612109 805.77312931511551 13.208638656884434 25.954548541456461 9.339123569428919 605.28392808232456 942.01292598014697 4.2415580153465298 199.37436751835048 829.58036512415856 953.69334030710161 337.42421341873705 5.4165115524083403 26.894594043493271 20.11861371062696 16.348832359537482 15.995907807722686 12.598438972607253 10.75760033726692 18.198655419051647 23.581432938575745 3.7485290467739096 69.790477480739355 10.363609900698064 6.750306971371173 10.621302615851166 16.696186657994986 5855.8845073115081 89.655129410326481 6.0871824249625197
leaf_count=10739 33 18536 51 225 29 8611 12003 35 7298 6439 7394 2274 46 206 179 94 143 110 87 135 135 19 475 57 60 46 74 24600 328 27
internal_value=7.24206e-05 -0.0092918 0.00320828 -0.000380635 0.00175025 -0.00716724 -0.00519329 0.0014839 -0.020188 -0.0042389 0.000738351 0.00512435 -0.00297406 -0.0095982 -0.0288665 0.000637012 -0.00620744 0.013594 -0.0181906 -0.00738134 0.0279829 -0.00154492 0.0163359 0.041042 -0.00178892 0.00464848 -0.0168615 0.00475637 0.0161875 -0.0204908
internal_weight=11208.6 2811.88 8396.76 2404.6 1549.07 2353.07 1547.3 1539.73 458.806 855.535 1466.13 501.94 164.516 135.518 47.0132 88.5046 72.1558 27.2036 44.9522 34.1946 28.9979 964.192 73.598 14.6052 960.444 5992.15 29.9048 5962.25 106.364 16.7085
internal_count=100488 57187 43301 18175 11511 39150 20614 11482 18037 6664 10974 3501 1227 1046 385 661 567 202 365 278 181 7473 508 92 7454 25126 125 25001 401 73
is_linear=0
shrinkage=0.05


Tree=42
num_leaves=31
num_cat=0
split_feature=9 9 9 14 34 31 1 4 11 15 34 5 14 19 5 33 35 33 0 16 3 11 34 1 6 1 12 6 5 32
split_gain=123.262 27.0691 14.3399 9.06131 7.38432 6.97184 12.8009 14.8153 9.71955 11.0883 14.596 8.89004 11.4763 7.59208 7.41421 7.32781 8.04819 7.55969 8.29518 7.38842 7.02882 10.3172 6.64729 6.53665 6.52228 6.34087 9.28972 9.01395 8.6409 10.6328
threshold=-0.10000000000000003 -0.79499999999999993 0.47500000000000003 0.24282774838330398 36.500000000000007 23.500000000000004 0.34552023284297856 0.13004484304932742 0.11716896485288857 1.0000000180025095e-35 23.500000000000004 0.21082759995474359 0.14708805987603793 -1.0000000180025095e-35 0.15387620192307697 55.45000000000001 10.500000000000002 61.350000000000001 16.896308967914383 -749.99999999999989 0.98567458689752019 0.094885954600544956 234.50000000000003 0.15050796529504645 0.12659389153408435 0.34552023284297856 0.08896499238964993 0.16856085066081195 0.16715329400531953 93.500000000000014
decision_type=2 2 2 10 10 2 10 8 10 8 10 10 10 2 10 2 2 2 10 8 10 10 10 10 8 8 8 10 8 10
left_child=1 -1 3 5 24 15 -7 8 11 10 -10 12 -8 -9 -15 16 -2 25 20 -18 23 -22 -4 -19 -3 27 28 -17 -27 -30
right_child=2 4 22 -5 -6 6 7 13 9 -11 -12 -13 -14 14 -16 17 19 18 -20 -21 21 -23 -24 -25 -26 26 -28 -29 29 -31
leaf_value=-0.020112124890181091 -0.027544775295642473 -0.0073491307200880054 0.004798722060488033 -0.025715786065347634 -0.014637438991801234 0.052251583448747245 0.037922579583012553 -0.070401528843171982 0.025518394901089564 -0.043373308040176001 -0.043181342741781092 0.072491375897610205 -0.026440145911883157 -0.042759306370735745 0.022050840862820373 0.0051925797018121953 0.056644559902177476 -0.048302743713473602 0.090718407275687848 0.0057194333548917795 0.037156863266746408 -0.063450114391620502 -0.045328582717468362 0.016067511488721049 -0.0010884924271298538 -0.0058672477763952006 -0.00099247816789907527 -0.025710474201839213 -0.026301635077082594 0.055516258728905955
leaf_weight=444.78301856783219 18.039635479450226 1642.9359229723923 5369.9269697833806 32.945673817768693 262.41768103372306 16.880584828555584 24.373939156532288 7.5493444353342083 38.124439559876919 11.356745306402443 9.6983021497726423 10.379920423030851 9.6749475598335248 8.862771753221752 8.7889287546277028 410.45307108294219 7.2224803492426872 4.1169609278440467 3.2016973085701457 514.07697896845639 3.9102568291127664 7.3161414675414562 6.6217247173190108 93.816584203392267 557.06282754126005 355.32073589041829 1142.4985301438719 25.036057403311133 91.933557638898492 4.1501614470034829
leaf_count=18037 144 27214 22878 223 5120 42 71 25 121 34 33 29 34 41 38 2959 38 38 11 3252 26 59 32 602 8168 2640 7732 181 647 19
internal_value=9.11739e-05 -0.00876003 0.00321543 0.000354763 -0.00670952 0.00065861 0.0113108 0.00594547 0.0143085 0.00103937 0.0115863 0.0319831 0.019634 -0.0284372 -0.0104898 7.97735e-05 0.00528878 -0.00123196 0.0113924 0.00642499 0.00906579 -0.0284078 0.00473699 0.0133615 -0.00576387 -0.00193094 -0.00339184 0.00341598 -0.00946459 -0.0227677
internal_weight=11143.5 2907.2 8236.28 2859.73 2462.42 2826.78 145.69 128.809 103.608 59.1795 47.8227 44.4288 34.0489 25.201 17.6517 2681.09 539.339 2141.75 112.362 521.299 109.16 11.2264 5376.55 97.9335 2200 2029.39 1593.9 435.489 451.404 96.0837
internal_count=100488 58539 41949 19039 40502 18816 468 426 322 188 154 134 105 104 79 18348 3434 14914 736 3290 725 85 22910 640 35382 14178 11038 3140 3306 666
is_linear=0
shrinkage=0.05


Tree=43
num_leaves=31
num_cat=0
split_feature=9 9 9 33 33 19 16 6 0 5 0 2 34 11 12 13 31 12 5 12 2 0 13 1 4 10 33 1 1 38
split_gain=113.575 20.4147 20.2698 8.83372 8.42585 8.17759 7.94784 7.78448 7.14908 6.66095 8.95222 7.86835 10.4838 8.43502 7.30005 7.02158 6.55802 6.54882 6.39734 6.38555 6.296 6.27337 6.28739 6.35572 6.13451 6.52224 6.06647 12.7424 11.4418 14.976
threshold=-0.28999999999999992 0.47500000000000003 -0.86499999999999988 55.45000000000001 61.150000000000013 0.12983661627729434 -749.99999999999989 0.12659389153408435 16.896308967914383 0.22805827691084996 16.335814073465048 -0.024728054002527134 138.50000000000003 0.10770467474647541 0.050252525252525264 0.056980519480519486 24.500000000000004 0.090045045045045055 0.036875802674321979 0.11330480451274073 -0.05737393127341834 14.11914202875746 0.18624359479700436 0.33875592459915921 -0.25249213445934754 0.093677941574034321 57.150000000000013 0.64702084209207833 0.80966860110478001 1550.0000000000002
decision_type=2 2 2 2 2 2 8 8 10 8 10 2 10 10 8 8 2 8 10 10 2 8 8 8 8 10 2 8 8 2
left_child=2 3 -1 6 9 7 -2 -4 17 11 21 -5 13 14 -13 -16 -17 20 19 -3 -6 -11 23 -23 25 -20 27 -26 -28 -30
right_child=1 18 5 4 8 -7 -8 -9 -10 10 -12 12 -14 -15 15 16 -18 -19 24 -21 -22 22 -24 -25 26 -27 28 -29 29 -31
leaf_value=-0.023497509229390486 0.050481890701135582 0.013289515414510908 -0.0093021300479307102 -0.0062819570699388988 0.0070162411364080475 -0.018205195468240235 0.0039478489189270606 -0.0015807471301536172 0.078631684488876391 0.0230386356975242 0.018871491293929486 -0.031881892060521715 -0.03504172662446995 0.003374199056543287 0.034609431768879588 -0.0039888224574498327 0.025545069888954382 0.0013364992124565737 0.015510477204384924 0.063198265415964752 0.04641346399354198 -0.059081485894908185 -0.046765296883215519 -0.010618775051374841 0.0097310791861885543 -0.044805057695812944 0.001137448296587756 0.0027314472508883549 0.0010402078673484312 0.017362219643840781
leaf_weight=253.01615154743195 9.2964604347944242 24.353801608085632 1294.5042487031315 701.01009284425527 22.00125571526587 193.02445112855639 707.43282737396657 436.48648576415144 3.7149122580885878 7.7903149556368581 17.47376318834722 21.971525287255645 21.177143564447761 1018.3357246397063 12.436420627869664 760.48476349003613 19.272601440548897 97.957786366343498 6.9230920672416714 8.6978279650211316 18.811392029747367 7.6310500912368289 22.274936579167843 59.63440215960145 1283.4215545151383 12.71179420314729 2142.748425043188 1317.7876426689327 282.77876112703234 279.3858440220356
leaf_count=11182 58 99 27102 5868 184 4438 5204 7882 14 51 116 203 227 7287 75 6116 62 734 30 27 108 61 175 431 5265 56 9031 5801 1387 1214
internal_value=4.21272e-05 0.00254931 -0.0101932 -0.000403787 -0.00166679 -0.00844363 0.00455143 -0.00735511 0.01018 -0.00229912 -0.014081 -0.00176966 -6.32318e-05 0.000340994 -0.00345286 -0.00266437 -0.00325886 0.00834752 0.00449389 0.0264234 0.0251752 -0.0199969 -0.0237412 -0.0161167 0.00435779 -0.0235383 0.00446102 0.00618503 0.00280311 0.00915196
internal_weight=11064.5 8887.52 2177.03 3528.71 2811.98 1924.02 716.729 1730.99 142.485 2669.49 114.804 2554.69 1853.68 1832.5 814.165 792.194 779.757 138.77 5358.81 33.0516 40.8126 97.3307 89.5404 67.2655 5325.76 19.6349 5306.12 2601.21 2704.91 562.165
internal_count=100488 49884 50604 26974 21712 39422 5262 34984 1040 20672 834 19838 13970 13743 6456 6253 6178 1026 22910 126 292 718 667 492 22784 86 22698 11066 11632 2601
is_linear=0
shrinkage=0.05


Tree=44
num_leaves=31
num_cat=0
split_feature=9 9 31 11 33 0 32 18 13 31 11 12 9 37 8 10 11 9 14 5 33 38 16 36 10 4 13 33 33 13
split_gain=106.793 24.5542 10.8879 7.57538 10.1386 8.75529 9.98144 7.46073 7.29835 8.81919 8.56865 7.12046 7.02265 6.59626 6.53928 6.11307 7.93219 6.9289 6.27693 9.53262 7.81108 7.63221 6.90961 6.16697 7.35666 6.05129 6.05082 6.45281 6.00043 5.87854
threshold=-0.10000000000000003 -0.79499999999999993 15.500000000000002 0.1071873886711792 56.650000000000013 13.264953803103289 30.500000000000004 0.54195804195804198 0.057307060755336627 14.500000000000002 0.094885954600544956 0.050252525252525264 -0.55499999999999983 8.5000000000000018 0.064866760168302964 0.10480724500667778 0.10984415089106166 -0.045000000000000033 0.053455525166346905 0.069454494291686777 52.550000000000004 1850.0000000000002 450.00000000000006 4.5000000000000009 0.13212916983068909 -0.14712685237864823 0.1213537241574625 55.250000000000007 55.95000000000001 0.17001204335608192
decision_type=2 2 2 8 2 8 10 10 8 2 8 10 2 2 10 10 8 2 10 10 2 2 8 2 10 8 8 2 2 10
left_child=1 -1 3 5 15 11 -7 -6 9 10 14 -2 -3 -10 -8 16 -5 -18 -17 21 -21 -20 23 26 25 -25 -22 -28 -29 -19
right_child=2 12 -4 4 7 6 8 -9 13 -11 -12 -13 -14 -15 -16 18 17 29 19 20 22 -23 -24 24 -26 -27 27 28 -30 -31
leaf_value=-0.019299317451501822 -0.052077188280007014 -0.010226410070167252 0.0042427140149140534 0.036348293220435555 -0.002891188603549298 -0.01334503189426155 0.021457864174797055 0.0082875108121985546 -0.0018102800501274897 0.060192827902401061 0.053536762349690181 0.018721004248766018 -0.0044666322542773092 -0.040832957590092346 -0.032837168741375301 -0.0017450540501809703 -0.069877160579525699 -0.0027817462709339826 0.037982355019517043 -0.022314694820167697 0.032800192074143975 -0.0023288488979767248 -0.0098648778887778371 -0.036077644326510831 -0.0038061812572382191 0.020472082979424825 0.02941467669334687 -0.055282698804048326 0.0053780333496887328 -0.06971213531603225
leaf_weight=430.44989491521847 3.7575565483421078 783.57428696448915 5445.4412710517645 10.680918108671902 707.04603155516088 212.79994291625917 9.822333145886665 189.19856119155884 898.99519515037537 10.013473454862831 7.1742516569793215 64.74198092520237 1630.2616710776929 10.961425997316836 12.736605515703557 89.350512543693185 4.4922720082104197 70.131075566634536 56.035958481952548 18.440385797992349 64.895933795720339 14.854578126221893 34.494106197729707 5.0035243406891823 73.917095899581909 86.765218928456306 18.038063611835241 5.6846410930156734 14.412372525781391 3.4416683465242377
leaf_count=18037 29 18536 22691 65 5204 1785 69 1317 6552 30 39 399 21966 94 112 609 44 461 291 108 355 98 250 39 504 535 99 48 100 22
internal_value=4.25952e-05 -0.00829815 0.00295584 0.000358388 0.00278551 -0.00253381 -0.0035574 -0.000531349 -0.00136428 0.0196081 0.00594011 0.0148374 -0.00633636 -0.00228035 -0.0091967 0.00799498 -0.00406426 -0.00959354 0.0102158 0.0129384 0.00928044 0.0295354 0.011202 0.0139062 0.00793313 0.0173888 0.0235117 0.00770503 -0.0117805 -0.00591269
internal_weight=10987.6 2844.29 8143.33 2697.89 1466.88 1231 1162.5 896.245 949.703 39.7467 29.7332 68.4995 2413.84 909.957 22.5589 570.638 88.7459 78.065 481.892 392.542 321.651 70.8905 303.211 268.717 165.686 91.7687 103.031 38.1351 20.097 73.5727
internal_count=100488 58539 41949 19258 10149 9109 8681 6521 6896 250 220 428 40502 6646 181 3628 592 527 3036 2427 2038 389 1930 1680 1078 574 602 247 148 483
is_linear=0
shrinkage=0.05


Tree=45
num_leaves=31
num_cat=0
split_feature=9 9 31 34 4 0 17 6 32 39 5 9 14 10 14 6 4 6 9 0 10 7 2 6 5 36 4 0 36 9
split_gain=101.259 20.664 13.1918 7.96037 9.54451 8.91358 8.87382 10.1038 8.65512 8.32695 9.82803 9.38047 12.4392 8.53885 8.31398 7.32742 7.31868 9.16328 7.13241 7.96607 10.854 7.31418 11.0031 8.87108 7.18613 7.10524 7.08379 7.00085 6.99587 6.72176
threshold=-0.28999999999999992 -0.73499999999999988 14.500000000000002 7.5000000000000009 -0.20243968043219482 14.654666059602299 1.0000000180025095e-35 0.068500154074572106 97.500000000000014 6.5000000000000009 0.18975004844022478 0.66500000000000015 0.11015720953082782 0.16677282377919322 0.13518322593055693 0.16227242634889114 0.4115966386554622 0.10696430792190027 2.6050000000000004 13.774603998235223 0.082809141380174353 0.16153846153846158 -0.027893507194535681 0.055598488751502667 0.21082759995474359 4.5000000000000009 0.076380601962344169 13.428044301689573 5.5000000000000009 -0.90499999999999992
decision_type=2 2 2 8 8 10 8 10 10 2 10 2 8 8 8 10 8 10 2 8 10 2 2 10 10 2 10 10 2 2
left_child=1 29 -2 4 -4 6 8 26 9 10 11 12 -6 16 -14 -7 18 28 19 20 25 23 -23 -21 -25 -11 -8 -22 -18 -1
right_child=2 -3 3 -5 5 15 7 -9 -10 13 -12 -13 14 -15 -16 -17 17 -19 -20 21 27 22 -24 24 -26 -27 -28 -29 -30 -31
leaf_value=-0.02978612332945741 -0.00046431954847044792 -0.0067579119202786199 -0.042976858534663563 0.0029557677432393691 -0.064686556967121681 0.013843504508068254 -0.066036911926607614 0.032560095803284783 -0.061577526666301285 -0.01056465400630487 -0.057947016622449471 0.035619344001493844 0.063313168897204439 0.062240898436395943 -0.018759939153719485 0.044595316982154409 0.032070660627364571 -0.048492717549457859 0.042308809585581864 -0.03852026638971668 -0.049552996649499741 -0.045955279396997624 0.0078804334973183281 0.012863929263322783 0.051984354720589189 0.051764120181407663 0.015674379898369725 -0.007018946486467126 -0.023767681747817293 -0.01539444718821294
leaf_weight=96.587391557870433 2884.9577018758282 1515.3916543594096 8.9180696979165059 5123.632128608413 9.7051341682672518 256.73150953650475 4.8171772956848127 48.843343414366245 5.2410408221185198 9.2038897909224051 11.134586464613674 10.440476253628729 4.6869822442531559 6.5361401811242095 9.0315036475658417 20.951747195795178 10.810429338365795 13.951721265912054 13.683543102815745 7.9478495083749285 17.677145391702652 13.926536872982977 29.800000175833702 183.79060553386807 12.539855867624281 9.0863578170537931 5.9023460559546947 21.368881683796644 11.659261235967277 507.08819227840286
leaf_count=4555 24403 27073 45 22283 53 994 17 182 22 34 41 42 19 18 43 79 50 68 71 30 74 60 117 640 40 25 24 79 55 18865
internal_value=-6.57112e-05 -0.00987425 0.00230511 0.00366344 0.00844442 0.00905629 0.00487296 0.0229127 0.00226635 0.00308852 -0.0171962 -0.00379728 -0.0213662 0.00561016 0.00928071 0.0161638 0.0045688 -0.0166653 0.00699298 0.00541034 -0.011386 0.00929349 -0.00926579 0.0132662 0.0153626 0.0203995 -0.0210453 -0.0262752 0.00309679 -0.0176971
internal_weight=10886 2119.07 8766.98 5882.02 758.386 749.468 471.785 59.5629 412.222 406.981 44.9987 33.8641 23.4236 361.982 13.7185 277.683 355.446 36.4214 319.025 305.341 57.3363 248.005 43.7265 204.278 196.33 18.2902 10.7195 39.046 22.4697 603.676
internal_count=100101 50493 49608 25205 2922 2877 1804 223 1581 1559 198 157 115 1361 62 1073 1343 173 1170 1099 212 887 177 710 680 59 41 153 105 23420
is_linear=0
shrinkage=0.05


Tree=46
num_leaves=31
num_cat=0
split_feature=31 31 31 1 1 13 19 8 14 10 36 5 13 0 5 2 8 13 6 11 34 19 16 13 37 32 14 32 14 8
split_gain=91.9287 21.1159 10.263 14.3476 8.85637 8.81704 8.5216 11.4181 8.65302 8.39542 11.3251 7.8816 9.61305 11.5002 8.49098 10.5083 10.0367 9.95376 10.4171 9.49241 12.1822 9.4683 9.99135 9.46349 8.61149 8.36092 8.95108 9.70987 9.37845 8.31547
threshold=8.5000000000000018 2.5000000000000004 21.500000000000004 0.57267965623473571 0.48135655306183617 0.30583900226757377 -0.19964412811387902 0.14729990356798459 0.15269951422623182 0.058617862654320993 8.5000000000000018 0.089558728098637255 0.067041198501872665 13.87950399498648 0.15597257242665408 0.016538024050803148 0.094044811320754734 0.15105309346204479 0.13171636725643696 0.063847666726264976 27.500000000000004 0.036101553539776905 -649.99999999999989 0.10355340622371742 2.5000000000000004 72.500000000000014 0.17225885569538824 48.500000000000007 0.20179285625011162 0.069971440228478191
decision_type=2 2 2 8 8 10 2 8 10 8 2 8 8 8 10 2 10 10 10 8 10 2 8 8 2 10 10 10 10 10
left_child=1 -1 3 -2 -3 6 7 8 -4 10 -8 29 13 -13 16 19 21 18 -17 20 23 -14 -23 -16 -24 26 -15 28 -28 -11
right_child=2 4 5 -5 -6 -7 9 -9 -10 11 -12 12 14 25 15 17 -18 -19 -20 -21 -22 22 24 -25 -26 -27 27 -29 -30 -31
leaf_value=-0.017238160776464999 0.0037165709555593701 -0.0035185605278317471 -0.04845374391023733 -0.0014676640403529786 -0.01047330863676935 0.040810630900592074 0.029358704323898976 0.038793260468509234 0.0048205294358814148 -0.015795792529507358 -0.023894241787134771 -0.070044697684998686 0.026932257882920387 0.020951697286437806 -0.016377808425816223 0.021111982347528844 0.0057394237541239365 0.034447813044914948 -0.011059398722492744 0.0032174939349773782 0.04249617072736369 0.067487755851073805 0.048471508494730059 -0.07971914343591141 0.0045638252548518303 -0.043050189195457021 -0.074459874194804793 0.030552750090805155 0.00047558143529535059 0.0016188521380057098
leaf_weight=539.7555253598839 2674.6353197712451 1245.2334269809071 22.275248922407627 2663.7800515331328 723.84351935144514 16.893935386091471 65.166583666577935 7.2810918837785712 11.586785037070511 81.665710439905524 11.790029212832449 7.6660535465925923 140.63014980778098 30.453305520117283 16.259388765320189 59.130665415897965 472.03013223689049 50.926149779930711 43.800659535452724 1279.8606899417937 5.5323505103588095 7.211505651473999 11.958883372135459 9.2523671835660917 168.64654455520213 12.029211834073065 9.1841151844710165 6.7586081363260737 7.65607089921832 426.76977030187845
leaf_count=22585 16039 21316 87 15788 11697 88 255 20 43 338 58 38 517 118 85 231 1987 206 184 5708 23 17 50 39 694 52 40 23 31 1744
internal_value=-8.73029e-05 -0.00847679 0.00244223 0.00112972 -0.00607516 0.00479157 0.00458638 -0.0180105 -0.0302246 0.00490429 0.0212002 0.00446387 0.00569034 -0.0120749 0.0062687 0.00400571 0.0104097 0.0163674 0.007422 0.00255485 -0.0247641 0.0171215 0.00977562 -0.0393499 0.0074712 -0.00534984 0.00304032 -0.0200736 -0.0403919 -0.00117832
internal_weight=10829.7 2508.83 8320.83 5338.42 1969.08 2982.42 2965.52 41.1431 33.862 2924.38 76.9566 2847.42 2338.99 73.7474 2265.24 1464.76 800.477 153.857 102.931 1310.9 31.0441 328.447 187.817 25.5118 180.605 66.0813 54.0521 23.5988 16.8402 508.435
internal_count=100101 55598 44503 31827 33013 12676 12588 150 130 12438 313 12125 10043 302 9741 6476 3265 621 415 5855 147 1278 761 124 744 264 212 94 71 2082
is_linear=0
shrinkage=0.05


Tree=47
num_leaves=31
num_cat=0
split_feature=9 9 31 1 10 1 20 34 11 0 2 0 5 34 5 5 5 6 0 17 32 5 10 18 20 6 4 4 5 10
split_gain=88.9626 18.2363 12.0537 8.6448 8.42566 6.80868 11.1591 7.70224 6.4089 6.34602 7.20909 6.30881 5.94363 5.93499 10.2 11.7286 10.2687 8.47386 8.23339 9.41865 6.81454 6.96123 6.80338 6.7297 13.9212 10.5179 11.9884 7.33064 6.82776 6.64045
threshold=-0.28999999999999992 -0.80499999999999994 14.500000000000002 0.57604787318957673 0.14635508924921656 0.99967191698659164 0.30267794221282601 23.500000000000004 0.085742133110554175 15.903877665211949 -0.042074579217346766 16.796976550938417 0.24325623700623702 7.5000000000000009 0.041222952305426538 0.056918282655312326 0.050866206689665523 0.085599051201026802 14.654666059602299 1.0000000180025095e-35 97.500000000000014 0.21545585270704473 0.1411694927081153 0.32291666666666669 0.41151085756348921 0.1007282625987662 -0.036576644338334324 0.35585448348867837 0.18549555867227679 0.14062868688060409
decision_type=2 2 2 8 10 10 10 10 10 10 2 10 10 8 8 8 10 8 10 8 10 10 10 10 8 10 10 10 10 10
left_child=1 -1 3 9 11 13 7 8 -7 12 -11 -5 -2 14 -4 16 17 -16 19 20 21 22 -17 24 -20 26 -25 28 -27 -26
right_child=2 -3 5 4 -6 6 -8 -9 -10 10 -12 -13 -14 -15 15 18 -18 -19 23 -21 -22 -23 -24 25 29 27 -28 -29 -30 -31
leaf_value=-0.019365401292583084 0.0028285695076302022 -0.0071807592188311772 0.053678753035501126 -0.0063549426079290185 0.0069034865213839199 -0.087095739936011995 0.040809993786436322 -0.038269259741464383 0.0028819952215624017 -0.025612996866978866 -0.00207211274605569 0.031840719610080954 -0.055254779397180057 0.0030145265067726074 0.038082109010598081 -0.0016134541111248184 -0.053984651703247559 -0.025717442949307358 -0.031821211869185184 0.02336786424435916 -0.052834640775331544 0.030317783450912128 0.021534136143595041 -0.058835947260269784 0.033998389754072267 0.032019973002540052 0.0021122101202550674 -0.037958612737006653 -0.0016475530222054364 -0.0092852396033405431
leaf_weight=374.49555695150048 1589.5708539225161 1705.8433058219962 11.920567121356724 901.9107225118205 149.62454147264361 2.1151217315345994 8.7654849551618081 28.967052234336734 30.759073948487639 40.210079686716199 170.09165843017399 10.94199778139591 4.4166524056345215 5003.9055255902931 8.9299221932888049 320.88019105419517 14.161221265792845 12.475793991237877 9.9853179026395065 56.545421257615089 5.6836590059101573 20.974161598831415 35.228401642292738 9.6632303893566114 95.063222706317902 58.900379411876202 48.882394406944513 5.1846419423818579 20.23158129863441 9.7720349282026273
leaf_count=16687 13404 33806 34 7864 1217 13 44 156 162 395 1397 78 48 21915 32 1269 66 51 58 212 22 84 123 41 337 217 211 21 89 48
internal_value=-8.70711e-05 -0.0093742 0.0021373 -0.000516414 -0.00409445 0.00344467 -0.0119875 -0.0194711 -0.00290716 0.00159055 -0.00657317 -0.00589711 0.00266763 0.00363422 0.00779941 0.00705284 -0.0209538 0.000898113 0.00848199 0.00432001 0.0015061 0.00232516 0.000676445 0.0155776 0.0245907 0.00833361 -0.00794757 0.0196385 0.0234122 0.0299638
internal_weight=10766.1 2080.34 8685.76 2866.77 1062.48 5818.99 70.6067 61.8412 32.8742 1804.29 210.302 912.853 1593.99 5748.39 744.482 732.562 35.5669 21.4057 696.995 439.312 382.766 377.083 356.109 257.683 114.821 142.862 58.5456 84.3166 79.132 104.835
internal_count=100101 50493 49608 24403 9159 25205 375 331 175 15244 1792 7942 13452 24830 2915 2881 149 83 2732 1710 1498 1476 1392 1022 443 579 252 327 306 385
is_linear=0
shrinkage=0.05


Tree=48
num_leaves=31
num_cat=0
split_feature=9 9 9 3 11 2 36 1 6 1 34 31 17 36 13 19 36 33 33 5 0 10 14 10 8 9 9 19 9 7
split_gain=82.5109 18.6713 11.8022 7.442 7.14707 9.83505 8.90766 7.87522 6.32385 6.2082 7.96508 8.25563 9.01656 6.56549 5.9726 5.68004 5.66645 9.00292 11.829 9.7242 9.65346 10.6624 11.2691 10.1548 9.27576 8.92126 8.53842 8.51258 17.0144 11.547
threshold=-0.48499999999999993 0.17000000000000001 -0.89499999999999991 0.082771124819939937 0.11674412959512236 -0.030741410488245916 5.5000000000000009 0.48135655306183617 0.061681160249442195 0.96966597032144153 18.500000000000004 19.500000000000004 1.0000000180025095e-35 1.5000000000000002 0.13660287081339714 0.074905728953704967 3.5000000000000004 60.150000000000013 58.550000000000004 0.041222952305426538 16.896308967914383 0.16677282377919322 0.13518322593055693 0.14523135447988403 0.20638945233265724 1.4750000000000001 0.61499999999999999 0.043478260869565251 0.93500000000000016 0.05000000000000001
decision_type=2 2 2 8 8 2 2 8 8 10 10 2 8 2 8 2 2 2 2 8 10 10 10 8 10 2 2 2 2 2
left_child=2 4 -1 -4 6 -6 8 -8 -2 16 14 12 -12 -13 -11 -5 -3 18 19 -18 21 23 -23 27 -19 -25 -21 28 -20 -30
right_child=1 9 3 15 5 -7 7 -9 -10 10 11 13 -14 -15 -16 -17 17 24 20 26 -22 22 -24 25 -26 -27 -28 -29 29 -31
leaf_value=-0.025639849184192477 -0.017406114090841102 0.0051923238116533517 -0.023316183215920421 -0.0072282312511920584 -0.009746818655464352 0.0029556095760894731 -0.0042107824671234759 -0.015798464361689409 0.00027445647495799499 0.044895346699694985 -0.078722795727252992 -0.046829129882550426 0.011717150217730366 -0.0028094392268357845 -0.0015796464204767319 -0.016328707260184587 0.029573208402323622 0.0099976523684783079 -0.0017066386985236893 -0.0013234478565052276 -0.050056291848548401 0.050615372253993263 -0.0094977015498095146 -0.035171080090127149 -0.035833344867089043 0.012180463925066755 0.0041164325637303529 0.00094744216810260763 -0.048256625023951664 -0.002676452289923816
leaf_weight=131.53305969084613 54.410970719531178 2241.1711335266009 95.793649204075336 975.93307367281523 182.35517685860395 927.20701558608562 348.29369743983261 253.23180652782321 717.21776544488966 9.3036285489797574 9.8282212726771796 10.205769617110489 3.8297648839652547 49.821025740355253 26.902947774156928 208.00426270940807 33.120769303292036 436.39266774058342 135.41991350054741 1069.7762256944552 11.441527228802441 17.983922552317384 13.762668095529078 46.081850208342075 11.326594136655329 12.685377376154063 2214.650940053165 408.10578204318881 42.045930318534374 20.753284655511379
leaf_count=6131 621 10115 3556 25332 2147 9286 4410 3027 7459 40 69 52 23 294 169 5865 145 1944 674 6241 53 68 62 229 73 73 9643 2003 198 99
internal_value=-0.000111678 0.00159656 -0.0113776 -0.00991166 -0.0021164 0.000867981 -0.0045279 -0.009089 -0.000972279 0.00294729 -0.00884087 -0.0182769 -0.053363 -0.0102937 0.0103626 -0.00882708 0.00314022 0.00211215 0.00136413 0.00261644 -0.00450161 -0.00375364 0.0245554 -0.0051049 0.0088382 -0.0249499 0.0023446 -0.00318146 -0.0116823 -0.0331937
internal_weight=10718.6 9307.33 1411.26 1279.73 2482.72 1109.56 1373.15 601.526 771.629 6824.61 109.891 73.6848 13.658 60.0268 36.2066 1183.94 6714.72 4473.55 4025.83 3317.55 708.28 696.839 31.7466 665.092 447.719 58.7672 3284.43 606.325 198.219 62.7992
internal_count=100101 59217 40884 34753 26950 11433 15517 7437 8080 32267 647 438 92 346 209 31197 31620 21505 19488 16029 3459 3406 130 3276 2017 302 15884 2974 971 297
is_linear=0
shrinkage=0.05


Tree=49
num_leaves=31
num_cat=0
split_feature=9 9 9 11 2 36 6 34 19 5 16 10 3 0 3 10 5 13 16 5 2 9 10 2 13 37 2 18 6 19
split_gain=77.4921 15.4057 12.1002 7.83753 8.2567 8.12275 6.54411 6.45851 6.20969 6.0432 11.3147 6.00449 7.88417 7.01814 6.40986 5.9583 6.85255 5.4442 5.43725 6.48792 5.58848 8.11123 5.60426 6.78431 5.81929 5.70682 5.42132 5.26912 7.41338 7.37554
threshold=-0.4549999999999999 0.18000000000000002 -0.80499999999999994 0.11674412959512236 -0.0084250107995540568 5.5000000000000009 0.060996279454319978 14.500000000000002 0.11988023952095805 0.071202420671896777 -749.99999999999989 0.13979213867011905 0.95551429334822302 16.665740843609971 0.00012958314899749138 0.14688154898321645 0.058523611831863005 0.30583900226757377 650.00000000000011 0.075482655096092754 -0.0076322638896611306 -0.11000000000000001 0.11835541634557221 0.055721661202055607 0.12208672086720869 8.5000000000000018 -0.041129999438172159 0.55050505050505061 0.068032592783949034 -0.083160442600276621
decision_type=2 2 2 8 2 2 8 8 2 8 10 8 8 10 10 10 10 10 10 10 2 2 8 2 8 2 2 8 10 2
left_child=2 3 -1 5 11 6 -2 -7 9 10 -6 12 13 14 -5 16 -12 -3 19 -11 21 -21 -22 25 -25 -24 -13 29 -29 -8
right_child=1 17 -4 4 8 7 27 -9 -10 18 15 26 -14 -15 -16 -17 -18 -19 -20 20 22 -23 23 24 -26 -27 -28 28 -30 -31
leaf_value=-0.018733011753009888 -0.018668243737752981 0.0027357378130450812 -0.008197470938328788 -0.047049764463382882 0.069224966851270248 -0.003954129960337136 0.013270285633015674 -0.01451418998177976 -0.0062482297477593233 -0.026334509474364928 0.0037841694903824109 -0.012409030153013425 -0.024817667765197404 0.050474786588439138 -0.0038051203755695845 -0.017378250526231761 0.034435918825083282 0.030356952958407846 0.032867331291411471 -0.026828053492666572 0.014764765931767863 0.068447792191214427 -0.0016835683820811591 0.0010161385665608856 0.061395460464756052 0.055899139479599402 0.0095544336009290385 0.037521102418799995 -0.0087229200371389606 -0.00057165431739875647
leaf_weight=361.19542607979383 48.898137683048844 6720.1882960712537 1110.2446251958609 8.9290592698380333 9.7842121422290784 313.15905384346843 129.19757939595729 269.30411193799227 107.1443309718743 17.528514112345874 38.676576549187303 37.508266653865576 57.804019186645746 5.7347807176411143 212.42370582744479 13.990162238478659 34.498036811128259 17.887237455695868 16.3172900788486 3.1696844659745693 91.034224609844387 7.566501582041381 308.22710868995637 7.6507496368139956 8.3412953205406666 4.3637072294950476 111.96252961922437 9.0784913431853038 190.98202677071095 377.21881454717368
leaf_count=16687 569 31729 25577 132 80 3803 1341 3359 1083 205 394 441 715 45 2314 149 328 99 130 42 848 44 2899 79 45 30 1084 78 1790 3982
internal_value=-0.000131424 0.00157626 -0.0107836 -0.00182744 0.00129362 -0.00439985 -0.00097869 -0.00883661 0.00478178 0.00688782 0.0182417 -0.00407312 -0.00833126 -0.00413473 -0.00554955 0.0125189 0.0182349 0.00280906 0.00451654 0.00348366 0.00469817 0.0403191 0.00378678 0.000745316 0.0325094 -0.000879725 0.00404291 0.000245676 -0.00662443 0.00295972
internal_weight=10650 9178.57 1471.44 2440.49 1102.65 1337.84 755.375 582.463 668.292 561.148 96.949 434.362 284.892 227.088 221.353 87.1648 73.1746 6738.08 464.199 447.882 430.353 10.7362 419.617 328.583 15.992 312.591 149.471 706.477 200.061 506.416
internal_count=100101 57837 42264 26009 11087 14922 7760 7162 6356 5273 951 4731 3206 2491 2446 871 722 31828 4322 4192 3987 86 3901 3053 124 2929 1525 7191 1868 5323
is_linear=0
shrinkage=0.05


Tree=50
num_leaves=31
num_cat=0
split_feature=31 9 1 4 19 13 6 11 6 31 34 7 2 36 2 33 7 2 2 17 2 14 5 5 3 12 35 34 5 19
split_gain=66.6073 26.1396 11.5417 12.1894 7.93525 7.44936 10.8727 8.06163 7.43611 7.24653 9.05703 11.817 14.8428 14.2378 10.6303 10.2782 9.14816 9.24169 10.128 8.74175 12.8054 12.3948 11.2156 10.9151 9.42754 10.1323 8.7314 8.76067 12.51 8.70272
threshold=11.500000000000002 -0.65499999999999992 0.45745003990621608 -0.10828759282632307 -0.27724034825433114 0.075853471423091692 0.10640094882116159 0.13750584658559403 0.092316915698210669 21.500000000000004 10.500000000000002 -0.030769230769230757 -0.012133617768223479 2.5000000000000004 -0.010648246906410761 62.250000000000007 -0.27307692307692305 -0.073854027877421277 -0.06883097799374728 1.0000000180025095e-35 -0.00041919378683066762 0.053455525166346905 0.19633369715731505 0.16806975802369142 0.70652829726553945 0.20611577964519143 16.500000000000004 17.500000000000004 0.21945935564861399 -0.19964412811387902
decision_type=2 2 8 8 2 10 10 8 8 2 8 2 2 2 2 2 2 2 2 8 2 10 8 8 8 8 2 8 10 2
left_child=1 -1 -3 -4 5 7 8 -2 -7 10 15 -12 -13 -14 -15 16 -6 -18 -19 29 23 22 -22 -21 -23 -26 -16 28 -28 -11
right_child=4 2 3 -5 9 6 -8 -9 -10 19 11 12 13 14 26 -17 17 18 -20 20 21 24 -24 -25 25 -27 27 -29 -30 -31
leaf_value=-0.013671032583968399 0.04004189481991674 -0.00043778485705488619 -0.018205975480769136 -0.0047898685735116749 -0.033819704302415536 0.003799808596868614 0.038157509803010095 -0.02538967161429161 -0.045610375228857136 -0.027776899936461964 0.0067106010829335629 -0.0063328514342334595 0.0098106803634515488 0.023972080009248577 -0.010573923022378145 0.036488740393663628 -0.017032061773446891 0.04368706239832526 0.0050541479900957738 0.013651997250218187 -0.034399804878564054 0.051379592582281079 0.036572434278174255 -0.0032323916575716285 0.010599257682219903 0.045002989751387876 0.0096992019742757601 -0.0043739960640612275 -0.027362584395629965 0.0033486799949080954
leaf_weight=801.7129837811226 38.647439843043685 1492.9467963681091 201.55410198867321 1058.1507776863873 15.618736103177069 25.264912243932486 16.238458327949047 5.3604036383330813 10.899866268038748 22.672421514987946 490.76616040617228 1036.2852978929877 380.71253196895123 39.358996799215674 251.24855265207589 25.168506823480129 46.744723569601774 17.249414090067148 1028.1882403325289 188.7338614333421 16.563169440254573 32.310015326365829 8.384368419647215 194.21849691495299 74.529102768748999 30.021947629749775 280.86699804849923 430.63510346412659 24.777714770287275 2368.4272332303226
leaf_count=29488 158 20481 2858 13035 80 126 75 23 55 82 2518 5715 1996 214 1381 113 234 73 5006 773 70 118 34 867 318 110 1438 2409 144 10306
internal_value=-0.000138382 -0.00572584 -0.00341179 -0.00693646 0.00265882 0.0169056 0.00416909 0.032072 -0.0110922 0.0024627 0.00109631 -0.000369657 -0.00179147 0.00155193 -0.00150996 0.00489349 0.00417567 0.00471902 0.00569158 0.00435583 0.0100719 0.0218652 -0.0105475 0.00508889 0.0277735 0.0204783 -0.00252557 0.00022085 0.00669471 0.00305355
internal_weight=10654.3 3554.36 2752.65 1259.7 7099.89 96.4111 52.4032 44.0078 36.1648 7003.48 4067.62 2934.65 2443.89 1407.6 1026.89 1132.97 1107.8 1092.18 1045.44 2935.86 544.761 161.809 24.9475 382.952 136.861 104.551 987.528 736.28 305.645 2391.1
internal_count=100298 65862 36374 15893 34436 437 256 181 181 33999 21321 15815 13297 7582 5586 5506 5393 5313 5079 12678 2290 650 104 1640 546 428 5372 3991 1582 10388
is_linear=0
shrinkage=0.05


Tree=51
num_leaves=31
num_cat=0
split_feature=9 9 1 36 9 34 1 14 6 5 14 2 32 4 33 11 3 9 6 7 35 0 6 0 4 33 12 14 33 19
split_gain=62.1398 20.2427 8.43263 8.2275 7.54168 7.3298 9.00097 7.39725 16.3851 10.747 10.7835 9.44714 8.41531 8.45359 8.19115 7.9731 7.69236 9.00366 7.69085 7.63406 7.72687 7.45771 8.2722 12.4605 8.73864 17.3324 8.03691 7.46137 7.64266 7.37383
threshold=-0.60499999999999987 0.029999999999999954 0.33181408652014283 6.5000000000000009 -0.91499999999999992 7.5000000000000009 0.041375526352038498 0.056918282655312326 0.10614954877524711 0.086972412916348857 0.043534002229654409 0.0045426330378695199 38.500000000000007 -0.10332538078841401 57.95000000000001 0.10657022457474692 0.972633895548218 0.69500000000000006 0.12978225134544802 0.38461538461538464 16.500000000000004 14.062030599894667 0.11117353308364546 15.996426772633024 0.31039862284146547 54.150000000000013 0.11521443158611301 0.080829572318934048 55.95000000000001 -0.085644428920712501
decision_type=2 2 8 2 2 8 8 8 10 10 10 2 8 8 2 8 10 2 10 2 2 8 10 8 10 2 8 8 2 2
left_child=4 2 -2 -4 -1 -3 -7 8 19 10 15 -9 14 16 21 -10 -14 -18 -12 -8 -21 26 24 -24 -23 -26 27 28 -13 -20
right_child=1 5 3 -5 -6 6 7 11 9 -11 18 12 13 -15 -16 -17 17 -19 29 20 -22 22 23 -25 25 -27 -28 -29 -30 -31
leaf_value=-0.028980752895834294 0.0013135903540651903 0.0062655575806731482 -0.002858208074622161 -0.010923264519815179 -0.011197136934263115 0.031217704769076232 -0.018415476823396934 0.00077013639877369336 0.016102233713784202 -0.031588428813688396 0.036131645070998704 -0.065783786356234372 0.0022215594064973958 0.0086646652287622524 0.031375091313741506 -0.042642229579208095 -0.0060212601527507154 -0.058816077540459866 0.067310195924705815 -0.031930275045181637 0.045221981587575219 0.0022026641939356731 -0.050574863808248272 -0.0067378433741210209 0.040754590014689097 -0.067343222565591165 -0.026245830174447572 0.02692045726390252 0.030163386657302779 0.0008549130921972815
leaf_weight=63.945756815373898 725.22133900085464 1005.7672515604645 1071.0721572646871 448.69494633190334 880.62211631517857 25.67724996432662 170.91973038762808 4474.6319628991187 10.162621114403011 15.387276498600839 42.785608781501651 4.7917275056242925 132.82693084515631 1102.0564695652574 17.237762417644262 13.381876312196253 23.997823338955641 12.171544209122656 4.6080106720328322 4.8861122876405707 9.6634916737675649 138.93746558390558 25.479068333283067 44.561394356191158 5.2852501608431366 12.427549561485646 12.044646583497522 45.586579628288746 3.6613745540380478 44.339804757386446
leaf_count=3430 10671 4667 13146 6600 29559 122 993 22839 59 97 196 33 633 5068 59 80 123 56 19 34 42 740 143 249 30 65 68 211 22 244
internal_value=-0.000161749 0.00103648 -0.00312247 -0.00523933 -0.0124011 0.00229766 0.00167385 0.0015548 -0.00590143 0.0076603 0.0128992 0.00194405 0.00526637 0.00706788 -0.00211985 -0.0172861 -0.00334502 -0.0237875 0.0206466 -0.0154558 0.0193124 -0.00409194 -0.00840056 -0.0226847 -0.00201392 -0.0350884 0.010688 0.01892 -0.0242253 0.0071111
internal_weight=10592.8 9648.27 2244.99 1519.77 944.568 7403.28 6397.51 6371.83 316.135 130.665 115.278 6055.7 1581.07 1271.05 310.013 23.5445 168.996 36.1694 91.7334 185.469 14.5496 292.775 226.691 70.0405 156.65 17.7128 66.0843 54.0397 8.4531 48.9478
internal_count=100298 67309 30417 19746 32989 36892 32225 32103 1764 695 598 30339 7500 5880 1620 139 812 179 459 1069 76 1561 1227 392 835 95 334 266 55 263
is_linear=0
shrinkage=0.05


Tree=52
num_leaves=31
num_cat=0
split_feature=31 9 1 4 13 2 5 7 9 6 10 18 20 4 14 36 10 19 10 38 1 33 37 1 14 8 9 0 11 31
split_gain=59.1177 22.735 9.51532 10.8743 7.38881 7.07475 6.63951 8.08305 6.44003 6.18877 5.9547 8.22984 8.50079 8.03933 7.35461 12.5651 9.38115 7.52372 7.33304 7.01997 6.45265 6.09798 8.21444 6.18033 6.16986 6.89841 5.93245 5.88549 5.86761 5.86681
threshold=11.500000000000002 -0.65499999999999992 0.45745003990621608 -0.10828759282632307 0.062781531531531543 -0.0090191344808233358 0.22805827691084996 -0.061538461538461535 -0.91499999999999992 0.051304742455184939 0.14688154898321645 0.81101190476190488 0.37452290076335887 0.13943265399938717 0.20286824661607747 2.5000000000000004 0.13167673270465394 0.043478260869565251 0.1411694927081153 2150.0000000000005 0.89182867374079489 56.750000000000007 3.5000000000000004 0.650146342818818 0.18155551149553481 0.089087301587301604 0.11999999999999998 15.945533921800505 0.16996607284820123 24.500000000000004
decision_type=2 2 8 8 10 2 8 2 2 8 8 10 10 8 10 2 10 2 10 2 8 2 2 10 10 10 2 10 10 2
left_child=1 8 4 -4 26 27 -2 -8 -1 -9 11 12 18 -14 20 -16 -17 -18 29 21 -13 22 -12 -23 25 -25 -3 -6 -24 -11
right_child=6 2 3 -5 5 -7 7 9 -10 10 19 14 13 -15 15 16 17 -19 -20 -21 -22 23 28 24 -26 -27 -28 -29 -30 -31
leaf_value=-0.028333118343799368 0.0029153523467623267 -0.006372946710463805 -0.017348277070675426 -0.0044937094952574594 -0.0018022333092193997 0.0039449553827066971 -0.037264193821487282 -0.048270416790915628 -0.011606339074907343 -0.0013803320477657204 -0.05854154792692761 0.015671503051646159 -0.056736392380451167 0.0071917416695533006 0.016429592901663473 -0.073140319963235112 -0.052401785517655036 0.047383420803014886 0.039642999376596627 0.048662390797306436 -0.059725609206657017 0.010752271245958532 -0.034939541190584712 -0.029967192391010023 -0.031674880254471592 0.050680305890851443 -0.032768514389463752 -0.019011140943244451 0.031711097908691997 0.013658424893892591
leaf_weight=62.52022979198955 6556.4456338351592 169.65900478744879 195.25349534768611 1045.3457611259073 491.05518528516404 746.23232984379865 16.775353371165693 7.0967747792601577 723.04307769064326 144.42075978219509 15.621939770877363 20.884229652583603 10.413659475743769 9.3185489848256129 9.8537305500358325 15.603102708235385 4.0053071901202193 3.5752372611314058 16.597883190959692 4.5772049315273753 3.2839292790740719 29.414012521505356 7.3850985914468747 4.9867059104144555 28.569419452920556 5.6625711470842361 24.340889437124133 55.276734909042716 5.9727157056331635 117.70649803802371
leaf_count=3430 31985 2640 2858 13035 6920 9873 101 37 26058 715 88 109 44 68 46 93 23 23 73 25 30 144 47 30 171 25 212 836 20 539
internal_value=-0.000145007 -0.00544276 -0.00328387 -0.00651684 -0.00058582 0.000779832 0.00249908 -0.00316648 -0.0129376 -0.00193623 -0.00121805 0.00183843 0.00516828 -0.0265463 -0.0155343 -0.0308681 -0.050971 -0.00533976 0.00741349 -0.0118559 0.00542667 -0.0146937 -0.0339259 -0.00657299 -0.0195669 0.0129157 -0.00968476 -0.0035434 -0.00513786 0.00537272
internal_weight=10550.9 3512.73 2727.16 1240.6 1486.56 1292.56 7038.17 481.725 785.563 464.949 457.853 355.663 298.457 19.7322 57.2055 33.0374 23.1836 7.58054 278.725 102.19 24.1682 97.6125 28.9798 68.6327 39.2187 10.6493 194 546.332 13.3578 262.127
internal_count=100298 65862 36374 15893 20481 17629 34436 2451 29488 2350 2313 1763 1439 112 324 185 139 46 1327 550 139 525 155 370 226 55 2852 7756 67 1254
is_linear=0
shrinkage=0.05


Tree=53
num_leaves=31
num_cat=0
split_feature=9 9 31 9 37 1 36 0 36 18 2 13 14 14 14 4 1 5 13 16 38 16 1 2 32 19 4 5 0 7
split_gain=55.8298 14.9074 14.1067 7.85172 7.44195 7.42272 7.10509 7.44474 7.25799 8.0399 6.56054 6.9915 6.41718 6.3106 6.56082 9.21081 8.37666 6.69789 8.59133 10.3545 6.3241 6.10877 6.08296 5.96984 5.94302 5.8802 5.74733 5.57627 6.25584 5.96483
threshold=-0.26499999999999996 -0.76999999999999991 14.500000000000002 1.5100000000000002 5.5000000000000009 0.92907505800718992 4.5000000000000009 13.264953803103289 13.500000000000002 0.18465909090909094 -0.0081801851658439857 0.093933823529411778 0.17540958273123838 0.11770576494070684 0.056418294349328844 0.022164076252336778 0.26490534104088787 0.066258824116341167 0.1283882783882784 -149.99999999999997 2050.0000000000005 -1.0000000180025095e-35 0.19000072867413312 -0.05428110586410733 95.500000000000014 0.085843568196509359 0.11947716033315979 0.098644501452805941 16.335814073465048 0.061538461538461549
decision_type=2 2 2 2 2 10 2 8 2 10 2 8 8 8 10 8 10 10 8 10 2 10 8 2 10 2 10 10 10 2
left_child=1 -1 3 5 -3 6 7 21 -8 23 12 -12 -11 14 15 16 -9 18 19 -16 25 26 -15 -10 -24 -17 -2 28 -19 -29
right_child=2 4 -4 -5 -6 -7 8 13 9 10 11 -13 -14 22 17 20 -18 27 -20 -21 -22 -23 24 -25 -26 -27 -28 29 -30 -31
leaf_value=-0.015509311701964998 -0.03283545452970163 -0.0038701359481998496 0.003109865980256421 0.035971777056523609 -0.013448763342565921 -0.027437687473033684 -0.0041486666717809812 0.030112764978270923 -0.071030345995329133 0.013982975464547296 0.0028967870247112656 0.05726253021941749 -0.063706721323525339 0.01490554279511308 0.042485619206515966 0.020793134979846032 -0.045937798318702781 0.0012492855451486991 0.047830249543061421 -0.0033371490804057361 -0.068460237126214227 0.033207574715170662 -0.0038942013099292553 -0.001182447345113114 -0.043621099529519591 -0.018571650974777153 0.044594627280115852 0.029957913580700681 -0.038852261134968612 0.0061088328661077955
leaf_weight=442.73116701084655 7.9171132054179889 1456.4450772765558 5732.8949383869767 14.049196049571036 235.57654644129798 27.310775119811296 1492.3964812345803 4.3652531653642681 3.4054418243467799 21.726598299108449 8.6604690849781054 18.64576094597578 3.0285224635154 43.165767550468445 17.72462238650769 31.130265222862363 21.231730781495571 199.12371471710503 21.136646377854049 40.494358351454139 2.8154246471822253 32.487773025408387 424.73894113861024 30.080401564016938 9.6274611055850965 13.644899632781742 3.4369235932826996 35.351090671494603 10.224687619134782 101.47695692442358
leaf_count=19961 69 27775 25306 49 4684 284 13275 32 42 175 75 94 38 344 109 238 223 1679 131 324 25 198 3510 258 95 131 17 254 91 812
internal_value=-0.00012314 -0.00734104 0.00171727 -0.00130752 -0.00520375 -0.00150701 -0.00123443 0.00201763 -0.00333678 0.0108267 0.02312 0.0400198 0.00447848 0.00111244 0.0050461 -0.00878218 -0.0329683 0.00742444 0.0205263 0.0106135 0.00422653 0.022174 -0.00299576 -0.00828584 -0.00477472 0.00879701 -0.00939698 0.00442104 -0.000709295 0.0122705
internal_weight=10507 2134.75 8372.29 2639.4 1692.02 2625.35 2598.04 1020.09 1577.94 85.5472 52.0614 27.3062 24.7551 976.252 498.72 73.1876 25.597 425.532 79.3556 58.219 47.5906 43.8418 477.532 33.4858 434.366 44.7752 11.354 346.176 209.348 136.828
internal_count=100298 52420 47878 22572 32459 22523 22239 8282 13957 682 382 169 213 7998 4049 649 255 3400 564 433 394 284 3949 300 3605 369 86 2836 1770 1066
is_linear=0
shrinkage=0.05


Tree=54
num_leaves=31
num_cat=0
split_feature=9 9 9 39 5 33 5 3 11 12 19 8 9 6 13 20 32 33 13 34 1 4 0 9 0 20 7 39 6 13
split_gain=52.8655 11.5026 9.98069 8.31279 11.4861 7.81657 9.88253 7.13901 7.06828 8.10136 7.04136 9.25102 7.01009 9.30434 6.86615 6.83987 6.53725 6.44174 9.56103 7.92085 7.54654 6.66677 6.48394 6.16659 7.71864 6.35553 6.03095 5.93615 6.96911 5.84707
threshold=-0.38499999999999995 -0.86499999999999988 0.435 5.5000000000000009 0.050866206689665523 61.350000000000001 0.15862525246001741 0.00083624998187418803 0.093039405684754536 0.047847985347985351 0.027212143650499832 0.18983268983268986 0.19499999999999998 0.070430667143740064 0.24037037037037037 0.32163382594417084 80.500000000000014 58.250000000000007 0.094467108618052034 6.5000000000000009 0.4675622228396728 0.16740746593969566 13.902757932443086 0.32000000000000001 13.891820122400594 0.29352346999405826 1.0000000180025095e-35 7.5000000000000009 0.20020449897750514 0.068278943278943294
decision_type=2 2 2 2 10 2 10 8 10 8 2 10 2 8 10 8 10 2 8 10 8 10 8 2 8 8 2 2 10 10
left_child=1 -1 3 4 -2 8 12 -3 9 -5 17 14 15 -14 27 -7 -13 20 22 -20 23 -22 -19 -10 -25 -26 -15 28 -12 -29
right_child=2 7 -4 5 -6 6 -8 -9 10 -11 11 16 13 26 -16 -17 -18 18 19 -21 21 -23 -24 24 25 -27 -28 29 -30 -31
leaf_value=-0.018975035587510042 -0.060944684929513264 -0.022491810238248498 0.0027592513530105729 -0.035785560145969494 0.011349116147808071 0.060617511065273903 -0.011006728254657497 -0.0058919423773464621 0.011272144986703996 -0.0047467846241251105 0.0026184892610012045 -0.045973172248087335 -0.034672118784653608 0.074118079307600435 0.047786695438950172 0.0028436644240701033 -0.0044421673876603824 0.013532904976850996 0.039934846439190243 -0.0014810790166267147 -0.0020145564039543862 0.019871137434003289 -0.027797249487015969 0.036855613309280694 0.05102464922722786 -0.028714011409682674 0.029260002293369704 -0.017076651280445145 0.0511664882380704 -0.0032071183968382468
leaf_weight=218.79272030992433 5.6568047925829879 67.967273129266687 5418.7280809609219 21.519500333815813 191.241544008255 5.6621470637619495 38.364594900980592 1376.5438976084115 381.70330929290503 910.66358851268888 244.31563222501427 21.036221226677299 4.1349309310317031 11.499974414706228 6.8160155657678834 53.803566552698612 17.241046519950032 11.445154559798537 12.542691905051468 145.07013240549713 389.18018141109496 38.213025873526931 55.537199719808996 7.0534866191446772 2.754138071089983 26.967626940459017 21.503269158303738 85.617578982375562 7.6228610388934603 675.75334806833416
leaf_count=11182 32 2312 24301 255 1051 39 331 32838 3493 8765 1610 178 29 46 41 547 147 101 82 1255 3258 292 581 35 14 185 110 893 41 6254
internal_value=-0.00011556 -0.00829122 0.00142769 -0.000698894 0.00927215 -0.00131318 0.0104627 -0.006673 -0.00183241 -0.00546332 -0.000242515 -0.00313443 0.0189889 0.0360323 -0.00222894 0.00834472 -0.0272666 0.0026168 -0.00491046 0.00181476 0.00461544 -5.77668e-05 -0.0207352 0.00938819 -0.0101661 -0.0213251 0.0448908 -0.00256537 0.0040874 -0.00476677
internal_weight=10475 1663.3 8811.65 3392.92 196.898 3196.02 134.968 1444.51 3061.05 932.183 2128.87 1058.4 96.6039 37.1382 1020.13 59.4657 38.2773 1070.47 224.595 157.613 845.872 427.393 66.9824 418.479 36.7753 29.7218 33.0032 1013.31 251.938 761.371
internal_count=100298 46332 53966 29665 1083 28582 1102 35150 27480 9020 18460 9164 771 185 8839 586 325 9296 2019 1337 7277 3550 682 3727 234 199 156 8798 1651 7147
is_linear=0
shrinkage=0.05


Tree=55
num_leaves=31
num_cat=0
split_feature=9 9 1 32 4 38 14 14 8 9 13 8 1 31 5 0 12 19 1 31 0 34 0 11 12 1 11 11 9 0
split_gain=51.8556 16.8436 11.7877 9.99115 10.9487 9.1954 8.61125 12.804 11.4631 11.3663 10.201 9.46572 8.71063 12.7928 8.62744 9.423 8.63416 11.1188 8.41239 8.17538 10.8563 9.04212 7.96519 7.86293 7.85064 7.7556 7.69612 7.61518 7.99864 9.11725
threshold=-0.015000000000000069 -0.85499999999999987 0.5668155239630005 31.500000000000004 0.1278195488721805 2300.0000000000005 0.19272700558330888 0.16587613802405307 0.12861869313482219 0.51000000000000012 0.19876543209876546 0.15849282296650721 0.30068481678926812 15.500000000000002 0.15387620192307697 13.916428186902902 0.13472342264477097 0.099019514967790864 0.1790303960740843 24.500000000000004 13.303916896501017 12.500000000000002 15.162044351400253 0.16388811706955639 0.047847985347985351 0.52550979732698389 0.14019149715961152 0.075279196246938199 0.44 15.972548279967567
decision_type=2 2 8 8 8 2 10 10 8 2 10 10 10 2 10 8 8 2 8 2 10 10 8 8 8 10 10 10 2 8
left_child=1 -1 5 4 26 6 7 23 12 18 14 19 13 -8 22 25 -17 -18 -10 20 -11 -22 -9 24 -2 -16 -4 28 -26 -30
right_child=2 -3 3 -5 -6 -7 8 10 9 11 -12 -13 -14 -15 15 16 17 -19 -20 -21 21 -23 -24 -25 27 -27 -28 -29 29 -31
leaf_value=-0.017878174445256721 -0.016364079215914411 -0.0041912669962674244 -0.038100903824555249 0.0012772906051097149 -0.0005463222807243277 -0.035731392954531531 0.0079077697210603298 0.040744007491121295 0.03592096494893459 0.0076416290426567605 0.038040053906103072 0.031115973160824241 0.012282490256254264 0.049851229713343173 -0.049053155903639775 -0.0023330673947739825 -0.04297095554895921 0.011012951464386559 -0.027692407703971196 0.018818414108662997 0.00082531143708769591 -0.065913256964459557 -0.0066286759485422453 0.01581622217935193 0.002583083701606538 0.019574536833173346 0.015830874089518283 0.0035408804013594961 0.027560024035398992 0.0049927813839169702
leaf_weight=245.23546046554111 44.534678529947996 2695.4130382145522 45.42390307225287 4345.2591320136562 74.521642401814461 13.850983863696454 31.648473827168345 16.30941192433238 5.9337544105947009 27.451814034953713 12.609678581357 34.542409615591168 226.92136108130217 42.715559534728527 24.83803899213672 165.77682845853269 32.034458654932678 13.582505820319055 41.863958436995745 33.880795501172543 8.3162949457764643 13.02265816926956 19.461067015305161 162.68305825814605 133.44514995068312 4.9346654824912539 7.7423684000968924 1724.3715421035886 112.81783284619451 74.185280026867986
leaf_count=12581 283 49115 283 21866 400 73 199 72 38 125 51 137 1035 128 125 860 168 59 295 146 35 68 112 777 984 19 38 9273 454 329
internal_value=0.000294219 -0.00533269 0.00250202 0.000872204 -0.012913 0.00491457 0.00510174 0.00395583 0.0113476 0.000754554 -0.00594151 0.00913439 0.0171494 0.0320006 -0.00794411 -0.0113429 -0.00763379 -0.0268972 -0.0197952 -5.01123e-05 -0.0131526 -0.0399037 0.0149707 0.00522834 0.00440393 -0.0376785 -0.0302471 0.00485625 0.0119344 0.0186075
internal_weight=10435.3 2940.65 7494.68 4472.95 127.688 3021.73 3007.88 2541.58 466.297 165.012 289.547 117.214 301.285 74.364 276.937 241.166 211.394 45.617 47.7977 82.6716 48.7908 21.339 35.7705 2252.04 2089.35 29.7727 53.1663 2044.82 320.448 187.003
internal_count=100128 61696 38432 22587 721 15845 15772 13566 2206 844 1466 511 1362 327 1415 1231 1087 227 333 374 228 103 184 12100 11323 144 321 11040 1767 783
is_linear=0
shrinkage=0.05


Tree=56
num_leaves=31
num_cat=0
split_feature=31 9 31 34 1 8 32 8 5 11 1 13 12 1 5 19 11 4 38 18 34 31 18 5 4 6 2 14 12 0
split_gain=49.1649 13.9287 9.04202 12.6267 11.1033 9.92487 9.50109 8.84645 8.45332 7.48047 8.35008 7.33376 7.66698 7.21735 11.4727 13.2671 8.00175 7.85023 7.86347 10.5279 8.92373 7.66403 7.35817 15.0052 10.893 10.3689 7.34471 6.90606 9.03644 6.83349
threshold=8.5000000000000018 -0.85499999999999987 16.500000000000004 6.5000000000000009 0.36798273249835062 0.066120218579234988 24.500000000000004 0.10840188014101058 0.19754165587498923 0.12060852508154811 0.3142796819413059 0.044610281923714766 0.044281045751633996 0.33181408652014283 0.14544361888111892 -0.067311043472199586 0.074026832955404395 -0.022000752940397727 1550.0000000000002 0.15587044534412958 13.500000000000002 19.500000000000004 0.42261904761904767 0.15182716154058123 0.39473498183257705 0.079373261332024228 -0.0078985216972370931 0.086924505346737541 0.10876959479443953 13.916428186902902
decision_type=2 2 2 8 8 8 8 8 10 10 8 8 8 10 8 2 8 8 2 8 10 2 10 10 8 10 2 10 8 10
left_child=1 -1 3 5 7 -2 -6 8 -4 10 -10 29 -13 16 15 -15 -9 -18 19 21 -21 -19 24 -24 25 -20 27 -27 -29 -8
right_child=2 -3 4 -5 6 -7 11 13 9 -11 -12 12 -14 14 -16 -17 17 18 22 20 -22 -23 23 -25 -26 26 -28 28 -30 -31
leaf_value=-0.017439854993993274 -0.060107423118711679 -0.0047742047814955694 0.013056372675043388 -0.00059841599088460195 -0.028809028639104936 0.01583592018059372 0.0085162224471107325 0.040545776610801637 0.033890824968835845 0.058733301195230937 -0.038324732884155555 0.039024416358426045 0.0028971610082976283 -0.070120023300341963 0.040821765098453526 0.013811021963927313 -0.04957274692934685 -0.030355857920495957 -0.073022853863225934 0.003188839890287753 -0.047435047466715938 0.025808170482846577 0.085695529327240283 -0.0062785705899459521 0.038358363988644409 -0.078139546070095461 0.030608853345160232 0.048082268058333981 -0.036827766878270995 -0.07535640448383453
leaf_weight=242.17069127643481 4.4234797544777384 2094.054244203493 204.39785210415721 3087.7583020478487 23.720895739272237 156.84833285212517 4.2031468562781793 10.196393571794031 17.466597069054846 21.059781696647406 5.1929206214845172 14.73604363389313 4298.6709521822631 5.9915602505207088 28.724593106657267 21.984729640185833 9.3573208414018136 8.6922255493700522 6.2747174054384223 12.95159826800227 26.550438307225704 20.165969133377075 8.4869277924299258 9.2873529214411956 13.313573017716406 4.1656972542405155 10.725444607436659 5.0751647576689694 8.189901065081358 5.7518743723630905
leaf_count=12581 43 42959 762 22857 114 1033 20 42 63 62 26 49 18706 15 111 78 43 41 20 49 123 75 22 40 56 19 37 17 37 28
internal_value=0.000298985 -0.00608711 0.00215132 0.000113939 0.00352885 0.0137529 0.00274851 0.0109314 0.0173247 0.0372799 0.0173411 0.00292165 0.00302058 0.0033825 0.0186257 -0.00416412 -0.00225059 -0.00529708 -0.00220249 -0.0140657 -0.0308369 0.0088913 0.0101752 0.0376376 -4.84529e-05 -0.0148994 -0.00194637 -0.0219782 -0.0043415 -0.0399442
internal_weight=10390.6 2336.22 8054.36 3249.03 4805.33 161.272 4347.08 458.251 248.117 43.7193 22.6595 4323.36 4313.41 210.134 56.7009 27.9763 153.433 143.236 133.879 68.3602 39.502 28.8582 65.5188 17.7743 47.7445 34.4309 28.1562 17.4308 13.2651 9.95502
internal_count=100128 55540 44588 23933 20655 1076 18917 1738 913 151 89 18803 18755 825 204 93 621 579 536 288 172 116 248 62 186 130 110 73 54 48
is_linear=0
shrinkage=0.05


Tree=57
num_leaves=31
num_cat=0
split_feature=9 31 34 1 9 10 3 16 19 1 32 14 11 7 4 2 9 0 32 31 0 3 13 3 11 12 5 12 8 4
split_gain=46.7195 12.1887 10.2552 10.0578 9.57317 9.25391 9.58101 7.57826 7.90203 7.54937 10.1323 8.45984 8.20421 8.23199 8.16459 7.4174 8.89908 6.91001 6.8691 7.85777 12.7098 6.80408 9.63702 6.47491 8.47578 8.67544 6.43488 6.06782 12.4824 10.6942
threshold=-0.435 16.500000000000004 6.5000000000000009 0.36798273249835062 -0.85499999999999987 0.15958634118541035 0.93453790764670075 450.00000000000006 0.16129032258064521 0.57267965623473571 48.500000000000007 0.16857149076976666 0.13378187573013642 0.042307692307692303 0.082100494594476339 -0.03604089736185568 0.29000000000000009 13.096249640259201 36.500000000000007 15.500000000000002 14.314436109421749 0.972633895548218 0.16145324209840342 0.012323718337447333 0.090432404200340891 0.095105081138600708 0.22805827691084996 0.11915683704674532 0.12158167036215818 0.15942028985507253
decision_type=2 2 8 8 2 10 10 10 2 8 10 10 8 2 10 2 2 8 8 2 8 10 10 10 10 10 10 10 10 10
left_child=4 2 7 5 -1 23 -7 8 -2 15 11 12 13 18 -14 21 26 -15 -11 -20 -21 -4 -23 24 -3 -26 -17 28 -25 -29
right_child=1 3 9 -5 -6 6 -8 -9 -10 10 -12 -13 14 17 -16 16 -18 -19 19 20 -22 22 -24 27 25 -27 -28 29 -30 -31
leaf_value=-0.017012372584987313 4.0422467900684913e-05 0.037545834314151774 -0.0081279087232557154 0.0026602442391064781 -0.006107391296382254 0.0033839006675880781 -0.062277578651996263 0.033009420761273008 0.024810895866406057 -0.033203069885767281 0.00029442283565982624 -0.021470225030433596 0.0077480510111182458 0.037773550823474021 -0.02257745195825657 0.0001296316835408112 0.0067675432979439473 -0.004611341739471188 -0.0074619866810092242 0.03435821687866638 -0.056627948930270317 0.0015766678380194435 0.056152072807162716 0.012761017700152462 0.0085456785390576311 -0.075115545355828622 -0.028007347015819917 0.03744921040099327 -0.024365522341832303 0.0079443363511715274
leaf_weight=239.31504990335088 124.13506350852549 5.0264486484229591 336.24651941750199 4336.9215701296926 1265.4460355058545 16.066932311281565 8.4918959550559503 32.026262570172548 43.471780255436897 46.736232675611973 802.86820429190993 98.283671760000288 153.47074328456074 10.028569603338836 25.947761276736856 1205.2287559676915 685.88053038343787 233.76903079729527 152.34204779099673 4.8054972104728249 19.06798655167222 55.008081464096904 9.4834181908518058 259.18643602356315 5.4289688840508443 7.2193643562495708 20.668544796295464 61.932429822161794 24.806464355438948 60.922134954482317
leaf_count=12581 1076 19 3241 18917 31540 70 35 239 270 520 6520 848 1315 63 210 12690 3842 2085 1501 17 109 531 57 976 21 32 218 209 108 268
internal_value=0.000302918 0.00168845 -0.000326846 0.00339782 -0.0078417 0.0105208 -0.0193204 0.0107235 0.00646508 -0.000898375 -0.00360167 -0.00780348 -0.00572474 -0.00921781 0.00336233 0.000910417 0.00220689 -0.00286785 -0.0161615 -0.0116417 -0.0383133 -0.00527461 0.00960193 0.0122472 -0.017379 -0.0392061 -0.000344756 0.0135342 0.00951806 0.0228181
internal_weight=10350.2 8845.47 4059.47 4786 1504.76 449.081 24.5588 199.633 167.607 3859.84 1547.32 744.452 646.168 466.749 179.419 2312.52 1911.78 243.798 222.952 176.216 23.8735 400.738 64.4915 424.522 17.6748 12.6483 1225.9 406.847 283.993 122.855
internal_count=100128 56007 35352 20655 44121 1738 105 1585 1346 33767 13188 6668 5820 4295 1525 20579 16750 2148 2147 1627 126 3829 588 1633 72 53 12908 1561 1084 477
is_linear=0
shrinkage=0.05


Tree=58
num_leaves=31
num_cat=0
split_feature=9 9 9 33 31 16 32 2 31 1 38 10 4 33 16 34 19 8 0 19 12 12 14 3 0 4 18 14 36 8
split_gain=43.4507 10.3312 9.12549 7.73054 12.7642 7.63483 9.00712 6.71602 6.35192 6.30311 7.47487 7.16779 8.87655 8.8183 8.42229 13.8071 10.6588 9.9271 9.16959 11.1803 11.4465 10.6311 10.3958 9.954 9.29072 11.1548 8.6235 8.24942 7.94868 14.3404
threshold=-0.435 0.18000000000000002 -0.85499999999999987 56.150000000000013 16.500000000000004 450.00000000000006 52.500000000000007 0.024060857732248291 26.500000000000004 0.5668155239630005 2300.0000000000005 0.13375888784141446 0.015228426395939106 60.45000000000001 -149.99999999999997 33.500000000000007 0.22593004572982331 0.12220009955201594 15.399500529752991 0.1669510807736064 0.14009345794392528 0.1306379520520114 0.097364244904028688 0.90997320306675233 16.398960824967336 -0.067961165048543645 0.2752525252525253 0.17540958273123838 7.5000000000000009 0.16064516129032261
decision_type=2 2 2 2 2 10 8 2 2 8 2 10 10 2 8 10 2 10 8 2 8 10 8 10 10 8 10 10 2 8
left_child=2 3 -1 4 -2 6 7 -6 -5 10 -3 14 13 -13 15 16 18 26 28 20 21 22 23 -20 25 -24 -17 -21 -11 -30
right_child=1 9 -4 8 5 -7 -8 -9 -10 11 -12 12 -14 -15 -16 17 -18 -19 19 27 -22 -23 24 -25 -26 -27 -28 -29 29 -31
leaf_value=-0.016592890366184568 0.00095788315087995477 0.0047795625774596558 -0.0058908948869578499 -0.0037012028467263247 0.057290498549691607 0.066914213387277696 -0.0069232318872791861 0.0015314626750522438 0.045293074260971192 0.016108151965348871 -0.035163407026336586 0.0094465692411945922 0.0014358601692666664 0.063655481808730568 -0.0013739379382759244 -0.0047822820875994309 0.020558013387689276 0.0025316637610719489 0.048985852274503847 -0.01594625530951849 -0.018108417116325264 0.05196565885925003 0.042347356425918477 -0.011897543370567457 0.038312421734062047 -0.015311960330255959 -0.06791663891558318 -0.072917531330383423 -0.016481204540206441 0.051882036414494959
leaf_weight=236.62182126892731 722.12102955393493 2506.5321461055428 1259.1452414903324 1439.5155912544578 15.812123896554114 9.4797523934394103 20.421788720414042 8.2013688683509809 6.6459161564707747 175.46406240016222 11.76784675568342 422.84020329453051 766.40737134497613 7.6376215852797023 2247.582863856107 8.628211088478567 119.25969724729657 22.051701514050364 21.409756036475304 31.375026991590858 52.931734223850071 13.146130386739967 9.4222956188023073 9.7800450343638641 11.812438514083622 76.4207445057109 14.495120316743849 7.9676776062697163 47.480215633288026 9.1492425259202701
leaf_count=12581 7886 12121 31540 15881 73 33 131 40 26 756 60 1951 3913 22 10937 51 525 117 85 138 284 56 31 63 42 373 72 38 261 41
internal_value=0.00029572 0.00163265 -0.00758389 -0.00131574 0.00271005 0.026178 0.0174875 0.038247 -0.00347605 0.00262633 0.00459291 0.00141109 0.00466295 0.0104084 5.89004e-05 0.00516425 0.00721881 -0.0214697 0.00380764 -0.00317085 0.00173645 0.00913425 0.00476415 0.0298949 -0.00326227 -0.00898316 -0.0443588 -0.0274841 0.0108515 -0.00543621
internal_weight=10311.5 8815.76 1495.77 2222.2 776.036 53.915 44.4353 24.0135 1446.16 6593.56 2518.3 4075.26 1196.89 430.478 2878.38 630.794 585.619 45.175 466.359 234.266 194.923 141.991 128.845 31.1898 97.6555 85.843 23.1233 39.3427 232.094 56.6295
internal_count=100128 56007 44121 24070 8163 277 244 113 15907 31937 12181 19756 5886 1973 13870 2933 2693 240 2168 1110 934 650 594 148 446 404 123 176 1058 302
is_linear=0
shrinkage=0.05


Tree=59
num_leaves=31
num_cat=0
split_feature=9 31 9 34 14 19 4 14 33 12 16 5 32 13 19 4 19 9 0 18 2 0 16 4 0 4 3 5 7 31
split_gain=40.7939 10.0213 8.67463 7.83459 7.11729 10.0147 8.24841 7.90162 9.39765 8.62679 6.93306 7.93444 7.49873 6.89176 7.76742 7.04155 6.71297 6.44285 8.84089 7.20668 7.49629 6.39973 6.395 6.33055 6.2142 6.15974 6.05314 5.94162 6.30278 7.55119
threshold=-0.435 16.500000000000004 -0.85499999999999987 6.5000000000000009 0.052582205984003171 0.042668477632643607 0.13243521122501437 0.085279582155666861 55.45000000000001 0.12917130144605118 -1.0000000180025095e-35 0.054074940473704002 88.500000000000014 0.087167581257914753 0.036101553539776905 0.33467326158406913 -0.26905591910790366 0.47500000000000003 13.774603998235223 0.39444444444444454 -0.028481889461110018 13.264953803103289 450.00000000000006 0.39473498183257705 16.896308967914383 0.0063411770382642216 0.972633895548218 0.073401978538395932 0.16153846153846158 14.500000000000002
decision_type=2 2 2 8 8 2 10 8 2 10 10 10 10 8 2 10 2 2 8 10 2 8 10 10 10 10 8 8 2 2
left_child=2 3 -1 22 5 6 -5 10 27 16 17 -12 13 -13 25 26 -10 -6 -19 -20 -21 23 -2 -18 -23 -15 -16 28 29 -9
right_child=1 -3 -4 4 7 -7 -8 8 9 -11 11 12 -14 14 15 -17 21 18 19 20 -22 24 -24 -25 -26 -27 -28 -29 -30 -31
leaf_value=-0.016217704343759017 0.0053814737156343759 0.003131515313542289 -0.0057315500485906282 -0.0089757194013549597 0.0054840253796127614 -0.021265421267211204 0.020451603482121578 0.015892109697341755 0.010956336666939596 0.0021643360349561042 -0.01984116197205061 -0.0064182944100206717 -0.048995436083292682 0.003932134857336636 0.0067925798851121476 -0.054533867290308041 0.0052376581005077394 -0.040275776476357744 0.031737747171560131 -0.062365047965472445 0.017199483825027031 -0.0062869515268961316 0.029337473007114253 0.068294755314178973 0.027782834656792002 0.026673523985260274 -0.021958859240092887 0.0023101261981308533 -0.010797297870124572 0.05960658501166427
leaf_weight=234.06268252932932 167.00547795183957 4742.6620698673651 1253.0796137591824 71.853402998298407 262.18412253633142 99.003387087956071 35.616135658696294 55.067985518835485 66.161859213374555 636.26102265715599 45.242635998874903 125.87403896264732 7.0073322076350442 51.663118252530694 111.8710817201063 5.7259584907442322 74.836872950196266 5.5022195614874354 69.136069407686591 4.3303407281637183 9.3575125709176046 1546.1514392569661 33.435518147423863 4.203863598406314 13.500889163464306 70.284966294653714 21.888072134926915 411.39177728816867 16.45431979931891 12.03842857480049
leaf_count=12581 1346 20655 31540 805 2639 1000 311 508 576 5292 434 1226 80 496 943 61 578 37 314 27 42 13844 239 17 100 585 228 3430 148 46
internal_value=0.000275727 0.00157341 -0.00738198 -0.000258842 -0.000762815 -0.00979246 0.000776695 -0.000248665 -0.00148058 -0.00280398 0.00417347 -9.09738e-06 0.00226638 0.00319383 0.00782185 -0.000236602 -0.00465818 0.00941862 0.0210979 0.0251752 -0.00797185 -0.00528861 0.00937757 0.00859142 -0.00599203 0.0170392 0.00208775 0.00477909 0.0169344 0.0237342
internal_weight=10262.9 8775.71 1487.14 4033.05 3832.61 206.473 107.47 3626.14 2836.07 2341.12 790.067 439.557 394.315 387.307 261.433 139.485 1704.85 350.51 88.3261 82.8239 13.6879 1638.69 200.441 79.0407 1559.65 121.948 133.759 494.953 83.5607 67.1064
internal_count=100128 56007 44121 35352 33767 2116 1116 31651 24539 20407 7112 4053 3619 3539 2313 1232 15115 3059 420 383 69 14539 1585 595 13944 1081 1171 4132 702 554
is_linear=0
shrinkage=0.05


Tree=60
num_leaves=31
num_cat=0
split_feature=9 9 12 1 32 31 20 14 4 9 38 10 2 11 11 0 40 33 32 11 4 34 32 13 1 8 8 11 10 11
split_gain=41.1967 10.9155 5.81164 5.78715 6.32649 6.24621 6.42846 5.55462 7.42051 10.0959 6.74943 8.00168 5.54768 5.48863 6.94 6.1279 5.39957 5.34598 11.4969 8.39262 8.71843 9.6537 8.55489 7.55526 10.5504 7.84509 11.0353 10.9305 7.79505 7.47167
threshold=-0.10000000000000003 -0.87499999999999989 0.060790835181079091 0.94105595213736792 40.500000000000007 21.500000000000004 0.31271258503401367 0.11542042687294087 0.0029049039504162638 0.66500000000000015 1450.0000000000002 0.13085232314945797 -0.0090191344808233358 0.16192870996618264 0.13331681532870832 15.773436119930365 1.0000000180025095e-35 55.45000000000001 36.500000000000007 0.15003949447077411 -0.085201793721973049 33.500000000000007 71.500000000000014 0.14650406504065042 0.77265764556373262 0.093386627906976757 0.10084745762711866 0.065489186941152022 0.10391989845341885 0.1304444616516319
decision_type=2 2 8 10 10 2 10 8 10 2 2 10 2 8 10 8 10 2 10 10 10 10 10 8 10 10 10 10 10 10
left_child=1 -1 -3 17 12 -6 7 13 10 -10 11 -9 -5 14 15 -7 -8 18 -2 23 21 -21 -22 25 -25 28 27 -27 29 -20
right_child=3 2 -4 4 5 6 16 8 9 -11 -12 -13 -14 -15 -16 -17 -18 -19 19 20 22 -23 -24 24 -26 26 -28 -29 -30 -31
leaf_value=-0.017239309721888713 -0.0036660701829504452 -0.013688859261348416 -0.0040554062805589026 -0.01276265003022848 -0.018266431009013161 0.0091998534531043535 0.082342768354340873 0.04856083621615518 0.054381590328451725 0.0022530774688025962 -0.061924767358384897 -0.036033596935537635 -0.085261728350660967 -0.077649797421283293 0.027509523505789835 -0.063084567765659044 0.014197971390216363 0.0013184536065385759 0.0022266655353162901 -0.034132656565076178 0.012119112499226254 0.045288341499531592 -0.022278813130515857 0.026665481194627721 -0.0025845185366205423 0.035102616392627593 0.0075663766895069269 -0.019474025749714699 0.021417925446724471 0.070567831605953688
leaf_weight=189.06415029952768 291.35908502340317 168.71637595642824 2172.433731413912 6.1667034942656755 58.368599962443113 4.7323602791875645 3.9418788887560341 4.7210311107337493 10.585418999195097 75.796538341790438 7.7052138429135075 6.8531790189445019 4.6121969670057279 4.0341503359377375 6.7089133094996205 7.7068660724908122 11.0717783998698 6329.8102621631697 122.95050068199635 32.009723350405693 76.177495470270514 4.3455920666456214 23.698750169947743 122.65946366451681 41.17871968075633 10.393101772293447 240.57030403614044 78.224580246955156 144.80670852027833 4.1338507086038581
leaf_count=10184 1790 3900 44159 37 390 24 12 23 34 500 36 31 28 27 37 39 74 34367 649 164 368 17 126 560 200 50 1205 432 734 13
internal_value=-0.000144676 -0.00568291 -0.00474965 0.00166687 -0.00646039 -0.00447097 0.00112639 -0.00248163 0.00238116 0.00864101 -0.0256663 -0.00152818 -0.0437844 -0.0246455 -0.0134785 -0.0355848 0.0320896 0.00189701 0.00496795 0.0077595 -0.00367425 -0.0246394 0.00395713 0.00979585 0.0193139 0.0072015 0.00201017 -0.0130733 0.0134868 0.00444969
internal_weight=10265.5 2530.21 2341.15 7735.32 213.005 202.226 143.857 128.844 105.661 86.382 19.2794 11.5742 10.7789 23.1823 19.1481 12.4392 15.0137 7522.32 1192.51 901.149 136.232 36.3553 99.8762 764.917 163.838 601.079 329.188 88.6177 271.891 127.084
internal_count=100210 58243 48059 41967 1292 1227 837 751 624 534 90 54 65 127 100 63 86 40675 6308 4518 675 181 494 3843 760 3083 1687 482 1396 662
is_linear=0
shrinkage=0.05


Tree=61
num_leaves=31
num_cat=0
split_feature=9 9 36 7 11 16 5 18 6 8 0 33 20 10 10 0 19 3 10 16 9 38 16 6 12 12 3 33 5 13
split_gain=38.7638 10.5014 6.38043 9.18987 9.4918 9.66711 9.74533 12.2148 10.2914 9.69722 9.13064 8.70614 8.36535 9.25923 7.80225 10.0301 10.8109 9.98157 9.25917 8.3411 7.21558 8.34842 11.1638 11.0008 9.20449 9.07314 12.4382 8.23457 8.73497 7.50428
threshold=-0.10000000000000003 -0.78499999999999992 4.5000000000000009 0.030769230769230761 0.12414379544921418 650.00000000000011 0.21743351625158297 0.40588235294117653 0.073410534419708753 0.10676291793313071 15.356805788326556 60.550000000000004 0.39819572692500876 0.12245429698716383 0.086974882491186858 13.578851910945366 1.0000000180025095e-35 6.2901219408508077e-13 0.088441513789631387 -149.99999999999997 0.70499999999999996 1250.0000000000002 -349.99999999999994 0.21178513071895427 0.1715728715728716 0.11558704453441297 0.88212926646513989 55.95000000000001 0.17551909148730999 0.082951070336391444
decision_type=2 2 2 2 8 10 8 10 8 8 10 2 8 8 8 8 2 10 8 8 2 2 10 10 8 10 10 2 8 10
left_child=1 -1 -2 4 5 6 9 8 -8 -4 12 -11 13 -6 15 16 -5 -17 -16 -18 27 22 29 -23 25 26 -24 -20 -29 -22
right_child=2 -3 3 14 10 -7 7 -9 -10 11 -12 -13 -14 -15 18 17 19 -19 20 -21 21 23 24 -25 -26 -27 -28 28 -30 -31
leaf_value=-0.013212775203597574 0.0031918579088242773 -0.0041954648406291647 -0.0039144798737575665 -0.071412700388586006 0.042895962962231061 0.022711481427885746 0.030415083748679878 0.0043347206196270001 -0.034363743166671838 0.0026287213937180526 -0.0018955009457596751 0.022964196931934956 0.0061431160078896435 0.01197834357187795 -0.039433852649608053 -0.047585345025860086 0.047449113323888167 0.0087824560031642025 0.0027755541455069576 -0.030989690765637019 -0.015413884670103219 0.0040052286156877738 -0.041274998521340187 -0.040253678434708146 0.024884954673997636 -0.050133974377787931 0.0080577002190715501 -0.0070517448549336772 -0.02273808588113084 0.030213645591922696
leaf_weight=380.38770500733517 3438.131899131462 2135.4609491697047 742.42417932581156 8.6470656748861092 33.027098391205072 43.817604575306177 6.7833576984703532 49.126739531755447 63.778146717697382 628.06987457629293 303.48363900184631 57.446989245712757 711.00901915878057 90.770501121878624 18.692904029041529 8.0911686457693559 5.5364262908697128 267.64246439374983 140.50944424048066 8.7389716394245607 15.386725548654793 482.71200575400144 23.605420563369989 14.460450356826184 9.5983160585165006 27.533983429893851 27.853014012798667 350.67748258356005 118.81776081304997 21.749216655269265
leaf_count=18707 17871 39536 4535 48 140 217 36 279 372 3718 1576 306 3879 489 111 57 19 1473 859 60 70 2211 107 80 51 132 130 2292 756 93
internal_value=-0.000169026 -0.00555885 0.00158788 0.000299392 0.00204539 -0.000448137 -0.00110385 -0.0148084 -0.0281363 4.48479e-05 0.0055316 0.00433285 0.00823163 0.0202266 -0.00277502 0.00448646 -0.0272933 0.00712839 -0.00450776 -0.000568776 -0.00397822 -0.000192932 -0.0117037 0.00271794 -0.0213501 -0.026968 -0.0145726 -0.00784352 -0.0110216 0.0113086
internal_weight=10234 2515.85 7718.12 4279.99 2729.74 1591.45 1547.63 119.688 70.5615 1427.94 1138.29 685.517 834.807 123.798 1550.25 298.656 22.9225 275.734 1251.6 14.2754 1232.9 622.899 125.727 497.172 88.5907 78.9924 51.4584 610.005 469.495 37.1359
internal_count=100210 58243 41967 24096 15547 9463 9246 687 408 8559 6084 4024 4508 629 8549 1657 127 1530 6892 79 6781 2874 583 2291 420 369 237 3907 3048 163
is_linear=0
shrinkage=0.05


Tree=62
num_leaves=31
num_cat=0
split_feature=9 9 36 13 1 3 33 10 2 14 11 33 8 6 13 2 0 35 33 37 10 5 20 1 11 11 9 13 5 9
split_gain=37.1881 9.90399 6.2112 5.6485 11.6285 5.41414 5.40689 7.6325 7.9851 7.3574 8.07471 7.35091 7.81166 7.94264 14.6063 12.4352 7.87594 9.24461 7.33249 7.30225 11.7249 7.04028 7.87119 6.56878 8.00605 6.47345 6.37653 6.36647 6.16974 7.44143
threshold=-0.10000000000000003 -0.87499999999999989 4.5000000000000009 0.044610281923714766 0.36121337727741226 0.00064928661318356046 60.150000000000013 0.094407196836161097 -0.018666137145882947 0.162184760010847 0.11429682292823819 58.550000000000004 0.24357284113381678 0.083364083640836417 0.079077644606565925 -0.0076322638896611306 14.009666671405204 17.500000000000004 59.650000000000013 5.5000000000000009 0.17075484796593701 0.16430248155600272 0.25524578136463688 0.062716541503744047 0.1224558835712905 0.13158519814976874 2.2850000000000006 0.10038759689922482 0.057429087503344939 0.34000000000000002
decision_type=2 2 2 8 10 8 2 8 2 10 8 2 10 10 8 2 8 2 2 2 8 10 10 8 10 8 2 8 8 2
left_child=1 -1 -3 4 -2 -4 11 9 19 -8 21 23 13 14 15 -13 17 -16 -19 -9 26 -11 -23 24 -5 -26 -21 -10 29 -15
right_child=3 2 5 6 -6 -7 7 8 27 10 -12 12 -14 28 16 -17 -18 18 -20 20 -22 22 -24 -25 25 -27 -28 -29 -30 -31
leaf_value=-0.01654587682367702 0.03688771462785894 -0.0016886101214200781 -0.02200217002559663 0.04163711994214607 -0.038940556177309724 -0.0061853078189166751 0.02034562248890609 0.0044576213948123392 -0.022437890901183127 -0.0572415653054026 0.050548200700230542 -0.047043671018589125 0.034646863512054024 0.015504065039351665 -0.053686724000911346 0.040534461850169193 -0.001426475940650907 0.023743356480999164 -0.04451747565785362 -0.0042717300453374747 -0.093943135247795156 -0.010586615214557549 0.05513801270218336 0.0018484483746595713 -0.068501103708049779 0.013439441244910824 -0.062251073747833043 0.035863632547823286 0.00022550817273210862 -0.037247089129200738
leaf_weight=185.65033599245362 6.6357349827885654 1045.818071977701 56.620485070627183 22.206723934039474 21.23695001937449 1217.3144197490765 138.70978826377541 388.03606015443802 5.6108542792499057 6.5988586805760852 6.3834539651870719 37.179843753576279 14.135253252461551 9.4140644911676628 16.931382980197668 4.5491609126329413 193.64035612531006 10.673735748976471 6.230598170310258 108.26238651573658 3.9972835853695861 31.91717690974474 5.3137880004942408 5694.5674323374406 3.3076755441725227 8.8847405053675175 4.9594139568507662 28.300849698483944 896.49957050476223 23.066006828099489
leaf_count=10184 41 19824 1777 127 152 26458 732 1980 34 44 23 242 88 74 106 20 1106 58 39 594 27 172 18 31080 29 46 33 122 4866 114
internal_value=-0.00014236 -0.00543344 -0.00454411 0.00157985 -0.0208879 -0.00688829 0.00166151 0.00576063 0.00273029 0.0144089 -0.00199071 0.00123154 -0.00230559 -0.00274152 -0.0103038 -0.0374962 -0.00531552 -0.0275724 -0.00141622 0.00115388 -0.00978266 -0.00964257 -0.00120607 0.00198004 0.0237637 -0.00879018 -0.00681138 0.0262174 -0.000550085 -0.0219576
internal_weight=10202.7 2505.4 2319.75 7697.25 27.8727 1273.93 7669.38 728.09 539.167 188.923 50.2133 6941.29 1212.32 1198.18 269.205 41.729 227.476 33.8357 16.9043 505.255 117.219 43.8298 37.231 5728.97 34.3991 12.1924 113.222 33.9117 928.98 32.4801
internal_count=100210 58243 48059 41967 193 28235 41774 3779 2790 989 257 37995 6713 6625 1571 262 1309 203 97 2634 654 234 190 31282 202 75 627 156 5054 188
is_linear=0
shrinkage=0.05


end of trees

feature_importances:
agf_edge=339
agf_raw=139
form_cycle=119
weight_delta=90
class_indicator=78
jockey_track_win_rate=77
s20_edge=77
jockey_win_rate=73
dam_win_rate=73
trainer_win_rate=72
kgs_raw=70
sire_win_rate=69
sire_surface_rate=63
dam_surface_rate=63
speed_figure=61
weight_kg_raw=58
surface_affinity=54
hp_raw=53
gate_number=43
rest_fitness=38
gate_bias=32
distance_delta_m=26
field_pace_density=22
distance_meters=22
field_size=20
agf_reliability=16
s20_raw=14
age=14
equipment_changed=8
surface_is_kum=5
surface_switch=2

parameters:
[boosting: gbdt]
[objective: lambdarank]
[metric: ndcg]
[tree_learner: serial]
[device_type: cpu]
[data_sample_strategy: bagging]
[data: ]
[valid: ]
[num_iterations: 500]
[learning_rate: 0.05]
[num_leaves: 31]
[num_threads: 0]
[seed: 0]
[deterministic: 0]
[force_col_wise: 0]
[force_row_wise: 0]
[histogram_pool_size: -1]
[max_depth: -1]
[min_data_in_leaf: 20]
[min_sum_hessian_in_leaf: 0.001]
[bagging_fraction: 0.85]
[pos_bagging_fraction: 1]
[neg_bagging_fraction: 1]
[bagging_freq: 5]
[bagging_seed: 3]
[bagging_by_query: 0]
[feature_fraction: 0.9]
[feature_fraction_bynode: 1]
[feature_fraction_seed: 2]
[extra_trees: 0]
[extra_seed: 6]
[early_stopping_round: 0]
[early_stopping_min_delta: 0]
[first_metric_only: 0]
[max_delta_step: 0]
[lambda_l1: 0]
[lambda_l2: 0]
[linear_lambda: 0]
[min_gain_to_split: 0]
[drop_rate: 0.1]
[max_drop: 50]
[skip_drop: 0.5]
[xgboost_dart_mode: 0]
[uniform_drop: 0]
[drop_seed: 4]
[top_rate: 0.2]
[other_rate: 0.1]
[min_data_per_group: 100]
[max_cat_threshold: 32]
[cat_l2: 10]
[cat_smooth: 10]
[max_cat_to_onehot: 4]
[top_k: 20]
[monotone_constraints: ]
[monotone_constraints_method: basic]
[monotone_penalty: 0]
[feature_contri: ]
[forcedsplits_filename: ]
[refit_decay_rate: 0.9]
[cegb_tradeoff: 1]
[cegb_penalty_split: 0]
[cegb_penalty_feature_lazy: ]
[cegb_penalty_feature_coupled: ]
[path_smooth: 0]
[interaction_constraints: ]
[verbosity: -1]
[saved_feature_importance_type: 0]
[use_quantized_grad: 0]
[num_grad_quant_bins: 4]
[quant_train_renew_leaf: 0]
[stochastic_rounding: 1]
[linear_tree: 0]
[max_bin: 255]
[max_bin_by_feature: ]
[min_data_in_bin: 3]
[bin_construct_sample_cnt: 200000]
[data_random_seed: 1]
[is_enable_sparse: 1]
[enable_bundle: 1]
[use_missing: 1]
[zero_as_missing: 0]
[feature_pre_filter: 1]
[pre_partition: 0]
[two_round: 0]
[header: 0]
[label_column: ]
[weight_column: ]
[group_column: ]
[ignore_column: ]
[categorical_feature: ]
[forcedbins_filename: ]
[precise_float_parser: 0]
[parser_config_file: ]
[objective_seed: 5]
[num_class: 1]
[is_unbalance: 0]
[scale_pos_weight: 1]
[sigmoid: 1]
[boost_from_average: 1]
[reg_sqrt: 0]
[alpha: 0.9]
[fair_c: 1]
[poisson_max_delta_step: 0.7]
[tweedie_variance_power: 1.5]
[lambdarank_truncation_level: 10]
[lambdarank_norm: 1]
[label_gain: ]
[lambdarank_position_bias_regularization: 0]
[eval_at: 1,3,5,10]
[multi_error_top_k: 1]
[auc_mu_weights: ]
[num_machines: 1]
[local_listen_port: 12400]
[time_out: 120]
[machine_list_filename: ]
[machines: ]
[gpu_platform_id: -1]
[gpu_device_id: -1]
[gpu_use_dp: 0]
[num_gpu: 1]

end of parameters

pandas_categorical:[]
