tree
version=v4
num_class=1
num_tree_per_iteration=1
label_index=0
max_feature_idx=40
objective=lambdarank
feature_names=speed_figure form_cycle weight_delta rest_fitness class_indicator jockey_win_rate trainer_win_rate gate_bias surface_affinity agf_edge sire_win_rate sire_surface_rate dam_win_rate dam_surface_rate jockey_track_win_rate surface_switch distance_delta_m equipment_changed field_pace_density s20_edge agf_reliability late_agf_drift late_jockey_change late_equipment_change late_gate_change tipster_consensus jockey_discipline_flag days_since_workout workout_speed_ms n_workouts_recent steward_report_flag agf_raw hp_raw weight_kg_raw kgs_raw s20_raw gate_number age distance_meters field_size surface_is_kum
feature_infos=[5.9811167599436068:17.790428749332857] [0:1] [-0.16666666666666666:0.16705471478463324] [0:1] [-1:1.4999999999999998] [0.013245033112582781:0.2890625] [0.02197802197802198:0.36666666666666664] [-1.1153846153846154:0.5] [0.029850746268656716:0.42857142857142855] [-1:6] [0.022988505747126436:0.37254901960784315] [0.023529411764705882:0.35555555555555557] [0.021505376344086023:0.44262295081967212] [0.024390243902439025:0.45833333333333331] [0.016260162601626018:0.35483870967741937] [0:1] [-1400:1400] [0:1] [0:1] [-0.93367346938775508:1.1238938053097347] [0.096774193548387094:0.69999999999999996] none none none none none none none none none none [0:93] [0:118] [46.899999999999999:66] [4:1979] [1:20] [1:22] [2:14] [800:2800] [3:22] [0:1]
tree_sizes=3497 3501 3499 3472 3478 3489 3478 3494 3505 3494 3546 3511 3494 3478 3519 3509 3512 3505 3526 3507 3528 3515 3549 3532 3511 3524 3532 3483 3507 3525 3532 3529 3500 3489 3513 3502 3536 3528 3522 3524 3529 3520 3527 3531 3520 3503 3506 3482 3517 3556 3527 3540 3539 3498 3519 3528 3550 3523 3553 3496 3519 3508 3534 3536 3513 3501 3526 3504 3501 3516 3528 3523 3529 3525 3531 3535 3541 3527 3528 3491 3556 3541 3537 3528 3515 3500 3531 3525 3535 3517 3489 3521 3537 3513 3524 3543 3524 3513 3488 3492 3526 3526 3531 3531 3521 3507 3525 3523 3515 3521 3546 3565 3527 3522 3515 3520 3522 3509 3521 3528 3507 3538 3529 3517 3530 3505 3525 3516 3527 3513 3525 3507 3514 3516 3531 3529 3509 3513 3520 3530 3522 3511 3521 3513 3533 3539 3517 3508

Tree=0
num_leaves=31
num_cat=0
split_feature=31 31 31 31 31 39 39 39 31 31 31 31 39 31 39 31 39 31 39 39 39 39 39 39 39 31 4 39 4 2
split_gain=5549.66 869.036 770.358 165.408 147.101 109.492 76.1791 70.6021 45.3594 36.1808 35.4937 35.3635 33.9477 29.9099 21.6784 19.6119 16.2843 15.8768 14.0152 13.5227 13.2559 11.5491 11.4487 11.3275 10.4725 9.8032 9.19655 9.1687 8.97417 8.65015
threshold=8.5000000000000018 16.500000000000004 3.5000000000000004 25.500000000000004 1.5000000000000002 9.5000000000000018 10.500000000000002 8.5000000000000018 11.500000000000002 35.500000000000007 5.5000000000000009 11.500000000000002 13.500000000000002 5.5000000000000009 7.5000000000000009 2.5000000000000004 13.500000000000002 14.500000000000002 10.500000000000002 8.5000000000000018 7.5000000000000009 12.500000000000002 7.5000000000000009 13.500000000000002 7.5000000000000009 14.500000000000002 -0.11564251251161255 8.5000000000000018 -0.17794040260794333 -0.027703306523681869
decision_type=2 2 2 2 2 2 2 2 2 2 2 2 2 2 2 2 2 2 2 2 2 2 2 2 2 2 8 2 10 2
left_child=2 5 4 7 28 11 10 -3 21 14 19 -2 15 16 -5 -6 -8 23 -9 -4 25 -7 -12 -10 -11 26 -13 -17 -1 -24
right_child=1 3 6 9 12 8 13 18 17 24 22 20 -14 -15 -16 27 -18 -19 -20 -21 -22 -23 29 -25 -26 -27 -28 -29 -30 -31
leaf_value=-0.083401324219455994 -0.011346198922795352 0.027223274215399079 -0.047295484330258902 0.044497928990413015 -0.063211302812262463 0.0056257933474325294 -0.026959976039433065 0.042382244973448176 0.020195368205173481 0.065664069310783155 -0.031775619019300309 0.022008285499997508 -0.03419937979849496 -0.0025896374765647426 0.06294241322859713 -0.059461065330027624 -0.0060426791129397448 0.038713404800423602 0.054614610765578844 -0.031189917754058272 0.013166184654716693 0.020973277832696795 -0.032314375540560714 0.039193070293459829 0.077949524260625389 0.010837702434739476 -0.012533126375895463 -0.044737801934645674 -0.071979029068493794 -0.014607321741982286
leaf_weight=611.16562011360656 417.04888131469488 586.2972337603569 274.26496625877917 243.4562016222626 555.10593049135059 380.90599525766447 299.85700640454888 415.35675465874374 405.86999968532473 307.77961242757738 216.96038760244846 21.998320925980806 197.89980137173552 506.28129707928747 460.89920935314149 155.56881817430258 134.90832854108885 280.51830485090613 536.78046961966902 248.34929957147688 389.84358574450016 180.74305808730423 84.423692283220589 97.268914484186098 397.48713565524668 108.37054647877812 155.38200799934566 330.12767723109573 239.28682962816674 376.83603252843022
leaf_count=11107 4891 5637 3630 2093 8871 4684 4492 3669 4518 2267 2617 219 3694 6900 3329 2150 2063 2692 4376 3418 4181 2194 1113 1080 2356 1098 1735 5285 4602 4735
internal_value=0.00028136 0.0339459 -0.0425727 0.05221 -0.0641753 0.0118602 -0.021502 0.0408732 0.0214096 0.0645828 -0.0298494 0.000102544 -0.0531819 -0.0108501 0.0565672 -0.0567912 -0.0204693 0.0291821 0.0492784 -0.039642 0.00716993 0.0105647 -0.0223035 0.0238681 0.0725881 -0.00101063 -0.00824938 -0.0494537 -0.0801875 -0.0178482
internal_weight=9617.04 5386.01 4231.04 2948.06 2089.15 2437.95 2141.88 1538.43 1345.31 1409.62 1200.83 1092.64 1238.7 941.047 704.355 1040.8 434.765 783.657 952.137 522.614 675.594 561.649 678.22 503.139 705.267 285.751 177.38 485.696 850.452 461.26
internal_count=115696 51019 64677 23727 35709 27292 28968 13682 15168 10045 15513 12124 20000 13455 5422 16306 6555 8290 8045 7048 7233 6878 8465 5598 4623 3052 1954 7435 15709 5848
is_linear=0
shrinkage=0.05


Tree=1
num_leaves=31
num_cat=0
split_feature=9 9 9 9 31 9 9 9 31 9 31 9 31 33 1 34 2 31 12 9 1 12 6 1 9 2 1 3 9 2
split_gain=11649.6 2464.02 1491.65 466.053 422.184 190.851 156.154 89.1272 63.4218 51.1026 43.0529 41.6324 38.8081 30.8712 45.0174 33.3257 28.9697 28.4596 26.9352 25.992 24.9791 24.4776 23.7059 22.3862 22.1427 22.4912 19.9468 19.5828 18.9432 18.5698
threshold=-0.11000000000000001 1.3300000000000003 -0.65499999999999992 0.51000000000000012 35.500000000000007 -0.82499999999999984 -0.435 2.0900000000000003 20.500000000000004 1.9950000000000001 25.500000000000004 1.0000000180025095e-35 50.500000000000007 55.45000000000001 0.55315318673988878 7.5000000000000009 0.00338192205964629 7.5000000000000009 0.096205265322912389 -0.90499999999999992 0.91694487913756773 0.068278943278943294 0.15664223473528582 0.25418822473550223 -0.55499999999999983 -0.001041397234617258 0.34553552298231799 9.7533142496338313e-05 0.75500000000000012 0.044059675901255167
decision_type=2 2 2 2 2 2 2 2 2 2 2 2 2 2 10 10 2 2 10 2 10 8 10 8 2 2 8 10 2 2
left_child=2 3 5 8 9 19 24 -6 11 21 13 -2 -9 22 28 18 26 23 -16 -1 -12 -3 -5 -8 -4 -26 -13 -7 -15 -19
right_child=1 4 6 10 7 27 17 12 -10 -11 20 16 -14 14 15 -17 -18 29 -20 -21 -22 -23 -24 -25 25 -27 -28 -29 -30 -31
leaf_value=-0.084541183430598368 -0.0086606344136130765 0.015849725217621825 -0.040959507295165884 0.020867091907879234 0.045247270296880256 -0.067887017187309842 -0.016231612033925629 0.059283010669752036 0.013557424508455941 0.042461871350010463 0.026658334618421455 0.0059032850664160032 0.072931089552562139 0.013859272094692421 0.0081872939525338053 0.0079047434559524725 0.0062631306717477846 -0.01765953412119239 0.032478585146179788 -0.072731147178649633 0.0077648716951755669 0.032475124658505952 0.043222738810128419 -0.029540677767064788 -0.038322389501557384 -0.026528489087978252 -0.0038090457429634707 -0.053924496383016052 0.023014499314559896 0.00041552629771177585
leaf_weight=721.15138841420412 1497.1455869674683 243.95832777768373 1281.1996642518789 792.42655985057354 743.64647427201271 288.5095756361261 456.96201517432928 1165.7559578567743 801.61661224067211 1514.1265774294734 1601.5692740380764 661.79909152537584 941.53575071692467 922.92371001839638 194.7524127215147 2478.7827363237739 1650.3050168044865 1746.5751102231443 275.63159125298262 1316.1612875014544 196.3940664678812 2393.5668358281255 139.45114277303219 1023.9148026164621 774.06117453519255 846.09830951690674 2627.518197029829 1937.9198666773736 1456.9436741396785 154.68249313533306
leaf_count=5481 5898 404 8094 1639 1080 2326 2534 1711 1393 2091 2215 2255 1373 2235 395 5130 5009 6739 489 12302 286 3655 242 5871 4342 4499 8209 14399 2816 584
internal_value=0.00027054 0.0207489 -0.0430265 0.0095038 0.045314 -0.065853 -0.0275373 0.0601292 0.000295115 0.0351404 0.0177749 -0.00135654 0.065381 0.0158165 0.0143483 0.0102201 0.000857257 -0.0202369 0.0224213 -0.0769116 0.0245946 0.0309374 0.0242125 -0.0254338 -0.0360476 -0.0321632 -0.00185496 -0.0557338 0.0194641 -0.016189
internal_weight=32847.1 22299.8 10547.2 15297.3 7002.59 4263.74 6283.49 2850.94 7238.38 4151.65 8058.88 6436.77 2107.29 6260.91 5329.03 2949.17 4939.62 3382.13 470.384 2037.31 1797.96 2637.53 931.878 1480.88 2901.36 1620.16 3289.32 2226.43 2379.87 1901.26
internal_count=115696 48525 67171 38211 10314 34508 32663 4164 22764 6150 15447 21371 3084 12946 11065 6014 15473 15728 884 17783 2501 4059 1881 8405 16935 8841 10464 16725 5051 7323
is_linear=0
shrinkage=0.05


Tree=2
num_leaves=31
num_cat=0
split_feature=9 9 9 31 9 9 9 9 9 9 9 19 31 19 7 34 9 6 6 16 34 31 1 6 34 1 1 13 18 31
split_gain=8199.45 1856.98 1071.15 368.272 357.617 144.934 117.844 72.7461 70.0349 46.7998 32.9259 29.1944 27.6819 26.1753 24.8338 24.5421 20.1253 19.7402 19.7122 19.4632 35.7054 18.7079 20.4635 17.6362 17.5631 18.3474 16.6063 23.2235 16.193 16.1498
threshold=-0.11000000000000001 1.3300000000000003 -0.65499999999999992 35.500000000000007 0.58000000000000018 -0.85499999999999987 -0.44499999999999995 2.0900000000000003 0.18000000000000002 1.9950000000000001 0.91000000000000003 0.055058734369079231 50.500000000000007 -0.098538198890311554 0.038461538461538457 10.500000000000002 -0.78499999999999992 0.17311089970100574 0.14001102535832419 -1.0000000180025095e-35 36.500000000000007 14.500000000000002 0.47886092763389626 0.11117353308364546 16.500000000000004 0.82118535150453476 0.84997231855422184 0.17416582406471184 0.63068181818181823 7.5000000000000009
decision_type=2 2 2 2 2 2 2 2 2 2 2 2 2 2 2 8 2 8 8 8 10 2 8 8 10 10 8 8 10 2
left_child=2 4 5 9 8 -1 -4 -5 21 13 15 18 -9 -3 -12 -6 -7 26 -10 20 -13 22 -2 -15 25 -16 -17 -28 -25 -8
right_child=1 3 6 7 10 16 29 12 11 -11 14 19 -14 23 24 17 -18 -19 -20 -21 -22 -23 -24 28 -26 -27 27 -29 -30 -31
leaf_value=-0.072782784224182481 -0.002497841545303749 0.0063510614273748645 -0.034096693779048302 0.042475970812329643 0.020391555122038552 -0.058826443509307526 -0.02313131284808561 0.057050518950284047 0.0057146291027181696 0.039180380098623624 0.014771235111018834 0.0099754155989041533 0.070079486223310242 0.024476464014751814 0.025200614762867758 0.011140702599872716 -0.048704964492391603 0.024135930583834678 0.016385797460683308 -0.0038946618249127655 -0.0277451865092481 0.001912445308382408 -0.011955621669069072 0.035549755142715009 0.018200893949893281 0.043008417098627724 -0.011573898094615953 0.012851893006057472 0.017297190523717722 -0.015948584119085601
leaf_weight=1441.8332040160894 1067.4466127231717 137.2239087074995 2231.5094934571534 610.94391316175461 870.17445336282253 760.30067835189402 1396.0257810745388 948.52592507004738 1804.8322518244386 1352.9616854935884 1230.3154214397073 666.08527587354183 714.97134540230036 1146.0092981904745 943.63453156128526 1826.4014004319906 1387.2310544298962 243.49867218732834 569.26126512512565 1208.0975873880088 69.259323589503765 673.0683971196413 1232.0527677051723 983.55449955165386 794.54022469371557 170.82647877931595 209.1908892095089 181.9567287415266 138.64009503275156 1780.9320506229997
leaf_count=14886 4687 263 15535 1080 1827 7175 9361 1711 5504 2091 2567 2004 1373 1961 1748 4087 12447 492 1513 3841 261 1857 5269 1590 1463 270 462 359 245 7767
internal_value=0.000230905 0.0182213 -0.0393443 0.041351 0.00808089 -0.0605209 -0.0252904 0.0572313 0.000487019 0.0317409 0.0166366 0.0045534 0.0626504 0.0275564 0.0203107 0.0131741 -0.0522883 0.0106222 0.00827337 9.12456e-06 0.00642265 -0.00541924 -0.00756524 0.0288393 0.0238808 0.0279302 0.00913835 -0.000211341 0.0332948 -0.0191048
internal_weight=28791.3 19793.5 8997.83 6032.83 13760.6 3589.36 5408.47 2274.44 7290.1 3758.39 6470.54 4317.54 1663.5 2405.43 3139.32 3331.22 2147.53 2461.05 2374.09 1943.44 735.345 2972.57 2299.5 2268.2 1909 1114.46 2217.55 391.148 1122.19 3176.96
internal_count=115696 48525 67171 10314 38211 34508 32663 4164 24936 6150 13275 13123 3084 4059 6048 7227 19622 5400 7017 6106 2265 11813 9956 3796 3481 2018 4908 821 1835 17128
is_linear=0
shrinkage=0.05


Tree=3
num_leaves=31
num_cat=0
split_feature=9 9 9 31 9 9 9 9 36 9 31 31 1 9 2 31 9 1 6 9 33 5 9 2 2 7 31 32 32 11
split_gain=6369.91 1492.8 849.271 304.916 290.055 112.354 96.2895 55.8905 38.6499 38.037 37.3223 27.9416 24.4739 22.3411 23.1109 20.4649 18.0899 17.3779 17.019 16.6809 16.4491 16.2142 16.0171 20.5158 15.5844 15.4106 15.3472 23.6243 15.2113 25.06
threshold=-0.11000000000000001 1.3300000000000003 -0.65499999999999992 35.500000000000007 0.44 -0.85499999999999987 -0.435 2.0900000000000003 4.5000000000000009 1.9950000000000001 21.500000000000004 16.500000000000004 0.91694487913756773 1.0000000180025095e-35 -0.017336530208082342 50.500000000000007 -0.73499999999999988 0.87037110556745034 0.086679064337804881 -0.58999999999999986 60.550000000000004 0.2325672451785617 0.81000000000000016 -0.0028773538693354101 -0.017032849153294439 0.08846153846153848 22.500000000000004 40.500000000000007 48.500000000000007 0.099673115339009313
decision_type=2 2 2 2 2 2 2 2 2 2 2 2 10 2 2 2 2 8 8 2 2 8 2 2 2 2 2 8 10 8
left_child=2 4 5 9 10 -1 19 -5 12 18 13 -10 22 -2 20 -9 -7 21 28 -4 -15 -16 23 -6 -8 -22 27 -20 29 -3
right_child=1 3 6 7 8 16 24 15 11 -11 -12 -13 -14 14 17 -17 -18 -19 26 -21 25 -23 -24 -25 -26 -27 -28 -29 -30 -31
leaf_value=-0.067787756095540913 -0.0081844867243838874 0.025288573401842714 -0.037253861401135166 0.040637755678875627 0.010597253774783363 -0.052511590197432172 -0.023080347037838813 0.054553835882197477 0.0047582270395735158 0.036821144430295508 0.013367685369882183 0.013677814420311516 2.3729420301628332e-05 -0.00868745087303926 0.0044909449878270556 0.066681062564322977 -0.042568716780360248 -0.0090509127999414511 0.0042390194362889417 -0.028065261373881673 0.011696375646762873 -0.022845798757616043 0.022640704283749299 0.022561081067669526 -0.014694720943590726 -0.013380723599429465 0.03190496103251389 0.027334584685131249 0.028225179565969972 -0.003602111891072267
leaf_weight=1284.1923234406859 1237.6011592168361 148.19719340652227 727.28945743199438 529.67232838273048 891.12673754990101 1199.5632465993986 773.06443028338253 826.90192736685276 1315.1290355212986 1240.4299798980355 408.74720322340727 2641.656000867486 177.44987262040377 1056.4354364350438 2203.1997093781829 600.51654795557261 739.45420192461461 296.80890744924545 143.32782399654388 1539.334380752407 215.35206620395184 55.611956752836704 1573.6988176293671 599.33292795717716 1955.832755997777 85.621570948511362 1077.2035372778773 486.74977566301823 208.90200949460268 152.09056064486504
leaf_count=14886 5898 272 5776 1080 2243 12538 4738 1711 4360 2091 836 5316 378 4256 8074 1373 7084 1114 321 11159 771 202 3052 1372 10990 339 1861 910 378 317
internal_value=0.000219236 0.0167395 -0.0363073 0.0387384 0.00740385 -0.0563169 -0.0233968 0.0545087 0.0140293 0.0298102 -0.00117498 0.0107132 0.0180771 -0.00232906 -0.000477127 0.0596558 -0.0487198 0.00232333 0.0258866 -0.0310136 -0.00574961 0.00381791 0.0191226 0.0154081 -0.0170703 0.00456239 0.0282794 0.0220809 0.017864 0.0106559
internal_weight=26390.5 18171.8 8218.73 5413.99 12757.8 3223.21 4995.52 1957.09 7198.39 3456.9 5559.38 3956.79 3241.61 5150.63 3913.03 1427.42 1939.02 2555.62 2216.47 2266.62 1357.41 2258.81 3064.16 1490.46 2728.9 300.974 1707.28 630.078 509.19 300.288
internal_count=115696 48525 67171 10314 38211 34508 32663 4164 16721 6150 21490 9676 7045 20654 14756 3084 19622 9390 4059 16935 5366 8276 6667 3615 15728 1110 3092 1231 967 589
is_linear=0
shrinkage=0.05


Tree=4
num_leaves=31
num_cat=0
split_feature=9 9 9 31 9 9 9 9 31 9 9 19 9 9 31 12 19 31 2 18 0 11 12 1 2 10 36 36 1 11
split_gain=5187.51 1278 686.055 241.413 230.284 123.525 46.8694 46.3826 35.1925 29.5095 27.918 19.2589 18.002 17.3709 16.7738 24.0477 27.8779 15.7358 14.8748 14.0137 13.9551 13.9006 13.6572 13.4278 17.582 13.8401 15.5265 13.4005 15.9839 13.3401
threshold=-0.11000000000000001 1.3300000000000003 -0.60499999999999987 35.500000000000007 0.44 -0.82499999999999984 -0.435 2.0900000000000003 14.500000000000002 0.91000000000000003 1.9950000000000001 -0.087719298245614058 -0.91499999999999992 -0.73499999999999988 25.500000000000004 0.13527590090090094 0.1095390460953905 50.500000000000007 -0.017032849153294439 0.63068181818181823 15.319955251160676 0.11521238228811863 0.068278943278943294 0.55315318673988878 -0.034482758620689606 0.074102089987112693 6.5000000000000009 4.5000000000000009 0.91694487913756773 0.12207182488872631
decision_type=2 2 2 2 2 2 2 2 2 2 2 2 2 2 2 10 2 2 2 10 10 8 8 8 2 10 2 2 10 10
left_child=2 4 5 10 8 12 -4 -5 23 27 11 -3 -1 -7 -11 -16 20 -9 -8 22 -17 -20 -13 24 -2 -25 -27 28 -6 -29
right_child=1 3 6 7 9 13 18 17 -10 14 -12 19 -14 -15 15 16 -18 -19 21 -21 -22 -23 -24 25 -26 26 -28 29 -30 -31
leaf_value=-0.071340395753514835 -0.010869808943239023 0.0071052342307508527 -0.027077896446151734 0.038589277853373495 0.014252319271900083 -0.048009803818278698 -0.022456546641347306 0.052199450269336672 0.0044615935262182719 0.01431240346607477 0.035016238291163952 0.013775674734943552 -0.058605642443794584 -0.038669141079013453 0.030804884092883997 -0.008078901115207978 0.031654345386303649 0.063499047493615915 -0.018024342533908107 0.012639493712274227 0.016367802358308335 -0.0093455019948714829 0.029268476673100421 -0.022902267123727497 0.00088976282973565312 -0.0017326144378886172 -0.01302036522610296 0.0040911556565582322 -0.0073957020158056212 0.011964557323679265
leaf_weight=381.30953339673579 397.22726453468204 135.77308224141598 1650.7244609221816 476.90542703866959 1777.7887482941151 884.83616358693689 703.508989084512 744.27816911786795 1850.6175747402012 2001.9155176207423 1155.0863171964884 156.09022950381041 1019.4531132904813 1137.7812762772664 436.27710962295532 127.71756440401077 134.19227032363415 525.75459889322519 974.48250413127244 164.63130680471659 107.51985573768616 876.22384281083941 1603.8032744899392 137.60690438747406 1590.6586615219712 767.99458332359791 504.95196947082877 1259.5824817679822 89.563593029975891 939.0948836132884
leaf_count=4198 2018 310 12934 1080 4312 9641 4738 1711 5376 4601 2091 331 13585 11085 780 247 230 1373 6101 334 190 4889 3084 703 7431 3447 2515 3658 230 2473
internal_value=0.000241808 0.0155488 -0.034041 0.0369228 0.00679957 -0.0506594 -0.0205115 0.0518846 -0.0010864 0.0128217 0.0287939 0.0253054 -0.0620722 -0.0427554 0.0167642 0.0228561 0.0134689 0.0568771 -0.0162678 0.0265894 0.00309494 -0.0139153 0.0278944 -0.00410756 -0.00146008 -0.00783863 -0.00621024 0.0100993 0.013214 0.00745403
internal_weight=24713.4 17085 7628.32 4962.32 12122.7 3423.38 4204.94 1746.94 5249.06 6873.65 3215.38 2060.3 1400.76 2022.62 2807.62 805.707 369.43 1270.03 2554.22 1924.52 235.237 1850.71 1759.89 3398.44 1987.89 1410.55 1272.95 4066.03 1867.35 2198.68
internal_count=115696 48525 67171 10314 38211 38509 28662 4164 21490 16721 6150 4059 17783 20726 6048 1447 667 3084 15728 3749 437 10990 3415 16114 9449 6665 5962 10673 4542 6131
is_linear=0
shrinkage=0.05


Tree=5
num_leaves=31
num_cat=0
split_feature=9 9 9 9 9 9 9 9 39 9 2 34 33 39 9 39 6 9 2 1 19 37 1 19 19 8 13 2 2 11
split_gain=4315.06 1086.45 557.445 201.336 143.749 77.4158 69.4049 44.6205 38.3774 39.8704 22.2665 19.3174 17.9613 17.6814 17.2873 17.2176 17.2586 16.6702 22.3055 17.4703 15.9517 14.6093 14.4713 16.9803 14.3983 14.3427 13.576 15.1696 13.3518 13.2749
threshold=-0.11000000000000001 1.3300000000000003 -0.65499999999999992 0.60500000000000009 2.9750000000000001 -0.85499999999999987 -0.46999999999999992 0.22499999999999995 8.5000000000000018 1.865 -0.014867485843993543 7.5000000000000009 56.150000000000013 12.500000000000002 4.2900000000000009 13.500000000000002 0.16650732950924158 1.2150000000000001 0.031457618059387363 0.55315318673988878 0.052631578947368397 5.5000000000000009 0.71987999236142841 0.028571428571428581 -0.068408066025695588 0.15047169811320757 0.19074371321562336 0.0017998398702595098 -0.0180370282746775 0.11709231316514987
decision_type=2 2 2 2 2 2 2 2 2 2 2 8 2 2 2 2 8 2 2 8 2 2 10 2 2 10 10 2 2 8
left_child=2 3 5 7 8 -1 -4 12 9 -3 -9 25 29 -6 -15 16 24 18 19 -13 22 -21 23 -12 -10 -5 27 -22 -8 -2
right_child=1 4 6 11 13 -7 28 10 15 -11 20 17 -14 14 -16 -17 -18 -19 -20 21 26 -23 -24 -25 -26 -27 -28 -29 -30 -31
leaf_value=-0.060301602461209726 -0.0040276534365164523 0.029558580341077202 -0.029913537578015292 0.018167510048975991 0.05760657198826899 -0.043231571434995342 -0.02248743261969403 -0.00098886231949573268 0.012932471772458355 0.049613471201842174 0.0062489823357451567 0.014578199063586273 -0.0069058768251763162 0.031602907580401428 0.058020118188324567 0.019947684629155252 0.041426528173175117 0.02058866414962978 0.023678359364992858 0.0086821995365483282 -0.0084989938403788132 -0.0040208403685757215 0.023807868413096039 0.026396242181829784 0.029110538846489398 0.039574522321123601 0.024608347376315051 0.0058363267192869973 -0.014645898631775603 0.0075374081935367298
leaf_weight=1099.6926931040362 543.88190010562539 534.26078282296658 1525.5263193463907 670.81943865120411 614.96599850058556 1677.2395625077188 732.93337238859385 1297.8814267609268 149.53959003090858 462.2540086209774 842.38646033406258 1278.6304823085666 2078.9728255514055 156.80839126557112 102.35043902695179 603.94706848263741 266.00211004912853 506.37148648500443 317.23583013564348 2141.1104352138937 296.34601131826639 253.0897566229105 191.30056066438556 119.40516821295023 1712.4316627830267 88.577009685337543 62.680045079439878 489.15384344011545 2093.1003317851573 456.29708903841674
leaf_count=14965 2566 1207 13520 1528 1595 19603 5397 4697 337 1282 2839 3275 9715 308 226 1320 509 1089 714 5200 1122 650 472 347 3471 174 188 1627 13653 1934
internal_value=-5.98474e-05 0.0141775 -0.0324885 0.00604247 0.0347408 -0.0499915 -0.021319 7.16819e-05 0.0304623 0.0388615 0.00411185 0.0132884 -0.00425715 0.0529902 0.0420359 0.0273985 0.0295132 0.0120427 0.0109581 0.00985944 0.0074198 0.00733937 0.0112483 0.00875024 0.0278112 0.0206645 0.00221494 0.000428032 -0.0166796 0.00124851
internal_weight=23365.2 16236.7 7128.49 11634.1 4602.56 2776.93 4351.56 6378.31 3728.44 996.515 3299.15 5255.83 3079.15 874.125 259.159 2731.92 2127.97 4496.44 3990.07 3672.83 2001.27 2394.2 1153.09 961.792 1861.97 759.396 848.18 785.5 2826.03 1000.18
internal_count=115530 48392 67138 38137 10255 34568 32570 25507 8126 2489 11292 12630 14215 2129 534 5637 4317 10928 9839 9125 6595 5850 3658 3186 3808 1702 2937 2749 19050 4500
is_linear=0
shrinkage=0.05


Tree=6
num_leaves=31
num_cat=0
split_feature=9 9 9 9 9 9 9 39 9 2 33 39 9 33 33 34 36 14 2 3 9 39 2 3 9 34 9 2 14 36
split_gain=3678.82 807.365 627.935 127.694 116.225 104.183 58.3017 33.8334 32.0985 28.204 17.9001 16.9062 16.9052 16.5699 16.5361 15.8681 15.264 17.6928 18.7744 15.5219 15.0766 13.7292 13.6714 16.6156 13.2949 13.017 16.2385 15.4337 12.6906 12.4797
threshold=1.0000000180025095e-35 1.3300000000000003 -0.58999999999999986 2.9750000000000001 0.60500000000000009 -0.81499999999999984 -0.36499999999999994 8.5000000000000018 1.865 -0.014867485843993543 54.750000000000007 13.500000000000002 -0.91499999999999992 62.250000000000007 61.150000000000013 11.500000000000002 3.5000000000000004 0.054097090721294552 0.013941793865631703 0.98567458689752019 1.9950000000000001 12.500000000000002 -0.0093665465559968301 0.0082278861766629068 4.2900000000000009 7.5000000000000009 1.2150000000000001 -0.050060085250686559 0.16677447175506685 6.5000000000000009
decision_type=2 2 2 2 2 2 2 2 2 2 2 2 2 2 2 10 2 10 2 10 2 2 2 10 2 8 2 2 8 2
left_child=2 4 5 7 9 12 22 8 -3 14 -6 20 -1 25 -2 -16 17 18 -11 -19 -9 -5 -4 -24 -23 29 27 -27 -13 -12
right_child=1 3 6 21 10 -7 -8 11 -10 16 13 28 -14 -15 15 -17 -18 19 -20 -21 -22 24 23 -25 -26 26 -28 -29 -30 -31
leaf_value=-0.064822619882724072 -0.004681968790683535 0.028604637181717393 -0.029101525880667792 0.055351595769691911 0.022425887571140796 -0.03667585160270654 -0.01145603611906984 0.024845762481435718 0.047369450266631863 0.0077503335379880594 0.022824016695236822 0.024519612250815503 -0.05177354881717227 0.034174144874814745 0.027270425587937783 -0.000414690658497165 0.0021203689607968389 0.0092372547552073015 -0.026480722429019495 0.026625552292790122 0.033771234885164605 0.031767440004000884 -0.036110264556004017 -0.017537503371631815 0.055812200314310959 -9.2964677509312595e-05 0.019156667320433772 0.010246117832443384 0.0095540839570035577 0.0082042604036133716
leaf_weight=323.87089752033353 1673.5023066382855 498.63055232167244 604.02130057895556 558.84420392289758 421.6005436591804 1842.0056006619707 2919.2777588423342 1257.6515931040049 419.73205944895744 102.81886560097337 427.13452953845263 357.83853626251221 1062.2957907607779 80.349238082766533 82.225545883178711 139.67997504770756 2009.4532537907362 815.76569253951311 65.619899924844503 152.30469862371683 758.46812362223864 148.1617872454226 137.00585213676095 994.7900649048388 93.93832066655159 409.27555947750807 446.44476995617151 3056.8126352466643 234.48010518029332 221.75129854679108
leaf_count=4205 7038 1207 5299 1595 1000 20673 18174 2660 1282 348 947 770 15444 163 290 534 7907 2778 262 444 1657 308 1190 8059 226 1094 1000 7857 550 569
internal_value=-5.36501e-05 0.0149501 -0.0275222 0.0330205 0.00721082 -0.0444679 -0.0157708 0.0289275 0.037181 0.00183675 0.0125615 0.0260217 -0.0548224 0.0116656 -0.00298136 0.00984384 0.00473961 0.00937067 -0.0055853 0.0119729 0.0282035 0.0510429 -0.0230274 -0.0197858 0.0410972 0.0112691 0.0101813 0.00902528 0.0185952 0.0178278
internal_weight=22315.8 14432.5 7883.27 4327.75 10104.7 3228.17 4655.09 3526.8 918.363 5041.37 5063.37 2608.44 1386.17 4641.77 1895.41 221.906 3145.96 1136.51 168.439 968.07 2016.12 800.944 1735.82 1131.8 242.1 4561.42 3912.53 3466.09 592.319 648.886
internal_count=115530 42486 73044 10255 32231 40322 32722 8126 2489 19601 12630 5637 19649 11630 7862 824 11739 3832 610 3222 4317 2129 14548 9249 534 11467 9951 8951 1320 1516
is_linear=0
shrinkage=0.05


Tree=7
num_leaves=31
num_cat=0
split_feature=9 9 9 31 9 9 31 9 9 31 8 33 2 33 5 36 33 37 5 10 10 3 8 31 2 10 18 13 8 14
split_gain=3171.67 800.015 407.555 163.884 141.626 70.8307 40.6925 32.8023 25.2166 20.8893 16.0225 15.0999 14.3287 12.1742 12.4249 12.7134 16.0549 14.2631 12.4615 12.4254 14.3827 11.8966 11.6191 11.1541 11.4733 11.1045 11.2034 13.2426 10.994 10.7926
threshold=-0.11000000000000001 1.3300000000000003 -0.70999999999999985 35.500000000000007 0.58000000000000018 -0.46999999999999992 1.5000000000000002 0.22499999999999995 1.865 22.500000000000004 0.14400921658986179 56.150000000000013 -0.003399625416921518 62.250000000000007 0.22479252332939037 2.5000000000000004 55.350000000000001 4.5000000000000009 0.11268421969013968 0.096640792634449524 0.12453986621680828 0.021850503311875272 0.079156223893066008 11.500000000000002 -0.045078546210897998 0.094171922660930649 0.06458333333333334 0.12917130144605118 0.079156223893066008 0.054097090721294552
decision_type=2 2 2 2 2 2 2 2 2 2 10 2 2 2 10 2 2 2 8 8 10 8 10 2 2 8 10 8 10 8
left_child=2 4 6 9 7 21 -1 11 -5 10 -3 -2 -9 14 15 17 19 18 -6 -17 -21 -4 -16 24 -7 26 -11 -28 -8 -14
right_child=1 3 5 8 13 23 28 12 -10 25 -12 -13 29 -15 22 16 -18 -19 -20 20 -22 -23 -24 -25 -26 -27 27 -29 -30 -31
leaf_value=-0.054930712726328768 0.0014568028742190813 0.01533004052795521 -0.042929408535728728 0.031094279117112822 0.011609486571343313 -0.027855207493943199 -0.047664257212184528 0.00074540793184551147 0.048922039585162898 0.0078411828923101844 0.036726151225704592 -0.0062772961302206059 -0.010589529976065718 0.030542257445944888 -0.010476274809743415 0.0070535159914928928 0.009153900311209294 0.0061443513258367761 0.024614112630470236 0.034075804336886492 0.014281051423859065 -0.027064226653688874 0.0081118798842306217 -0.0068007551278829338 -0.015393066343119492 0.029478324040493893 0.018723771560501767 0.039945264551331662 -0.03751652317931381 0.0091074208579736745
leaf_weight=940.38662541820668 943.17658853158355 738.66041271016002 127.34817731846124 241.71635072678328 285.42970134317875 202.81714546587318 406.35887366905808 1588.3272405285388 1105.5783277861774 125.41382485628128 99.256175883114338 1907.300185739994 73.979157462716103 82.758015267550945 116.12488941475749 162.38071678578854 3066.1696058381349 241.34662503004074 519.46130868047476 174.35564946755767 193.72703596204519 1637.9031988410279 304.55441303178668 340.3926685154438 2066.4516475982964 1455.8592914715409 237.2285969555378 106.52145551145077 777.75699739623815 1160.3661585450172
leaf_count=15735 4500 1740 1463 674 719 1789 5087 6240 3454 281 207 9715 300 175 306 430 8260 610 1207 402 502 16775 744 1602 15659 3130 541 228 9028 4027
internal_value=-4.42962e-05 0.0126475 -0.0291984 0.0314261 0.00551366 -0.0204733 -0.0471657 6.51886e-05 0.0457236 0.0244542 0.0178645 -0.00371821 0.00388585 0.0115199 0.011209 0.0119545 0.0105434 0.0168056 0.0200024 0.0185749 0.0236576 -0.0282088 0.00298078 -0.0152409 -0.0165069 0.0273225 0.0206329 0.0252999 -0.040999 0.00792691
internal_weight=21429.1 14929.7 6499.42 4110.23 10819.5 4374.91 2124.5 5673.15 1347.29 2762.94 837.917 2850.48 2822.67 5146.31 5063.55 4642.87 3596.63 1046.24 804.891 530.463 368.083 1765.25 420.679 2609.66 2269.27 1925.02 469.164 343.75 1184.12 1234.35
internal_count=115530 48392 67138 10255 38137 37288 29850 24782 4128 6127 1947 14215 10567 13355 13180 12130 9594 2536 1926 1334 904 18238 1050 19050 17448 4180 1050 769 14115 4327
is_linear=0
shrinkage=0.05


Tree=8
num_leaves=31
num_cat=0
split_feature=9 9 9 31 9 9 9 31 34 9 2 9 31 12 8 9 2 38 32 8 2 10 34 13 5 12 32 31 2 31
split_gain=2754.26 699.614 364.055 141.784 126.958 50.9616 43.5325 30.4578 24.5634 21.9216 21.8266 19.7015 19.5227 18.3279 14.9599 14.2336 13.3074 13.0586 20.0858 12.9938 12.2798 14.5541 13.9212 11.7535 13.1799 11.5787 17.4643 16.5271 11.402 11.2529
threshold=-0.11000000000000001 1.3300000000000003 -0.65499999999999992 35.500000000000007 0.32000000000000001 -0.81499999999999984 -0.38499999999999995 14.500000000000002 10.500000000000002 1.865 -0.0041914461411903256 0.91000000000000003 22.500000000000004 0.11294878804446876 0.19399641577060936 -0.95499999999999985 -0.019957180113626804 1250.0000000000002 31.500000000000004 0.17521929824561405 -0.025093065415646095 0.074102089987112693 13.500000000000002 0.1937129690585912 0.20441800663010815 0.079877300613496946 70.500000000000014 19.500000000000004 -0.02717694563697956 16.500000000000004
decision_type=2 2 2 2 2 2 2 2 8 2 2 2 2 10 8 2 2 2 10 10 2 8 10 8 8 8 10 2 2 2
left_child=2 4 5 12 20 15 28 10 19 -5 14 23 13 16 -6 -1 -3 18 -13 -9 22 -22 -2 -10 -25 -19 27 -27 -4 -23
right_child=1 3 6 9 7 -7 -8 8 11 -11 -12 17 -14 -15 -16 -17 -18 25 -20 -21 21 29 -24 24 -26 26 -28 -29 -30 -31
leaf_value=-0.067394890715831823 -0.00073684515552147761 0.0011981879240750423 -0.032579027356490035 0.029792489798088406 -6.7163171434677473e-06 -0.035558320405784855 -0.012822598077595927 0.015234174557466741 0.0044713372066180644 0.046931034632772484 0.0097889874053280462 0.017970882645050909 0.026298567072832263 0.02594876756294533 -0.018278279024782126 -0.048521202306790731 0.017997900767942981 0.0036991280411908336 -0.005739712502210303 0.035846780466088003 -0.012206932547298864 -0.0012880212019521233 -0.01351414489612366 0.018069779156266352 -0.0027187890427594129 0.010762116995853107 0.0084407580992516863 0.026349419408067416 -0.021897015959474415 0.0072433846839425929
leaf_weight=109.52584750764072 393.61909674480557 207.52833178639412 293.52765453746542 227.90616225451231 598.53254078887403 1142.3374916194007 1859.3967585526407 1341.9602627046406 2104.1552380286157 1028.9523136839271 542.69580359756947 157.55443251132965 1839.0928677804768 337.12877316400409 137.82161198183894 1135.9868226617109 272.86563179269433 188.81847304850817 206.23648027330637 81.074965283274651 253.1794483140111 1971.2176114879549 465.02085258997977 342.98529572784901 98.03656367957592 250.06675098091364 392.98405929654837 531.50203979760408 1677.4457379407249 480.78385001048446
leaf_count=2021 2082 527 3174 674 2757 14919 13290 3381 5933 3454 2265 377 4180 758 711 17628 662 485 507 183 1381 10097 2542 897 270 711 937 1142 16106 1479
internal_value=-3.80868e-05 0.0119342 -0.0278628 0.0299869 0.00523014 -0.0431855 -0.0183106 0.00915315 0.010719 0.0438233 0.00218074 0.00882391 0.0234408 0.0170121 -0.00342656 -0.0501809 0.0107405 0.0129456 0.00452912 0.0164085 -0.00244721 -0.000793667 -0.00765675 0.0060269 0.0134486 0.0151914 0.0170389 0.0213622 -0.0234878 0.000384801
internal_weight=20669.9 14451.7 6218.22 3913.47 10538.2 2387.85 3830.37 6974.42 5695.37 1256.86 1279.05 4272.34 2656.62 817.523 736.354 1245.51 480.394 1727.16 363.791 1423.04 3563.82 2705.18 858.64 2545.18 441.022 1363.37 1174.55 781.569 1970.97 2452
internal_count=115530 48392 67138 10255 38137 34568 32570 20556 14823 4128 5733 11259 6127 1947 3468 19649 1189 4159 884 3564 17581 12957 4624 7100 1167 3275 2790 1853 19280 11576
is_linear=0
shrinkage=0.05


Tree=9
num_leaves=31
num_cat=0
split_feature=31 31 31 31 31 31 39 31 39 39 31 1 39 31 34 1 31 33 14 10 11 32 36 8 39 19 16 11 31 14
split_gain=2309.85 477.482 387.054 110.084 78.1571 68.0039 55.4704 45.6094 41.6739 29.894 25.9218 24.5908 20.5563 20.0189 18.5007 17.5633 17.4514 17.3436 20.0306 16.813 16.605 15.5383 15.3685 15.5332 15.2222 15.4077 14.7603 17.1469 14.5475 14.2695
threshold=11.500000000000002 4.5000000000000009 25.500000000000004 39.500000000000007 2.5000000000000004 14.500000000000002 10.500000000000002 7.5000000000000009 7.5000000000000009 5.5000000000000009 22.500000000000004 0.55659298366112031 12.500000000000002 1.5000000000000002 10.500000000000002 0.42478079473247576 51.500000000000007 55.45000000000001 0.054097090721294552 0.086974882491186858 0.12287012006684002 78.500000000000014 1.5000000000000002 0.19478319783197837 13.500000000000002 -0.21428571428571422 -249.99999999999997 0.13684561871969647 35.500000000000007 0.054699373100303962
decision_type=2 2 2 2 2 2 2 2 2 2 2 8 2 2 10 8 2 2 8 8 8 8 2 8 2 2 8 8 2 8
left_child=1 4 5 8 13 24 14 15 19 16 -8 12 -9 -1 20 -3 -5 21 -19 -4 -7 -16 23 -20 25 -2 27 -24 -10 -27
right_child=2 7 3 9 -6 6 10 11 28 -11 -12 -13 -14 -15 17 -17 -18 18 22 -21 -22 -23 26 -25 -26 29 -28 -29 -30 -31
leaf_value=-0.050610541047063778 0.019869679789912924 -0.013245704194761083 0.030559119258502094 0.0089099288106352422 -0.028994777084742247 0.0065030891526444675 0.013659191836143121 -0.0068647772043275573 0.024746194307835031 0.04467502600049638 0.027710472739436581 -0.013820159379938073 0.0066848269431662964 -0.039321968743022302 0.016867430476209921 -0.022888992832770828 0.040748652511867718 -0.024024048777515981 0.0073599252414243673 0.011796537283809106 0.017913212919650402 -0.0085316687069318595 0.019922409851120069 0.033255966562748082 0.010350765866902182 -0.021461368068215365 7.0810276445580262e-05 -0.0076508980687808384 0.039304898786127272 -0.0017276870471335472
leaf_weight=852.44514123443514 78.435900587588549 989.30976136960089 135.46265415847301 104.21206058561802 1339.794073311612 743.09173111245036 1978.3289423342794 1259.5102870743722 1402.7212852984667 825.6755136474967 393.51511841267347 1001.7032440192997 359.9048445224762 728.26258129393682 399.1542700715363 903.26939892582595 73.318625193089247 68.903617650270462 242.41703833639622 1006.8841610625386 558.51761446893215 70.913183130323887 205.46970969811082 76.081402562558651 295.21242535859346 96.632191795855761 1789.8694245554507 77.706129290163517 195.50059251487255 1761.8757323306054
leaf_count=15735 332 8961 292 267 16234 2145 5399 7905 3295 2928 889 6404 2021 11013 1113 8068 310 238 743 2257 1551 230 598 221 1104 498 5559 240 635 8345
internal_value=-2.99789e-05 -0.0221261 0.0130279 0.0265018 -0.0378793 0.00731914 0.00986929 -0.0119333 0.0213144 0.0406728 0.0159905 -0.0076624 -0.00385346 -0.0454097 0.00643875 -0.0178481 0.022059 0.00423556 0.00255428 0.0140215 0.0113991 0.0130358 0.00332003 0.0135458 -0.000225637 -0.0018376 0.00174896 0.012356 0.0265271 -0.00275373
internal_weight=20014.1 7434.2 12579.9 3743.77 2920.5 8836.12 6603.97 4513.7 2740.57 1003.21 2371.84 2621.12 1619.42 1580.71 4232.12 1892.58 177.531 2930.51 2460.45 1142.35 1301.61 470.067 2391.54 318.498 2232.16 1936.94 2073.05 283.176 1598.22 1858.51
internal_count=115530 76341 39189 9984 42982 29205 18926 33359 6479 3505 6288 16330 9926 26748 12638 17029 577 8942 7599 2549 3696 1343 7361 964 10279 9175 6397 838 3930 8843
is_linear=0
shrinkage=0.05


Tree=10
num_leaves=31
num_cat=0
split_feature=4 1 4 1 4 4 1 4 19 1 37 18 6 10 4 11 4 19 4 13 6 38 33 37 2 4 1 2 12 18
split_gain=559.591 322.017 113.04 80.4708 59.3104 52.158 42.2607 35.3007 27.1372 25.1308 22.3812 21.3721 25.1771 25.2643 22.9233 18.2168 17.6714 19.3167 16.6977 16.5312 14.5885 16.0522 13.8177 16.7769 12.8786 13.6177 13.0922 11.9286 14.2062 13.9613
threshold=-0.12340264720839418 0.30439922974306799 0.052192066805845524 0.10000175302347068 -0.27690693399662564 0.27436326354413998 0.64160212712167708 0.34428319013771064 -0.091817505578973418 0.74035697118201815 4.5000000000000009 1.0000000180025095e-35 0.14818680893837474 0.1340260404257009 -0.10112359550561793 0.096753109846088994 0.025516122922486908 0.13600850232665018 0.080250845325155348 0.10948202054794522 0.11430366116295766 1650.0000000000002 55.550000000000004 6.5000000000000009 0.053335273216736763 -0.18552036199095023 0.5026006923606986 -0.039117979238410754 0.062718531468531485 0.17914438502673799
decision_type=8 10 8 8 10 10 10 10 2 10 2 10 8 10 10 10 10 2 10 10 10 2 2 2 2 10 10 2 8 10
left_child=4 3 9 18 -1 6 -4 11 -7 15 20 12 13 16 -13 -3 17 -5 -2 -12 21 -8 -17 -24 25 -6 -26 29 -29 -10
right_child=1 2 5 7 24 8 10 -9 27 -11 19 14 -14 -15 -16 22 -18 -19 -20 -21 -22 -23 23 -25 26 -27 -28 28 -30 -31
leaf_value=-0.036787766571204188 -0.029958863842494 -0.0075135929525430179 0.004059003539121679 -0.012288978987704579 -0.028394242148334078 -0.0068882184327387855 0.0067244816496520657 0.015332502242448077 0.024233860896658209 0.0055894795024374506 -0.00606218696731365 -0.026104607282860744 0.011706503115028619 0.0077078660687239621 -0.0092196985124504399 0.0068416137306981963 0.006688600081738375 -0.049898017885395919 -0.011807917877567558 0.0093900493800829973 0.017834292131611293 0.018735604476287381 -0.00066313026312537614 -0.02123228343499672 -0.01951722203009611 -0.017077653152874999 -0.0019944537684739735 0.0013871587912249739 0.023564320643509554 0.0078478383000339293
leaf_weight=640.19812010182068 520.55474612209946 1089.5387511905283 3573.4438264816999 565.98392838891596 437.35147540643811 108.15540943108499 917.33484593220055 172.82045114040375 193.15892493724823 1495.3672880297527 252.40273939818144 233.02029387373477 238.97109317034483 237.34268716163933 1463.3012020937167 603.2009237408638 116.85694388486445 36.333717786706984 167.46933697443455 550.79906032606959 1299.594063192606 399.22816058248281 1432.1153517970815 106.50568921305239 227.70405888278037 677.85296853957698 200.42551747243851 77.665367899462581 1028.3232285697013 397.51151356846094
leaf_count=9417 7086 6477 16849 4213 4829 470 3351 783 662 6102 1011 2546 1165 1320 12170 3335 731 419 1682 1962 4307 1338 7726 747 2709 5963 1086 300 3360 1462
internal_value=-0.000143442 0.00287077 0.0064665 -0.010088 -0.0239931 0.00981713 0.00786126 -0.00661879 0.0173952 0.000230139 0.0118349 -0.00793064 -0.00281041 -0.00643724 -0.0115391 -0.00224999 -0.0111054 -0.0145577 -0.0255408 0.00453425 0.0140763 0.0103667 0.000427594 -0.00208696 -0.0186857 -0.0215157 -0.0113141 0.0189431 0.022007 0.0132063
internal_weight=19460.5 17277 13524.3 3752.65 2183.53 8797.62 6992.8 3064.63 1804.81 4726.73 3419.36 2891.81 1195.49 956.517 1696.32 3231.36 719.175 602.318 688.024 803.202 2616.16 1316.56 2141.82 1538.62 1543.33 1115.2 428.13 1696.66 1105.99 590.67
internal_count=115578 91574 59459 32115 24004 35072 28818 23347 6254 24387 11969 22564 7848 6683 14716 18285 5363 4632 8768 2973 8996 4689 11808 8473 14587 10792 3795 5784 3660 2124
is_linear=0
shrinkage=0.05


Tree=11
num_leaves=31
num_cat=0
split_feature=9 9 9 9 31 31 9 12 31 1 31 1 9 2 33 19 9 9 37 10 1 6 19 1 14 3 4 31 3 8
split_gain=2050.87 445.7 354.96 100.099 85.0979 52.1476 48.1287 18.4153 16.4531 15.7542 14.9173 18.2898 13.5321 13.1394 12.6775 12.3146 17.2226 16.7916 14.7765 16.6477 13.8949 18.2571 12.2123 11.9928 13.4736 13.241 11.9943 11.9368 11.7389 11.7265
threshold=1.0000000180025095e-35 1.5700000000000001 -0.65499999999999992 0.58000000000000018 35.500000000000007 1.5000000000000002 -0.38499999999999995 0.13312236286919835 15.500000000000002 0.88437718126076315 23.500000000000004 0.92907505800718992 3.0750000000000002 -0.04295633657486219 53.750000000000007 -0.094339622641509455 1.3300000000000003 1.1850000000000003 6.5000000000000009 0.10663165658248769 0.4583447812356059 0.086679064337804881 -0.20268091712443273 0.31781624854950213 0.24288907813497981 0.35820964847399578 0.33356039963669387 14.500000000000002 0.0082278861766629068 0.17274535809018571
decision_type=2 2 2 2 2 2 2 10 2 10 2 10 2 2 2 2 2 2 2 8 8 8 2 8 10 10 10 2 8 8
left_child=2 3 5 10 7 -1 28 -3 13 15 11 14 -6 -5 -2 17 18 22 -17 -20 -18 -22 -10 25 26 -16 27 -25 -4 -11
right_child=1 4 6 8 12 -7 -8 -9 9 29 -12 -13 -14 -15 23 16 20 -19 19 -21 21 -23 -24 24 -26 -27 -28 -29 -30 -31
leaf_value=-0.050424792751285086 0.011445282729088806 0.019256935495663919 -0.036873949087740616 -0.0088944852064716303 0.035825127961883356 -0.033967443925055178 -0.010674753425657511 0.030648530340802102 0.026334965654447678 0.010853732171578367 0.01094152927471885 -0.024696332971055564 0.047379330024502279 0.0075381792023708387 -0.018796113899653855 0.013269631794312058 0.03637644147676658 -0.01607946467090569 0.017455385646325507 -0.011338790233801802 0.00064129323790012346 0.022303450998351605 0.0027818871431906245 -0.0034944820493255295 -0.028826871784007304 0.0086036671995787552 -0.018483455915495071 0.0029389637030838682 -0.020239306912627916 -0.0061441778288380952
leaf_weight=762.38788137910888 249.51164358109236 1194.4486960396171 113.23378885909915 146.11654647812247 582.93483320996165 1305.7365184193477 2649.2711315434426 504.66552533954382 80.320279531180859 215.67373064160347 343.39828554540873 73.127784579992294 448.28884654119611 726.38955196924508 48.041183833032846 3067.5906137302518 121.33207111060619 79.824387937784195 81.148176230490208 131.61188243329525 122.80343563109636 467.77286426350474 174.82813523709774 1543.2173759639263 44.348977033048868 536.45342102460563 95.660728853195906 1353.2811516113579 1673.5133663988672 191.6084920912981
leaf_count=15790 1065 2963 1353 617 2224 18836 19142 1179 191 550 817 331 1637 2817 272 7820 293 239 216 365 338 1190 473 8398 196 2636 519 4725 17886 500
internal_value=-0.000118139 0.0116332 -0.0229273 0.006698 0.0295172 -0.0400342 -0.0149518 0.0226404 0.0110955 0.0122583 0.000946443 7.61068e-05 0.0408479 0.00478624 0.000544146 0.0131431 0.0139158 0.0039348 0.0123859 -0.00035649 0.0209652 0.0177991 0.0101964 -0.000207016 -0.00146948 0.00635161 -0.00106399 -0.000488694 -0.0212935 0.00285696
internal_weight=19128.5 12624.4 6504.14 9894.06 2730.34 2068.12 4436.02 1699.11 5607.02 4734.51 4287.04 3943.64 1031.22 872.506 3870.51 4327.23 3992.26 334.973 3280.35 212.76 711.908 590.576 255.148 3621 3036.51 584.495 2992.16 2896.5 1786.75 407.282
internal_count=115578 42571 73007 34568 8003 34626 38381 4142 15609 12175 18959 18142 3861 3434 17811 11125 10222 903 8401 581 1821 1528 664 16746 13838 2908 13642 13123 19239 1050
is_linear=0
shrinkage=0.05


Tree=12
num_leaves=31
num_cat=0
split_feature=9 9 9 9 31 9 9 31 1 33 12 7 1 4 33 1 9 0 2 9 33 14 4 37 3 1 12 11 6 12
split_gain=1816.35 387.13 315.378 88.9724 76.5569 47.892 43.4926 22.2666 21.5226 18.6831 15.8562 14.3719 18.1894 13.8432 12.9328 12.4615 12.3519 12.2373 12.0911 11.7529 11.4945 12.4741 10.8808 12.9544 11.5683 15.1443 11.1301 11.1816 10.4567 10.3842
threshold=1.0000000180025095e-35 1.5700000000000001 -0.65499999999999992 0.69500000000000006 35.500000000000007 -0.85499999999999987 -0.28999999999999992 14.500000000000002 0.36502527004046786 54.850000000000001 0.13312236286919835 0.038461538461538457 0.87037110556745034 0.34428319013771064 55.750000000000007 0.90819441218477071 3.0750000000000002 16.587828909771186 -0.02717694563697956 1.3300000000000003 55.750000000000007 0.1500382848392037 0.33356039963669387 7.5000000000000009 0.78248278404414939 0.84369145687477654 0.10333704115684095 0.088909054244807439 0.1579568023833168 0.085801928133216493
decision_type=2 2 2 2 2 2 2 2 8 2 10 2 10 10 2 10 2 8 2 2 2 8 10 2 8 10 8 8 8 10
left_child=2 3 5 7 10 -1 18 14 17 -5 -3 12 20 15 -2 19 -6 29 -4 -13 21 -11 23 24 25 26 27 -10 -28 -9
right_child=1 4 6 9 16 -7 -8 8 22 11 -12 13 -14 -15 -16 -17 -18 -19 -20 -21 -22 -23 -24 -25 -26 -27 28 -29 -30 -31
leaf_value=-0.048304428145807821 0.0050829421445962968 0.01837417341617895 -0.02752774599386892 0.022197739776418552 0.034297048825587727 -0.032328931789058879 -0.0089664161003520544 0.038981131797187096 -0.01107991994306054 0.0096279200695720806 0.029098747338179378 0.013317558840028368 -0.013207960199907474 0.00044870678514336167 -0.003588419800636942 0.0011203034561498152 0.045679163566560807 0.0022639248819512343 -0.017487914747667758 0.022937931526527303 0.0096719307693304175 -0.019857089351637464 -0.017014231741320818 -0.018380496622880282 0.0019585214223443404 -0.0074586645765010425 0.013926319047957103 0.011016002971143949 0.035360456382626269 0.016078007487785109
leaf_weight=757.02983281482011 559.92360044643283 1168.1109629683197 354.27883254969493 375.52042142301798 551.30476200208068 1233.5795830909628 2008.271517092362 73.482314635068178 80.922319013625383 71.380984637886286 488.8995952270925 1783.2466449830681 105.14701060205698 205.00889272987843 1852.9661410413682 173.9196646399796 419.90283945575356 96.383427988737822 1953.1754892040044 386.22897528484464 1395.8385662399232 72.107986867427826 63.581627193838358 63.190747208893299 1478.5521283391863 113.51183826103806 333.57235759496689 195.77074326202273 68.603946164250374 151.58187722414732
leaf_count=15026 2816 2963 4041 992 2224 19600 14404 210 272 211 1179 4676 316 594 10348 468 1637 351 19936 1035 4077 207 259 238 4803 391 1011 627 195 471
internal_value=-0.000114577 0.0110498 -0.0219406 0.00643797 0.0280716 -0.0384044 -0.0143467 0.00192005 0.00502249 0.0115133 0.0215385 0.0105564 0.00691228 0.0129079 -0.00157619 0.0139979 0.0392181 0.0171716 -0.0190294 0.0150303 0.00828664 -0.00518928 0.00339373 0.00394964 0.004571 0.00944577 0.0122723 0.00455378 0.0175826 0.0235558
internal_weight=18635 12328.7 6306.34 9700.44 2628.22 1990.61 4315.73 5132.04 2719.15 4568.4 1657.01 4192.88 1644.47 2548.4 2412.89 2343.4 971.208 321.448 2307.45 2169.48 1539.33 143.489 2397.71 2334.12 2270.93 792.381 678.869 276.693 402.176 225.064
internal_count=115578 42571 73007 34568 8003 34626 38381 21992 8828 12576 4142 11584 4811 6773 13164 6179 3861 1032 23977 5711 4495 418 7796 7537 7299 2496 2105 899 1206 681
is_linear=0
shrinkage=0.05


Tree=13
num_leaves=31
num_cat=0
split_feature=9 9 9 31 9 9 31 34 9 13 6 39 31 31 9 36 33 32 11 11 31 10 37 16 6 2 4 33 2 13
split_gain=1617.16 341.628 276.055 84.0572 64.5204 49.6946 31.099 18.0106 16.0491 15.4718 15.8979 17.2262 15.0308 14.408 14.0013 14.531 13.9208 13.259 11.8554 11.6384 11.0343 11.5121 10.9289 12.8792 10.9174 10.6538 10.6185 10.5404 10.4353 17.1038
threshold=-1.0000000180025095e-35 1.3300000000000003 -0.70999999999999985 35.500000000000007 0.44 -0.435 1.5000000000000002 10.500000000000002 3.0750000000000002 0.11915683704674532 0.11882623044913189 13.500000000000002 15.500000000000002 23.500000000000004 0.69500000000000006 2.5000000000000004 54.750000000000007 25.500000000000004 0.11748242441323377 0.062211589580010641 22.500000000000004 0.13637201353751302 5.5000000000000009 -249.99999999999997 0.11176908915578156 -0.020735077854548017 0.088127889869693193 60.550000000000004 -0.039117979238410754 0.1373774509803922
decision_type=2 2 2 2 2 2 2 8 2 10 8 2 2 2 2 2 2 10 10 8 2 8 2 10 8 2 8 2 2 8
left_child=2 4 6 9 13 -4 -1 12 -5 10 17 26 24 19 15 -9 -16 -3 -15 -2 -19 -22 28 -24 -6 27 -12 -21 29 -18
right_child=1 3 5 8 7 -7 -8 14 -10 -11 11 -13 -14 18 16 -17 22 20 -20 25 21 -23 23 -25 -26 -27 -28 -29 -30 -31
leaf_value=-0.046934720238894535 -0.014252260788878158 -0.00059327319089351026 -0.021279906659261338 0.031045300846209559 0.0098424718933271104 -0.01046195807136642 -0.032908883308852908 0.011640113044369928 0.044032324469795964 0.023996659134087103 0.011462686588390399 0.0064099066364198586 0.016254299001703418 0.026572117357051422 0.020987932328768596 -0.00033081963555674503 0.010511941421611944 0.0063827714074008021 0.0019238633164967702 -0.0082408036701314899 0.015399196337932096 0.035310008904098272 0.016694671656369786 -0.007093756355179847 -0.010562152274834291 0.0015692381988985282 0.031442854880523764 0.004184115963338903 0.010735424753425284 -0.0099508988489772215
leaf_weight=697.73626043833792 159.76576992496848 178.2202664501965 1772.99546373263 600.36442285403609 224.11751185357571 2645.7761075310409 911.50486838165671 339.40817378088832 394.00870905071497 903.3984685651958 83.276414036750793 127.74848344922066 1084.6415218934417 87.357040323317051 220.21161518990993 1001.5394870378077 245.17659854143858 262.26872502267361 110.48492255061865 652.56609398312867 383.30357638373971 89.55901100486517 76.208634659647942 224.54704050347209 92.656145364046097 2065.4436439611018 330.04067819193006 231.15433118492365 1810.1377249918878 175.01101636886597
leaf_count=15790 938 491 21548 2510 909 20962 14133 1064 1637 2335 222 348 2774 210 598 3826 706 740 269 3649 1009 224 200 674 395 9884 794 1109 5145 485
internal_value=-8.63511e-05 0.0104162 -0.0212597 0.0239993 0.00524222 -0.0148026 -0.0389902 0.00856375 0.0361913 0.0188575 0.0156654 0.0224573 0.0134559 -0.000275956 0.00688839 0.00269915 0.00893018 0.0116419 0.0128073 -0.00110853 0.0146081 0.0191703 0.00788112 -0.00106599 0.00387413 -0.000396492 0.0274172 -0.00499082 0.00908763 0.00198903
internal_weight=18180.6 12152.6 6028.01 3352.19 8800.43 4418.77 1609.24 5493.66 994.373 2357.82 1454.42 541.066 1401.42 3306.77 4092.24 1340.95 2751.29 913.352 197.842 3108.93 735.131 472.863 2531.08 300.756 316.774 2949.16 413.317 883.72 2230.33 420.188
internal_count=115578 43145 72433 10310 32835 42510 29923 16776 4147 6163 3828 1364 4078 16059 12698 4890 7808 2464 479 15580 1973 1233 7210 874 1304 14642 1016 4758 6336 1191
is_linear=0
shrinkage=0.05


Tree=14
num_leaves=31
num_cat=0
split_feature=31 31 31 31 31 31 31 34 31 1 1 2 11 14 33 31 8 2 34 14 4 2 34 2 5 36 8 0 34 1
split_gain=1371.08 286.973 221.546 59.8763 49.7838 47.6303 44.0839 16.5134 17.0503 24.7218 15.2454 14.6955 13.948 13.0266 19.2374 12.8295 13.4845 12.3807 11.9236 11.8372 16.2342 11.3066 11.2605 12.2088 12.1382 11.1199 11.059 10.9129 10.5981 10.7795
threshold=11.500000000000002 3.5000000000000004 25.500000000000004 45.500000000000007 14.500000000000002 7.5000000000000009 1.5000000000000002 10.500000000000002 21.500000000000004 0.60005114093923095 0.49340090798648117 -0.0067701690286266552 0.12133481810217066 0.054097090721294552 55.350000000000001 35.500000000000007 0.17274535809018571 -0.043952736005716093 34.500000000000007 0.090081809750927402 0.21883004725435881 0.0037221498527731625 25.500000000000004 -0.016749080918635747 0.064533196791261321 13.500000000000002 0.094044811320754734 15.610133209920205 15.500000000000002 0.47886092763389626
decision_type=2 2 2 2 2 2 2 8 2 8 8 2 8 8 2 2 10 2 8 8 8 2 10 2 8 2 10 8 8 8
left_child=1 6 4 15 13 10 -1 17 9 -9 -3 28 -13 -2 -15 22 -17 26 -8 27 21 -21 24 -24 -4 -12 -6 -10 -7 -30
right_child=2 5 3 -5 7 11 18 8 19 -11 25 12 -14 14 -16 16 -18 -19 -20 20 -22 -23 23 -25 -26 -27 -28 -29 29 -31
leaf_value=-0.045331350864023325 -0.018851944514176443 -0.013915784890487119 0.0015159456117104422 0.037774226608207277 0.0095327162965796602 -0.0065933694241025777 -0.026648562216682815 0.0095500931886669943 -0.013609030251989319 0.00059826970277682785 -0.023469028536047574 -0.0075171915828196635 0.0031216454587821131 0.010848605078471031 -0.0023473372323128275 0.027550668089172836 0.0080062828922264767 0.010380036141931955 -0.038695075196675532 0.0047405347937824055 0.021291160635205263 0.018679019513141257 -0.0028208477041949047 0.015994860160036078 0.019324912193252816 0.014852667407763746 0.028950062539582412 0.0099555817456666099 -0.0094697419083066975 -0.024260179243160866
leaf_weight=668.98581634042785 96.477408304810524 1409.2161810100079 101.52727884426713 474.15960071608424 118.8471172042191 587.79912508651614 932.25357041042298 1394.5688249133527 83.414285574108362 1725.5588899664581 784.56513904500753 761.23275950737298 517.53167267329991 335.36872969940305 1565.1148009188473 574.29618702456355 104.27786906436086 1278.8319376669824 263.46248378651217 500.32113951444626 411.39104220271111 205.14938948303461 141.87335508316755 219.74671679362655 1660.9488522335887 19.397986698895693 191.45983918756247 119.54208954051137 258.07316320110112 235.70013945922256
leaf_count=15790 545 15638 262 2267 355 4154 15345 4683 240 6040 8456 5215 3319 1542 8137 2010 354 3776 4652 1374 1070 538 386 578 4189 168 525 320 1843 1807
internal_value=-0.000104008 -0.0185212 0.0103866 0.0213421 0.00591374 -0.0117808 -0.0350533 0.00818007 0.00661456 0.00459937 -0.0170502 -0.00683986 -0.00321152 -0.000928589 -1.87159e-05 0.0185621 0.0245472 0.012554 -0.0293029 0.0113786 0.0133972 0.00879382 0.01665 0.00861295 0.018299 -0.0225444 0.0215132 0.000270617 -0.0111297 -0.0165299
internal_weight=17741.1 6438.22 11302.9 3276.83 8026.05 4573.52 1864.7 6029.08 4439.95 3120.13 2213.18 2360.34 1278.76 1996.96 1900.48 2802.67 678.574 1589.14 1195.72 1319.82 1116.86 705.471 2124.1 361.62 1762.48 803.963 310.307 202.956 1081.57 493.773
internal_count=115578 76387 39191 10046 29145 40600 35787 18921 14265 10723 24262 16338 8534 10224 9679 7779 2364 4656 19997 3542 2982 1912 5415 964 4451 8624 880 560 7804 3650
is_linear=0
shrinkage=0.05


Tree=15
num_leaves=31
num_cat=0
split_feature=9 9 9 31 9 9 9 31 1 14 2 8 9 9 14 10 1 8 12 10 12 2 31 4 2 19 31 14 8 2
split_gain=1301.82 331.718 203.796 59.3742 59.1977 25.6118 22.5278 18.3316 14.9024 18.0374 17.6081 14.5477 13.572 13.383 15.0047 11.1906 14.2476 12.0909 11.0227 10.9846 10.9344 10.9174 12.3645 10.859 10.7449 10.1721 10.0891 14.4742 9.98719 9.85198
threshold=-0.11000000000000001 1.3150000000000002 -0.70999999999999985 35.500000000000007 0.41500000000000004 -0.55499999999999983 -0.85499999999999987 22.500000000000004 0.55315318673988878 0.060323167561947673 0.0040768782760628565 0.087337909992372245 2.9050000000000002 0.91000000000000003 0.21847646730994091 0.12501317731393635 0.84369145687477654 0.10741758241758244 0.096205265322912389 0.12369072481633746 0.15925559947299081 -0.02717694563697956 22.500000000000004 0.23532925715088907 -0.0056972256997584632 0.15725163161711384 25.500000000000004 0.092881274131274144 0.13182720953326715 0.00244360979961016
decision_type=2 2 2 2 2 2 2 2 10 8 2 8 2 2 10 10 10 8 8 10 8 2 2 10 2 2 2 10 10 2
left_child=2 4 6 11 7 -4 -1 -2 13 19 18 26 -5 14 -6 16 25 -17 -11 -10 -19 23 29 -15 -7 -12 27 -3 -9 -23
right_child=1 3 5 12 8 24 -8 28 9 10 15 -13 -14 21 -16 17 -18 20 -20 -21 -22 22 -24 -25 -26 -27 -28 -29 -30 -31
leaf_value=-0.044080208950397326 -0.0022026822074794269 -0.016095560199863856 -0.022314478742564779 0.027756709407192034 0.0086270225617720298 -0.016316747917403018 -0.031723205518606072 0.022373503673039724 -0.0021245640715988243 -0.0023196448993398357 0.01483142541376397 0.019887413812971252 0.040048895736843532 0.014173732083571398 -0.010025740381493717 0.0042294388712899493 -0.01290581470032588 0.031345644525504791 0.0054823692669469844 -0.027896623726673293 0.0086404971620218773 0.01860966295868113 0.028502148899122188 -0.0091118781307219909 -0.0097722954339373551 -0.002332569382432106 0.017758125245165454 0.011775544184843303 -0.00062643208304368012 0.0011047922029927548
leaf_weight=665.73874719813466 3377.8767802175134 74.137227658182383 917.82383162155747 505.79469525441527 1408.4149165712297 1098.2948793279938 827.03263715072535 121.35916947573423 134.36420087702572 628.10248370096087 334.6043455414474 1894.3009089007974 403.85383364930749 134.45634003356099 116.75295923277736 104.8144063167274 76.709640473127365 174.62953747808933 1621.1562966387719 59.72281526774168 76.147947505116463 267.29909758642316 207.67094295099378 79.771550249308348 1462.151798678562 116.33135743252933 179.40382262319326 125.33600138127804 77.237854331731796 114.94463533908129
leaf_count=14946 19287 223 12718 2271 5266 10927 14927 318 469 2211 963 5111 1882 379 404 337 223 473 5020 214 230 798 473 248 13569 378 492 358 228 363
internal_value=-0.000158532 0.00849892 -0.0217805 0.0224185 0.00370017 -0.0151483 -0.0372341 -0.00133471 0.00688395 0.00473631 0.00565276 0.0180986 0.033214 0.00995109 0.00719914 0.011635 0.00701476 0.0184907 0.00330367 -0.0100549 0.0244513 0.0151705 0.0186814 0.00550292 -0.0125795 0.0104035 0.00915467 0.00141683 0.0134284 0.0133458
internal_weight=17386.2 12415.2 4971.04 3182.83 9232.37 3478.27 1492.77 3576.47 5655.89 3326.58 3132.5 2273.18 909.649 2329.31 1525.17 883.237 527.645 355.592 2249.26 194.087 250.777 804.143 589.915 214.228 2560.45 450.936 378.877 199.473 198.597 382.244
internal_count=115706 48619 67087 10337 38282 37214 29873 19833 18449 10518 9835 6184 4153 7931 5670 2604 1564 1040 7231 683 703 2261 1634 627 24496 1341 1073 581 546 1161
is_linear=0
shrinkage=0.05


Tree=16
num_leaves=31
num_cat=0
split_feature=9 9 9 9 31 9 9 31 34 9 8 13 1 2 9 20 5 31 4 12 35 12 9 5 9 19 5 12 8 3
split_gain=1168.61 296.868 184.504 54.1608 51.0516 23.8927 20.9699 15.1985 14.5757 12.3593 12.0992 12.0227 11.7207 15.1679 13.8988 19.7451 14.3101 13.6345 12.5377 12.8156 11.8888 18.7018 12.7648 11.4283 10.9553 11.1841 10.8615 14.6864 12.2492 10.5344
threshold=-0.11000000000000001 1.3150000000000002 -0.70999999999999985 0.41500000000000004 35.500000000000007 -0.38499999999999995 -0.86499999999999988 22.500000000000004 7.5000000000000009 2.9050000000000002 0.087337909992372245 0.10876959479443953 0.55315318673988878 0.0044237304009069013 0.91000000000000003 0.23368794326241138 0.21444948970766306 17.500000000000004 0.22230626996133812 0.11985915492957748 17.500000000000004 0.084797123780174635 0.63000000000000023 0.10731419696272436 0.58000000000000018 0.051009621899986445 0.14745108090431833 0.15643825301204822 0.13079116179615113 0.21026678248125283
decision_type=2 2 2 2 2 2 2 2 8 2 8 10 10 2 2 10 10 2 10 8 2 10 2 10 2 2 10 8 8 8
left_child=2 3 6 7 10 29 -1 -2 -5 -6 -3 -9 14 17 16 23 18 -14 19 20 -10 -22 -23 -16 -20 -26 -25 28 -28 -4
right_child=1 4 5 8 9 -7 -8 11 12 -11 -12 -13 13 -15 15 -17 -18 -19 24 -21 21 22 -24 26 25 -27 27 -29 -30 -31
leaf_value=-0.043382719856880428 -0.0020612624180093501 0.0092333396507414123 -0.030306002479069012 0.012937432722945326 0.026513414202584351 -0.0099096119326654956 -0.031035262429202584 0.027511474649053198 0.010052970571748468 0.038539355806065302 0.01915247997621472 0.0023691625572084753 -0.0052251983245309953 0.0093537908218474502 -0.0022806863878282783 0.029651158986023853 -0.010150718579234955 0.0038596503161299959 -0.01956995662229951 0.017939566549637406 0.015423986850390007 -0.00039259543214780688 -0.034721741759420853 0.028273587450025364 -0.0084868665174167284 0.017576562004417203 0.010728478080580209 0.028365251657473389 -0.01510616022776403 -0.017157956713691861
leaf_weight=566.61328174639493 3328.8888614838943 368.35676958411932 167.32574732415378 793.07961057126522 484.69657842442393 1530.485780429095 874.66552428319119 77.677469100803137 432.4262429960072 382.04747008159757 1858.7575612701476 122.58324109017849 584.30234784260392 797.96276845596731 145.93621487170458 160.42178406566381 131.2659390643239 1408.6669381801039 70.335481502115726 321.88592441752553 66.822075301781297 52.195856548845768 56.272644955664873 100.57070263847709 85.925466239452362 79.006076361984015 142.74445008486509 73.670541375875473 67.615217857062817 1701.5356248696335
leaf_count=13174 19287 1073 2405 2428 2271 13269 16699 186 1696 1882 5111 360 2643 2418 459 434 465 4037 374 1090 243 246 224 278 344 259 425 182 204 21540
internal_value=-0.000112344 0.00813879 -0.0208979 0.00358995 0.0215187 -0.0145417 -0.0358894 -0.00125647 0.00666004 0.0318143 0.0175119 0.0121214 0.00561809 0.00352851 0.00855295 0.0142802 0.00549978 0.00119614 0.00726339 0.00987298 0.0056004 -0.00538371 -0.0182023 0.00963244 -0.00304779 0.00399813 0.0141529 0.00915293 0.00242454 -0.0183351
internal_weight=17034.7 12194.1 4840.63 9100.26 3093.86 3399.35 1441.28 3529.15 5571.11 866.744 2227.11 200.261 4778.03 2790.93 1987.09 690.959 1296.14 1992.97 1164.87 929.603 607.717 175.291 108.469 530.537 235.267 164.932 384.601 284.03 210.36 1868.86
internal_count=115706 48619 67087 38282 10337 37214 29873 19833 18449 4153 6184 546 16021 9098 6923 1982 4941 6680 4476 3499 2409 713 470 1548 977 603 1089 811 629 23945
is_linear=0
shrinkage=0.05


Tree=17
num_leaves=31
num_cat=0
split_feature=9 9 9 9 9 9 9 19 2 39 34 1 1 33 19 9 7 39 0 1 2 2 34 3 2 15 11 6 10 1
split_gain=1050.15 229.148 208.339 38.798 37.0583 29.2688 19.4733 15.0508 13.7286 16.0527 13.0604 12.409 12.1917 11.1763 9.83852 9.79709 9.61847 11.3859 12.4481 9.48647 9.45334 9.26752 9.6185 9.9384 9.48751 9.26696 11.5224 10.2062 8.86033 9.36181
threshold=1.0000000180025095e-35 1.3150000000000002 -0.70999999999999985 2.5300000000000002 -0.38499999999999995 0.44 -0.85499999999999987 -0.098538198890311554 -0.017336530208082342 5.5000000000000009 6.5000000000000009 0.6165532142186142 0.90819441218477071 60.550000000000004 0.23636363636363641 -0.94499999999999995 0.046153846153846149 6.5000000000000009 13.580306791740169 0.86274381081470597 -0.02717694563697956 -0.050060085250686559 8.5000000000000018 0.90997320306675233 -0.0180370282746775 1.0000000180025095e-35 0.13331681532870832 0.097621341407468587 0.094740737855000215 0.38472764087043454
decision_type=2 2 2 2 2 2 2 2 2 2 8 10 10 2 2 2 2 2 8 10 2 2 10 10 2 10 8 8 10 10
left_child=2 5 6 7 20 8 15 -3 13 -10 11 -7 -12 -2 -6 -1 28 -18 -19 25 -4 22 -9 -24 -23 -20 27 -27 29 -11
right_child=1 3 4 -5 14 10 -8 21 9 16 12 -13 -14 -15 -16 -17 17 18 19 -21 -22 24 23 -25 -26 26 -28 -29 -30 -31
leaf_value=-0.057536083533121056 -0.0073394414834179883 -0.0010027439171454489 -0.026512382341636505 0.030273512489737416 -0.0074191177068188303 0.029552117473436015 -0.029346392926007655 0.042558282208071806 0.018750224326367394 0.0027254820543625448 0.0067509777846523015 0.0048921563157296793 -0.0042798120145486999 0.0051882598119788086 -0.024333140030385822 -0.038806774789955228 0.016750654447767282 0.027176145825096695 -0.00050929107786085355 -0.022134493185433896 -0.016142901488342309 0.011712528049001471 0.012708151408622859 0.033500462488366578 0.01932540377187246 0.035859758945181265 -0.0094656260166785643 0.007129318058260635 0.00082821880145661833 -0.017958443142441886
leaf_weight=80.263926044106483 752.23695689532906 107.94050526618958 255.51573575939983 760.54076649993658 2229.0674483552575 118.59654870629311 777.30961282900535 69.404619500041008 146.67914196848869 85.077250111848116 4650.0488531384617 89.522156793624163 264.75234046950936 233.22810036316514 89.424848542548716 536.7125892303884 166.71163767203689 48.310170192271471 623.35533978790045 41.833663403987885 1572.0517085585743 613.12796669080853 137.68252720683813 98.649388875812292 1230.8010714836419 57.729421820491552 43.336880849674344 66.541124612092972 597.40883444435894 153.24355797842145
leaf_count=2169 4430 352 3660 3201 18311 348 14927 181 390 500 15377 258 836 1166 880 12777 578 234 3137 217 20285 1990 436 298 3879 261 229 329 3133 937
internal_value=-9.69839e-05 0.00873942 -0.0178911 0.0205064 -0.0122684 0.00437572 -0.0346108 0.017216 0.000467649 0.00281803 0.00667627 0.0189446 0.00615677 -0.00437453 -0.0080715 -0.0412433 0.00157733 0.00476831 0.00250117 0.00106978 -0.0175927 0.0181308 0.0261932 0.0213873 0.016794 0.00229704 0.0127342 0.0204759 -0.00242346 -0.0105746
internal_weight=16697.1 11156.8 5540.35 3018.15 4146.06 8138.61 1394.29 2257.61 3015.69 2030.23 5122.92 208.119 4914.8 985.465 2318.49 616.977 1883.55 1047.82 881.107 832.796 1827.57 2149.67 305.737 236.332 1843.93 790.963 167.607 124.271 835.73 238.321
internal_count=115706 42697 73009 10337 43136 32360 29873 7136 15541 9945 16819 606 16213 5596 19191 14946 9555 4985 4407 4173 23945 6784 915 734 5869 3956 819 590 4570 1437
is_linear=0
shrinkage=0.05


Tree=18
num_leaves=31
num_cat=0
split_feature=31 31 31 31 31 39 31 1 31 39 5 5 1 2 31 36 2 1 14 11 20 16 14 5 7 2 35 2 31 12
split_gain=910.482 190.746 130.983 49.0895 42.1912 30.9861 25.3838 21.0451 17.1766 17.1463 14.9807 14.1985 16.5054 13.9973 13.8856 13.0513 12.7124 12.6721 12.3686 11.7534 15.9936 12.1894 10.3091 16.2087 15.6308 10.1456 10.1146 11.6586 15.2851 10.6439
threshold=8.5000000000000018 21.500000000000004 2.5000000000000004 45.500000000000007 14.500000000000002 8.5000000000000018 4.5000000000000009 0.65459614331530747 33.500000000000007 9.5000000000000018 0.061235264961317162 0.23043873757481478 0.37154098758268345 0.031457618059387363 1.0000000180025095e-35 4.5000000000000009 -0.077265056193002543 0.54898206494148316 0.10668699186991872 0.14019149715961152 0.51649148242116716 -349.99999999999994 0.095189897821476785 0.077771692831933817 0.18846153846153849 -0.019957180113626804 16.500000000000004 -0.0096424532113769147 17.500000000000004 0.11635871296591273
decision_type=2 2 2 2 2 2 2 8 2 2 8 10 10 2 2 2 2 8 8 8 8 10 8 8 2 2 2 2 2 8
left_child=2 4 14 5 9 10 -4 18 16 -2 -3 12 -12 15 -1 -11 -7 25 -6 21 -21 -14 24 -24 -9 -8 27 -20 -29 -28
right_child=1 3 6 -5 7 8 17 22 -10 13 11 -13 19 -15 -16 -17 -18 -19 26 20 -22 -23 23 -25 -26 -27 29 28 -30 -31
leaf_value=-0.057539476918536295 -0.0063163180220426676 -0.011814965998992906 -0.021295325942045428 0.031809315830703677 0.013917182623265285 0.036500235460905188 -0.015979690235646004 -0.010821238654673836 0.028295789297014252 0.0049140217590896637 0.024382955218764268 -0.0033055347362037218 0.020800870356653661 0.011460736029754684 -0.033545694265131661 -0.0037986809277815339 0.014824038581202296 -0.017334827067830721 0.0075492777424467743 0.032383394733483867 0.011194767847326028 0.0050812200809842896 0.025450897799810697 0.0020300323529460649 0.013532838858972624 -0.006392212819065689 0.0044338456210492021 -0.015691280341628238 0.0059198075099573099 0.015661642025431386
leaf_weight=63.999852689914405 1406.3885412979871 81.897385075688362 1034.8639967204072 390.81513076834381 737.86071932315826 70.610481351613998 378.4414789788425 316.42862984165549 324.91738941520452 662.40044286102057 212.77629962190986 183.52515040338039 139.56894340366125 268.56433835439384 1042.6609110108111 1224.1670684684068 1607.6908488459885 674.38079357519746 388.29016815871 115.00525058060884 394.75843058899045 1059.2754225023091 78.442975208163261 1267.83802578412 83.208492409437895 1018.7356954384595 444.79720599576831 169.47042420133948 158.19508183375001 401.72428261861205
leaf_count=2007 9553 250 16204 2273 2510 173 4213 1181 1320 3734 566 561 384 1356 24700 7400 4505 7069 1331 332 1172 3109 247 4688 275 10459 1598 685 484 1367
internal_value=-0.000125331 0.00680069 -0.0201626 0.0148615 0.00194709 0.0132807 -0.0149005 0.00544045 0.0177732 -0.00202173 0.00916538 0.00998168 0.0112508 0.000780822 -0.0349333 -0.000739528 0.015736 -0.011706 0.00858194 0.00961546 0.015975 0.00691129 0.00130137 0.00339468 -0.00575047 -0.00898909 0.00606243 0.00168807 -0.00525757 0.0097621
internal_weight=16401.7 12188.6 4213.08 4580.84 7607.78 4190.03 3106.42 4046.26 2003.22 3561.52 2186.81 2104.91 1921.38 2155.13 1106.66 1886.57 1678.3 2071.56 2300.34 1708.61 509.764 1198.84 1745.92 1346.28 399.637 1397.18 1562.48 715.956 327.666 846.521
internal_count=115706 51054 64652 14645 36409 12372 37945 14366 5998 22043 6374 6124 5563 12490 26707 11134 4678 21741 7975 4997 1504 3493 6391 4935 1456 14672 5465 2500 1169 2965
is_linear=0
shrinkage=0.05


Tree=19
num_leaves=31
num_cat=0
split_feature=31 31 31 31 31 31 1 33 31 31 10 18 5 14 6 6 1 33 18 0 10 32 3 1 14 13 4 3 5 0
split_gain=825.923 166.813 119.316 43.8594 41.8961 22.964 19.352 14.05 13.8456 12.8664 12.2169 11.9638 11.6716 11.5368 10.9223 11.6847 10.8599 11.235 10.8463 11.0513 10.3961 12.3715 10.3783 10.1522 9.98103 12.7889 11.6075 10.0931 9.68412 10.1941
threshold=8.5000000000000018 21.500000000000004 2.5000000000000004 45.500000000000007 14.500000000000002 4.5000000000000009 0.63474079708117903 55.050000000000004 25.500000000000004 1.5000000000000002 0.096640792634449524 0.77350427350427364 0.2325672451785617 0.090081809750927402 0.14900187859352174 0.18424618456710887 0.54898206494148316 56.350000000000001 0.57738095238095244 15.485638562673385 0.09032515922745675 40.500000000000007 0.70652829726553945 0.91694487913756773 0.10812151437151439 0.095413165266106451 0.18202259681461727 0.6669063664608702 0.066696723775172842 13.602438893913815
decision_type=2 2 2 2 2 2 8 2 2 2 10 10 10 8 10 10 10 2 10 10 10 10 10 10 8 8 8 10 8 8
left_child=2 4 9 8 7 -4 18 10 12 -1 20 28 13 -3 -8 22 17 -7 24 -20 21 -2 -16 -9 25 -6 -27 -26 -10 -30
right_child=1 3 5 -5 6 16 14 23 11 -11 -12 -13 -14 -15 15 -17 -18 -19 19 -21 -22 -23 -24 -25 27 26 -28 -29 29 -31
leaf_value=-0.03909239022957655 -0.0130165400832993 0.00039659388659166037 -0.02056067159029315 0.030549949002282001 0.0080461111781451791 -0.0035851379802478906 -0.00014040207540712683 -0.003129568984570185 0.0031402581766573168 -0.028133987462347368 0.0094314737357613972 0.0057425043411751427 -0.0097291786568536251 0.01194885618088209 0.027877767366424961 -0.005872527127857006 -0.017313304789063132 -0.012551527636628847 0.0060148417787773507 -0.017964167157627161 -0.025697959971418657 0.014980332308073222 0.0075757030914117771 -0.02593476944721252 0.014767593113853346 0.02959700531395254 0.0099815166763407119 0.0046064637212308813 -0.001184124764660788 0.017717447402784869
leaf_weight=554.91163056320511 79.69277667067945 261.1618469581008 1011.5365520622581 372.20729349181056 327.76543921232224 568.24348483420908 1506.9190166331828 2835.1152290869504 133.15779326856136 517.79606458265334 433.63086953014135 310.99814879149199 79.236424446105957 1253.0432123355567 95.81931184232235 93.59634642675519 553.04532880708575 906.9915060326457 147.09032253548503 71.361207323148847 48.137079779058695 78.157783566042781 183.49481099843979 49.655998013913631 333.91368959099054 197.4362862482667 122.03620398044586 911.52425779029727 73.953603677451611 2013.1260257288814
leaf_count=15692 530 766 16204 2273 1139 5872 5587 18023 411 11015 2392 889 238 3572 322 363 5954 9915 563 308 319 436 722 343 1107 598 438 3219 246 6250
internal_value=-0.000126346 0.00649484 -0.0194661 0.014112 0.00193704 -0.0144069 0.00544525 -0.0020356 0.0126286 -0.0338028 0.00466881 0.0149271 0.00897749 0.00995638 0.00175554 0.00941696 -0.0113379 -0.00909778 0.00873071 -0.00181834 -0.00535721 0.000845771 0.0145404 -0.00352212 0.00994828 0.014985 0.022104 0.00733076 0.0162136 0.0170477
internal_weight=16124.8 12012.2 4112.52 4496.88 7515.35 3039.82 3990.96 3524.39 4124.68 1072.71 639.619 2531.24 1593.44 1514.21 1879.83 372.91 2028.28 1475.23 2111.13 218.452 205.988 157.851 279.314 2884.77 1892.68 647.238 319.472 1245.44 2220.24 2087.08
internal_count=115706 51054 64652 14645 36409 37945 14366 22043 12372 26707 3677 7796 4576 4338 6994 1407 21741 15787 7372 871 1285 966 1044 18366 6501 2175 1036 4326 6907 6496
is_linear=0
shrinkage=0.05


Tree=20
num_leaves=31
num_cat=0
split_feature=31 31 31 31 31 31 34 31 31 34 35 36 18 10 2 16 36 14 33 14 8 37 14 11 33 33 8 3 14 14
split_gain=745.451 156.82 100.647 66.0854 21.2161 19.3837 18.2246 13.6333 13.0689 11.8855 11.862 9.66126 9.63519 9.51285 13.8428 12.1188 10.9792 8.27436 8.2718 8.22941 8.1729 8.02505 13.9678 9.848 8.00859 10.2405 12.5976 7.96827 7.74861 7.71573
threshold=8.5000000000000018 15.500000000000002 2.5000000000000004 35.500000000000007 4.5000000000000009 25.500000000000004 6.5000000000000009 1.0000000180025095e-35 49.500000000000007 7.5000000000000009 16.500000000000004 14.500000000000002 0.81534090909090928 0.09600280308339175 -0.0099215048305865278 -1.0000000180025095e-35 6.5000000000000009 0.101360607182525 59.95000000000001 0.053486939107854146 0.20722186076772939 4.5000000000000009 0.11279633117209852 0.10914973617516309 60.45000000000001 58.150000000000013 0.10380747126436783 0.62671791758849305 0.10871774478614353 0.056978421984652729
decision_type=2 2 2 2 2 2 8 2 2 8 2 2 10 8 2 8 2 8 2 8 10 2 10 8 2 2 10 10 8 8
left_child=2 6 7 5 -4 9 -2 -1 20 10 -3 -6 -7 15 21 16 17 -8 -19 -16 -5 22 24 -24 25 -15 -27 -9 -18 -11
right_child=1 3 4 8 11 12 13 27 -10 29 -12 -13 -14 14 19 -17 28 18 -20 -21 -22 -23 23 -25 -26 26 -28 -29 -30 -31
leaf_value=-0.055715426723297892 0.013123566643389479 0.0040808716802175861 -0.019803956836872038 0.020988362781315825 -0.011284439248474214 0.014241173225665555 0.016801665597833543 -0.038023940446072657 0.032842963976621863 -0.0038410995780394867 0.01811382184632062 0.017468631745208997 0.0014902086301323073 0.0077212158489436081 -0.013218208666078576 -0.0097185546304909779 -0.022471770775320019 -0.0067325569765225206 0.020884798626104116 0.0033160380980402889 -0.00066251836055875111 -0.010970806212331251 -0.022872098889379688 -0.004147250851253211 0.021678325905748967 -0.027260514014848691 0.006136649953850287 -0.027813586290613437 -0.00067122853168361278 0.006684270717210606
leaf_weight=56.685209005139768 202.98297576420009 227.2066487390548 991.86019412218593 634.84309036284685 1966.8841824065894 1750.7691517360508 118.10677794739604 259.28643819876015 251.21910349838436 182.04436218366027 446.58496071398258 29.65543681755662 161.85040983185172 228.48576096259058 79.294174198061228 768.84220412746072 67.776603527367115 123.75441751629114 34.719421021640301 1477.6561493072659 46.801116302609444 359.1051031164825 94.301907133311033 274.95025667920709 58.341586399823427 56.884048582985997 56.066992275416851 726.43380855163559 102.25162033177912 3998.6174928657711
leaf_count=1968 1139 702 16202 2716 21425 4959 645 6864 1686 633 1339 268 439 1397 519 4943 464 770 185 8437 195 2293 624 1733 310 403 339 17743 590 13356
internal_value=7.16945e-05 0.00641144 -0.0184931 0.0106187 -0.0138268 0.00889888 -0.00148318 -0.0318706 0.0230946 0.00721918 0.0133818 -0.0108574 0.0131622 -0.00224331 -0.000581991 -0.00591337 0.000637293 0.00678397 -0.000681977 0.00247396 0.0195018 -0.00479954 -0.00191782 -0.00892932 0.0045583 0.00163299 -0.0106827 -0.0304993 -0.00936135 0.00622595
internal_weight=15834.3 11803.5 4030.81 7699.94 2988.4 6767.07 4103.52 1042.41 932.863 4854.45 673.792 1996.54 1912.62 3900.54 2685.09 1215.45 446.609 276.581 158.474 1556.95 681.644 1128.14 769.031 369.252 399.778 341.437 112.951 985.72 170.028 4180.66
internal_count=115286 50816 64470 26025 37895 21428 24791 26575 4597 16030 2041 21693 5398 23652 16055 7597 2654 1600 955 8956 2911 7099 4806 2357 2449 2139 742 24607 1054 13989
is_linear=0
shrinkage=0.05


Tree=21
num_leaves=31
num_cat=0
split_feature=9 9 9 9 9 9 1 36 9 12 13 0 4 6 9 36 5 19 10 5 19 19 10 3 39 8 4 1 6 12
split_gain=716.686 144.92 139.55 31.5742 29.8885 25.5854 14.1729 13.4886 13.0129 12.76 14.7808 11.6667 11.3832 18.0745 10.802 10.5187 10.2975 9.87124 9.8428 9.84005 9.82327 9.58555 11.0222 10.6135 8.98748 13.4882 9.72328 8.9624 13.281 12.698
threshold=1.0000000180025095e-35 1.5250000000000001 -0.60499999999999987 0.58000000000000018 -0.80499999999999994 3.0100000000000002 0.34553552298231799 11.500000000000002 -0.4549999999999999 0.066915422885572159 0.078501400560224102 13.538058869715732 -0.19361093394077447 0.14001102535832419 -0.92499999999999993 4.5000000000000009 0.045495943036926646 -0.081081081081081016 0.09251256875482218 0.2325672451785617 0.044240252147831866 0.090909090909090953 0.062559297912713488 0.014982227827768953 8.5000000000000018 0.12613636363636366 0.09822147458017022 0.88437718126076315 0.11430366116295766 0.14337101747173692
decision_type=2 2 2 2 2 2 8 2 2 8 8 8 10 8 2 2 10 2 10 8 2 2 10 10 2 8 8 10 8 10
left_child=2 3 4 6 14 7 24 11 -4 10 17 -3 13 -13 -1 -10 -11 -5 -19 21 -21 22 -8 -23 25 -2 -26 -18 29 -29
right_child=1 5 8 9 -6 -7 19 -9 15 16 -12 12 -14 -15 -16 -17 27 18 -20 20 -22 23 -24 -25 26 -27 -28 28 -30 -31
leaf_value=-0.04899040784891049 0.028428084158565237 -0.004343435081305194 -0.014937088016020389 0.020621397322330811 -0.021166621874478292 0.030736023310930949 -0.014874618548033606 0.0015867455242758414 -0.0040709381665537921 0.02713619727191547 -0.01888182832165633 -0.00056474822623272364 0.020494345312820739 0.028486674356731318 -0.031884895423293473 -0.010499280707587079 0.0084709163669615239 0.011257056319656268 -0.0088737750086322186 -0.028043147953685777 0.0022494510256101828 -0.025073924497679857 0.0030694165712661825 -0.0025678941793270335 0.011349462897328993 -0.00076167762599938492 -0.0028219239584265587 0.003318483884331628 0.0073984632336390804 -0.028816208202127332
leaf_weight=108.18149842740968 107.19621962681413 57.170562002807856 789.57298926077783 69.430231977254152 1015.1427784943953 388.69957079552114 89.755957351997495 138.53731050342321 1159.807692123577 69.865773998200893 91.166577447205782 166.65147243067622 1317.9028223454952 78.880677916109562 628.44855119753629 1409.9866078095511 3850.1837478019297 102.44072975590825 149.0944119207561 62.571210611611605 46.763375613838434 55.557106036692858 1838.8938891272992 917.32500252127647 242.8516065813601 62.73885440453887 241.3121735714376 60.097414370626211 219.7176000662148 62.934699058532715
leaf_count=3134 401 199 10583 217 18726 2026 554 400 10079 226 344 571 4807 250 16532 13810 12528 341 508 282 215 368 8940 4896 1387 251 1619 194 682 216
internal_value=6.31595e-05 0.00754495 -0.015289 0.00456222 -0.0267301 0.0191267 0.00108759 0.0165615 -0.00932297 0.00728619 -0.00111492 0.0178416 0.0186528 0.00876843 -0.034397 -0.00759802 0.00809842 0.00393157 -0.00067525 -0.000361651 -0.0150867 0.000193214 0.00223433 -0.00385312 0.00775856 0.0176514 0.0042863 0.0077812 3.34515e-05 -0.0131194
internal_weight=15598.9 10487.7 5111.14 8339.9 1751.77 2147.84 3664.97 1759.14 3359.37 4674.93 412.132 1620.61 1563.43 245.532 736.63 2569.79 4262.8 320.965 251.535 3010.87 109.335 2901.53 1928.65 972.882 654.099 169.935 484.164 4192.93 342.75 123.032
internal_count=115286 42422 72864 34169 38392 8253 18913 6227 34472 15256 1410 5827 5628 821 19666 23889 13846 1066 849 15255 497 14758 9494 5264 3658 652 3006 13620 1092 410
is_linear=0
shrinkage=0.05


Tree=22
num_leaves=31
num_cat=0
split_feature=4 1 5 4 4 14 1 5 34 19 37 4 5 33 34 0 14 33 4 36 12 32 5 6 3 32 1 32 10 14
split_gain=161.727 80.5307 37.8783 34.1117 27.4185 26.3162 18.8676 14.7572 16.3859 14.4873 14.346 14.5014 16.7753 12.2314 12.0887 12.7574 12.0637 12.8703 11.5518 10.0135 9.56343 9.37762 9.07104 8.91381 11.2901 9.66578 9.10959 8.87827 8.87719 8.81923
threshold=-0.10828759282632307 0.23004615744214388 0.14546907928202893 0.28708151012516542 -0.27690693399662564 0.054097090721294552 0.74035697118201815 0.10811636315606996 19.500000000000004 0.062964594460657455 7.5000000000000009 0.12570356472795502 0.11765871166216092 55.050000000000004 31.500000000000004 16.179813553759498 0.074115688722430309 53.95000000000001 -0.025466126230457391 1.5000000000000002 0.29289318755256522 38.500000000000007 0.1165474531562283 0.11979431049069376 0.46754190995045741 8.5000000000000018 0.28140786194797213 70.500000000000014 0.084488407918315744 0.10871774478614353
decision_type=8 10 10 10 10 8 10 8 10 2 2 10 10 2 10 8 8 2 10 2 8 10 8 10 10 10 10 10 10 8
left_child=4 2 9 5 -1 -3 10 8 -5 -2 11 13 -13 21 20 -16 -6 -18 -11 -15 29 28 -19 24 -21 -25 -27 -24 -7 -8
right_child=1 3 -4 7 16 6 14 -9 -10 18 -12 12 -14 19 15 -17 17 22 -20 23 -22 -23 27 25 -26 26 -28 -29 -30 -31
leaf_value=-0.025034069110560837 -0.0089452070580557271 -0.0088453973583357392 0.002807443843837716 0.010143142703536693 -0.018604206073081206 -0.019596844931234602 0.0020709665985793281 0.015486601661812042 -0.0083542949096399068 -0.028469875275971203 -0.010505560331716155 0.00087790543106668398 0.0099571033847270819 0.0064216056538212432 -0.013587077919213777 0.0060876431926319393 0.0015115925502868237 -0.01718860875538623 -0.0095607459866133004 -0.01685646610286556 0.028811469594088521 0.01022462446646857 -0.004437747971706066 0.012765451148744873 -0.0023662216997295113 -0.021852910934956282 0.001161241527343344 -0.034445835140416887 0.0036646308182123073 0.0092198651758466765
leaf_weight=426.24982872977853 1067.8454228928313 480.82104338426143 649.82728919945657 435.65303247794509 347.7436137991026 54.540231705643237 572.96106461528689 779.84193849004805 165.09690196532756 200.5037653981708 230.66031956113875 960.28803987428546 1082.0228892955929 462.79605152551085 141.93518538866192 196.40032353252172 271.53342541772872 344.05076445033774 135.25438169436529 143.76672077737749 53.625450501218438 516.43190941074863 401.18734545819461 178.37904119584709 2069.1346603487618 44.922211870551109 1003.855192406103 26.262087632901967 165.3896320159547 1746.2663629208691
leaf_count=9314 14730 3869 3896 1966 5457 551 2755 3361 919 4030 1642 5683 4805 2734 744 1039 2759 4958 1532 1356 216 3377 3319 1017 13655 424 5954 305 1415 7504
internal_value=6.7067e-05 0.00194696 -0.00717297 0.00357757 -0.0139396 0.0025703 0.00314068 0.0109495 0.00505971 -0.0117936 0.00175412 0.00217735 0.00568809 0.000631828 0.0066757 -0.0021661 -0.0105393 -0.00785046 -0.0208527 -0.000483341 0.00793642 0.00654243 -0.0111455 -0.00141227 -0.00330762 0.00200555 0.000175478 -0.00628142 -0.00210396 0.00745374
internal_weight=15355.2 13538.2 2053.43 11484.8 1817.03 10104.2 9623.38 1380.59 600.75 1403.6 6912.19 6681.53 2042.31 4639.22 2711.19 338.336 1390.78 1043.03 335.758 3902.85 2372.85 736.362 771.5 3440.06 2212.9 1227.16 1048.78 427.449 219.93 2319.23
internal_count=115286 89174 24188 64986 26112 58740 54871 6246 2885 20292 42613 40971 10488 30483 12258 1783 16798 11341 5562 25140 10475 5343 8582 22406 15011 7395 6378 3624 1966 10259
is_linear=0
shrinkage=0.05


Tree=23
num_leaves=31
num_cat=0
split_feature=9 9 9 9 9 9 1 9 33 12 9 14 14 1 1 8 34 18 14 12 33 1 10 12 12 18 8 11 7 8
split_gain=632.731 126.774 126.657 28.3894 27.2584 21.1373 12.212 11.7983 11.6835 9.99458 9.81264 8.74014 8.32133 7.66706 7.58942 10.5511 7.84703 20.5991 8.06301 13.3284 9.70464 14.096 12.8216 12.9711 9.77413 9.33407 9.95104 8.97952 8.63967 9.33214
threshold=1.0000000180025095e-35 1.5700000000000001 -0.60499999999999987 -0.80499999999999994 0.58000000000000018 3.0100000000000002 0.30075958901469985 -0.34499999999999992 53.45000000000001 0.1316809465524276 -0.92499999999999993 0.056978421984652729 0.24288907813497981 0.14536770358688478 0.4583447812356059 0.20722186076772939 7.5000000000000009 0.23303167420814483 0.15522595844934678 0.27100988700564976 57.95000000000001 0.83788322219730571 0.14856894625791242 0.12012658227848103 0.066915422885572159 0.21825396825396828 0.10275263951734541 0.07961474244017068 0.038461538461538457 0.089087301587301604
decision_type=2 2 2 2 2 2 8 2 2 10 2 8 10 8 8 8 8 10 10 8 2 8 8 8 8 10 10 10 2 8
left_child=2 4 3 10 6 9 -2 -4 -8 -3 -1 -10 -13 -9 15 -6 17 -16 20 25 21 24 23 -23 -18 26 -20 -27 29 -22
right_child=1 5 7 -5 14 -7 8 13 11 -11 -12 12 -14 -15 16 -17 18 -19 19 -21 28 22 -24 -25 -26 27 -28 -29 -30 -31
leaf_value=-0.048326916006487475 0.0085372472526902849 0.013188242346097452 -0.012494208455941389 -0.02040441095618983 0.013050040294351528 0.02925880784733044 0.012468056913149048 0.0049086865411484826 -0.012421034051315304 0.021470602159969682 -0.031255276887879144 0.00024262699943010271 -0.021109990548823451 -0.0073007089182465946 -0.0013222804386411326 -0.0011486573244765485 -0.0027405099770778374 0.019250974141761482 -0.011660820901875696 0.024009184537681045 -0.020794354985432442 -0.023499415741528196 0.019956662921400112 0.0027776596306023616 0.014835742318883001 -0.012648085693641299 0.010028652171162144 0.0049749567666393275 0.0071084685570389043 0.00061981404787052644
leaf_weight=98.254249583929777 484.15879211947322 1070.0919038616121 1369.8780165191274 968.23746862960979 833.46759105287492 369.46727821417153 177.29329041391611 138.61289737280458 152.08045202679932 552.21484404429793 587.35513781593181 2744.8372133038938 46.399180863052607 1776.8477011593059 193.94200342334807 155.20389561727643 88.032163333147764 326.49903544411063 242.4434547200799 63.458676766604185 61.58425397798419 69.346116617321968 62.942185062915087 145.50468504056334 779.38726799376309 80.105907462537289 67.635009828954935 740.09069301560521 498.79369651898742 292.61559031158686
leaf_count=3134 2760 3713 17538 18726 2808 2026 808 1303 975 2225 16532 14129 241 15631 628 555 324 947 894 195 237 266 197 465 2567 277 209 2315 1651 1010
internal_value=8.00856e-05 0.00713664 -0.014632 -0.0259169 0.00441992 0.0184655 0.00114886 -0.0089511 2.56094e-06 0.0160075 -0.0337018 -0.000748309 -0.000112321 -0.00641717 0.00692816 0.0108211 0.00589141 0.0115844 0.00496318 0.00171187 0.00690552 0.00991276 0.000110461 -0.00570364 0.013052 0.000460004 -0.00692986 0.00325377 0.00286804 -0.00310344
internal_weight=15236.8 10297.6 4939.19 1653.85 8305.82 1991.77 3604.77 3285.34 3120.61 1622.31 685.609 2943.32 2791.24 1915.46 4701.05 988.671 3712.38 520.441 3191.94 1193.73 1998.21 1145.21 277.793 214.851 867.419 1130.28 310.078 820.197 852.994 354.2
internal_count=115286 42422 72864 38392 34458 7964 18913 34472 16153 5938 19666 15345 14370 16934 15545 3363 12182 1575 10607 3890 6717 3819 928 731 2891 3695 1103 2592 2898 1247
is_linear=0
shrinkage=0.05


Tree=24
num_leaves=31
num_cat=0
split_feature=9 9 9 31 9 1 19 9 9 1 8 36 1 10 9 33 19 11 7 1 7 8 3 10 18 32 9 10 10 19
split_gain=575.535 134.758 90.2711 34.2481 25.3631 19.3263 16.6062 15.4658 14.5349 10.0724 9.61783 9.54475 13.7962 10.2901 12.5846 10.1475 9.35958 9.33127 9.17613 9.56562 9.15152 9.51039 10.6575 11.4334 8.44408 8.37893 8.35088 8.15973 7.91566 7.87401
threshold=-0.155 1.3300000000000003 -0.73499999999999988 14.500000000000002 3.0100000000000002 0.37154098758268345 -0.098538198890311554 -0.4549999999999999 -0.91499999999999992 0.39119823007371141 0.13680926916221037 4.5000000000000009 0.79711436871836916 0.09600280308339175 0.66500000000000015 58.350000000000001 -0.029895433014567933 0.12651857286830534 -1.0000000180025095e-35 0.57297950920529817 0.21153846153846154 0.091608391608391626 0.972633895548218 0.13859147681969061 0.19375000000000003 32.500000000000007 0.86499999999999999 0.13678182146038939 0.11113571498868223 0.13207547169811321
decision_type=2 2 2 2 2 8 2 2 2 8 8 2 8 10 2 2 2 10 2 10 2 8 8 8 10 8 2 10 10 2
left_child=2 3 8 11 6 10 -3 -4 -1 -7 17 12 -2 25 15 18 -16 28 19 -15 -11 -22 23 24 -23 -13 -27 -19 -5 -10
right_child=1 4 7 5 -6 9 -8 -9 29 20 -12 13 -14 14 16 -17 -18 27 -20 -21 21 22 -24 -25 -26 26 -28 -29 -30 -31
leaf_value=-0.044690713495196766 0.0042642900874264858 -0.0054511297199753578 -0.015765601791385586 0.017117443348507358 0.028281773580445091 -0.013603196576147556 0.01484460484091941 -0.008522119842999264 -0.02534412758980939 0.0034878903948789581 0.0037675084947756256 -0.022001507883697827 -0.012388583160097187 0.0098439938575750341 0.030060454786588642 -0.011091430804491403 0.0045574021760803668 0.039337329294838172 -0.0057125632388449711 -0.0063606089060211039 0.019932246865462581 -0.017742568902320534 0.017323706476037013 0.016130614283721315 0.0018948446709895429 -0.0047433493782924763 -0.032767600126638922 0.016339163924875496 -0.0014403292226524529 -0.042103041397906271
leaf_weight=130.21569727361202 1030.0373876988888 105.71139727532864 1353.2846890790388 217.94301976263523 354.39597147330642 78.167895745486021 2163.2566902562976 1617.9548876499757 807.72896598465741 3818.1495771240443 180.61525842174888 99.386472873389721 141.45100743882358 298.39333250094205 47.784850239753723 285.10122414678335 145.57663684524596 74.202669657766819 387.66868745908141 131.07440280914307 168.87192859873176 69.166453033685684 166.54123132303357 114.40539539419115 262.50075239315629 510.86060336884111 28.042208360508084 80.311749000102282 78.035591259598732 76.747599910246208
leaf_count=4149 6548 376 21636 724 2026 277 7830 16842 20900 13271 653 809 972 1991 197 2151 704 235 2674 920 590 252 574 395 907 3690 160 263 280 2290
internal_value=6.67183e-05 0.00594764 -0.0162185 0.00286283 0.015842 0.00530251 0.013899 -0.0118212 -0.0290945 0.00419443 0.0135157 -0.00130803 0.00225354 -0.00346552 -0.000905533 -0.0029695 0.0108599 0.017424 -0.000135733 0.00489832 0.00449689 0.00942659 0.00653062 0.00250102 -0.00220038 -0.00866178 -0.00620161 0.0273836 0.0122246 -0.0267983
internal_weight=15023.6 11037.7 3985.93 8414.29 2623.36 5308.91 2268.97 2971.24 1014.69 4677.8 631.108 3105.38 1171.49 1933.89 1295.6 1102.24 193.361 450.493 817.136 429.468 4599.64 781.486 612.614 446.073 331.667 638.289 538.903 154.514 295.979 884.477
internal_count=115286 49469 65817 39237 10232 18421 8206 38478 27339 16266 2155 20816 7520 13296 8637 7736 901 1502 5585 2911 15989 2718 2128 1554 1159 4659 3850 498 1004 23190
is_linear=0
shrinkage=0.05


Tree=25
num_leaves=31
num_cat=0
split_feature=9 9 9 31 9 33 31 10 9 8 8 19 5 11 19 13 33 1 10 2 19 7 8 15 33 39 2 5 13 9
split_gain=510.063 103.277 92.9414 34.3955 25.7518 16.9871 16.3167 11.5649 13.1133 17.6213 12.9234 12.7646 12.2712 14.4187 11.8236 10.9633 10.248 12.0792 14.6553 11.5257 11.4118 11.1238 10.9826 11.8147 10.3355 10.203 10.1122 9.99045 9.96135 9.94494
threshold=-0.11000000000000001 1.5700000000000001 -0.78499999999999992 15.500000000000002 -0.55499999999999983 56.650000000000013 35.500000000000007 0.083385222083852226 0.95500000000000007 0.19803921568627456 0.13536417773705914 0.052631578947368453 0.15637462859685083 0.13331681532870832 -0.12621359223300968 0.2247448979591837 54.150000000000013 0.48982199499641332 0.099970255800118993 -0.024538986978392716 0.025884402358406208 0.015384615384615384 0.068337484433374854 1.0000000180025095e-35 58.45000000000001 9.5000000000000018 -0.026143634836426195 0.1715648392278086 0.12560679611650488 -0.91499999999999992
decision_type=2 2 2 2 2 2 2 8 2 10 10 2 8 8 2 10 2 10 10 2 2 2 10 10 2 2 2 10 10 2
left_child=2 3 29 5 -4 -2 -3 -5 10 14 11 28 -13 -14 -10 -12 -16 18 -18 -20 24 -21 23 -22 25 -19 -6 -7 -9 -1
right_child=1 6 4 7 26 27 -8 8 9 -11 15 12 13 -15 16 -17 17 20 19 21 22 -23 -24 -25 -26 -27 -28 -29 -30 -31
leaf_value=-0.043882237059824962 0.0039621550896514566 0.013082025100159635 -0.017819940542203743 0.011943269135929087 -0.015672303113206984 -0.0013500568307937841 0.023063228104236031 0.010938348087389922 -0.011014497695368679 -0.012259479088333592 -0.0038907182809800427 0.00517430542876696 -0.015696361780545419 0.0063030604907591357 0.027131307048840383 0.017128186413419674 0.033119036800027139 0.012798354574169569 -0.0036053474438638104 0.032797168894549082 -0.01539071552178138 0.0090919191442478727 0.011934398405526372 0.012651829858782992 -0.019651562628441657 -0.0089681108167276296 -0.0068388711507907391 -0.0094225927518344372 -0.00096819426764052174 -0.02847167210406943
leaf_weight=125.71105497516692 1343.274168998003 1313.7301944177598 1095.7346706571989 689.08237543702126 395.28361067804508 1686.840921186842 594.85503062978387 895.53663173317909 68.140929572284222 99.110317215323448 794.80148674547672 515.21472688578069 196.05239086225629 120.11086645722389 85.160000894218683 67.290674086660147 102.5471795797348 122.04252356663346 91.27855508774519 77.191121764481068 83.543892960995436 137.89524295553565 768.77530811727047 68.239762257784605 64.004399761557579 96.336046904325485 1796.2660148511641 495.95792457647622 218.53235738351941 626.06936351268087
leaf_count=4221 8109 4155 20575 2316 4863 11121 3865 3017 238 328 2804 1831 734 425 257 237 298 380 294 213 262 436 2374 209 214 327 19611 3173 748 17868
internal_value=-3.09996e-05 0.00564003 -0.0151884 0.00337367 -0.0115613 -0.000461783 0.0161929 0.00589641 0.00500451 0.00825532 0.0028459 0.00510409 0.000415738 -0.00733875 0.00940719 -0.00225009 0.0102272 0.00933409 0.016758 0.0112816 0.0068105 0.0175994 0.00950773 -0.00278319 -0.0019824 0.00319624 -0.00843213 -0.00318423 0.0086028 -0.0310486
internal_weight=14834.6 10795.5 4039.06 8886.96 3287.28 3526.07 1908.59 5360.89 4671.8 1864.27 2807.54 1945.45 831.378 316.163 1765.15 862.092 1697.01 1611.85 408.912 306.365 1202.94 215.086 920.559 151.784 282.383 218.379 2191.55 2182.8 1114.07 751.78
internal_count=115503 48365 67138 40345 45049 22403 8020 17942 15626 5830 9796 6755 2990 1159 5502 3041 5264 5007 1241 943 3766 649 2845 471 921 707 24474 14294 3765 22089
is_linear=0
shrinkage=0.05


Tree=26
num_leaves=31
num_cat=0
split_feature=9 9 9 31 9 31 14 18 33 32 12 1 4 9 5 14 37 1 19 9 14 19 17 0 0 32 1 5 19 19
split_gain=469.953 88.4196 84.6493 33.597 23.2017 14.5388 12.6171 14.8332 11.2578 11.1294 10.795 9.69015 12.4745 11.7225 14.3705 18.8506 9.94341 9.5982 13.583 9.36655 9.35201 9.04516 8.99217 10.6431 9.25184 12.7577 8.94226 9.76077 11.9554 9.69149
threshold=-0.11000000000000001 1.5700000000000001 -0.78499999999999992 14.500000000000002 -0.55499999999999983 35.500000000000007 0.20729147993826488 0.095454545454545472 55.550000000000004 36.500000000000007 0.13312236286919835 0.88437718126076315 0.22696556720168429 1.0350000000000001 0.10811636315606996 0.15973331558395457 7.5000000000000009 0.46517651248363162 0.030303030303030311 -0.91499999999999992 0.079494581955817503 0.22243186582809235 1.0000000180025095e-35 16.320044667266785 15.387044918275786 56.500000000000007 0.35141034018598466 0.15637462859685083 0.090909090909090953 -0.041695411021275428
decision_type=2 2 2 2 2 2 10 8 2 10 10 10 10 2 8 8 2 8 2 2 10 2 10 10 8 8 8 8 2 2
left_child=2 3 19 8 -4 10 11 -8 9 -2 17 12 16 -14 -15 -16 26 18 -3 -1 -13 -6 23 24 -9 -26 -5 -28 29 -29
right_child=1 5 4 6 21 -7 7 22 -10 -11 -12 20 13 14 15 -17 -18 -19 -20 -21 -22 -23 -24 -25 25 -27 27 28 -30 -31
leaf_value=-0.042816235674929815 -0.0060075763574882549 0.034393864615058223 -0.017230913972915908 0.016304031288544043 -0.0075901304981902716 0.021934422373317275 0.019643519074533558 0.0015544646217165745 -0.0026593409006269077 0.0086759377307355535 0.019674706396422353 -0.016130942914708759 -0.0032846627855744647 -0.002674646688719967 0.031895584294865068 0.0017993635568149023 -0.0082343858541315731 0.0069960970071518917 0.0073331760989651376 -0.027555061657891629 0.0028559930360280419 -0.024299439300468278 0.015094724146932324 0.014437635373550013 -0.024203087911143069 -0.0045935183897855463 0.010038621260732329 -0.001915319921555275 -0.0029558017938456469 0.01054874732289025
leaf_weight=120.37642907327972 176.04296224936843 85.198905769735575 1074.6276559811085 353.935636729002 2077.4466183301993 575.40070388838649 83.759446579962969 221.5111402310431 2286.1348499488086 483.41178195551038 365.16039302013814 81.209429617971182 499.71833851374686 162.96033447235823 106.19190590456128 102.00611687451601 88.271684344857931 746.18566722050309 101.75673056021333 610.16524910426233 322.01319440454245 84.27710198238492 65.383168879896402 67.599801393225789 126.9428052380681 239.29171497002244 2093.1976835522801 202.81904427334666 379.10985561832786 675.02295435592532
leaf_count=4221 1240 260 20575 1194 23332 3865 297 773 15719 2819 1162 306 1946 564 341 343 341 2436 297 17868 1144 1142 228 252 440 867 7194 709 1326 2302
internal_value=7.77859e-07 0.00545464 -0.0146966 0.00335835 -0.0112265 0.0153186 0.00554462 -0.000272242 -0.000999173 0.00475614 0.0123864 0.00646826 0.00711126 0.00171474 0.00844582 0.01715 0.00835052 0.00953436 0.0196652 -0.0300698 -0.000967994 -0.00824156 -0.00258675 -0.00435081 -0.00651178 -0.0113905 0.00874575 0.00794724 0.00446446 0.00766901
internal_weight=14657.1 10690.2 3966.89 8816.53 3236.35 1873.7 5870.94 804.488 2945.59 659.455 1298.3 5066.46 4663.23 870.877 371.158 208.198 3792.36 933.141 186.956 730.542 403.223 2161.72 720.729 655.345 587.746 366.235 3704.09 3350.15 1256.95 877.842
internal_count=115503 48365 67138 40345 45049 8020 20567 2857 19778 4059 4155 17710 16260 3194 1248 684 13066 2993 557 22089 1450 24474 2560 2332 2080 1307 12725 11531 4337 3011
is_linear=0
shrinkage=0.05


Tree=27
num_leaves=31
num_cat=0
split_feature=9 9 9 31 9 31 36 1 5 1 38 13 4 4 14 1 4 6 35 9 10 1 1 16 0 2 9 1 7 0
split_gain=430.342 80.1225 78.16 26.9033 21.0138 15.378 11.7646 10.6755 12.5341 15.4588 12.2018 11.6416 11.515 12.8793 11.0468 13.1043 12.4573 14.1083 12.429 12.6257 10.485 13.4912 17.5126 10.2399 14.6856 12.7473 10.8424 9.9382 9.5701 9.05717
threshold=-0.11000000000000001 1.3150000000000002 -0.78499999999999992 14.500000000000002 -0.55499999999999983 35.500000000000007 5.5000000000000009 0.37154098758268345 0.16595457180075887 0.84997231855422184 1250.0000000000002 0.15105309346204479 0.10850929457208745 0.14897770811563912 0.13004974392903529 0.81061824830708162 0.15389855376231401 0.1579568023833168 15.500000000000002 0.53500000000000003 0.14477529948756238 0.44528400794226564 0.5026006923606986 250.00000000000003 14.524050686597041 0.013073726759180891 0.58000000000000018 0.57640016781853343 0.015384615384615384 15.628372194270399
decision_type=2 2 2 2 2 2 2 8 8 10 2 10 8 10 8 10 10 8 2 2 8 8 10 8 10 2 2 8 2 8
left_child=2 3 -1 27 -4 6 -3 -5 9 10 11 29 -11 -14 16 -16 17 23 -18 -20 21 -8 -23 24 25 -12 -25 -2 -21 -9
right_child=1 5 4 7 -6 -7 20 8 -10 12 14 -13 13 -15 15 -17 18 -19 19 28 -22 22 -24 26 -26 -27 -28 -29 -30 -31
leaf_value=-0.02919182811861731 0.001265385941608525 0.014989218421816764 -0.016636487066129628 0.011187443964699735 -0.0080092732847637186 0.019910930090658047 0.018561932110277856 0.0030035704586159587 0.00094646772144499911 0.0039836661373332171 0.022379131538037944 0.03599207658553321 -0.03134600954988688 -0.0013678843688975696 0.0088020430091245924 0.032809511442251783 -0.025201720195443839 0.023166292801875387 -0.016837217423394162 -0.011326382485815785 0.018651778339283855 -0.019802332215225708 0.0048292486900395606 0.0067605639648877841 -0.0017751456718527023 -0.00060368414982072348 -0.02001173058739103 -0.0047449605967418802 0.010692020462220847 0.018040708031556489
leaf_weight=710.99912114534527 1782.9498667432927 890.48149736970663 1054.0984955141321 607.4553161971271 2136.3626205204055 612.97046824358404 147.9011593349278 167.05969042703509 1842.8148695435375 218.06542783230543 190.836555281654 57.630344152450562 62.426152970641851 84.089475750923157 639.01176788657904 62.390566498041153 59.40608080662787 111.75348945148289 87.898304732516408 66.216033391654491 164.41681618057191 81.780843485146761 613.49754658900201 71.284814726561308 238.94400491937995 88.224950894713402 80.551768954843283 1119.7107129897922 193.74380641058087 249.98367092758417
leaf_count=22089 12097 2869 20575 2117 24474 4156 463 599 6472 737 630 187 238 319 2327 184 236 353 434 258 531 288 2082 292 854 298 270 7587 641 846
internal_value=-4.18724e-06 0.00522414 -0.0142005 0.00280041 -0.0108596 0.0130255 0.0108019 0.00495986 0.0041325 0.00628353 0.00776094 0.0149279 -0.00330005 -0.0141407 0.0059612 0.0109375 0.00302527 0.00671984 -0.00406511 -0.000455468 0.00710133 0.00484904 0.001932 0.00397598 0.00732296 0.0151131 -0.00744257 -0.00105312 0.00508357 0.0120171
internal_weight=14495 10593.5 3901.46 8082.45 3190.46 2511.05 1898.08 5179.79 4572.33 2729.52 2364.94 474.674 364.581 146.516 1890.26 701.402 1188.86 781.596 407.264 347.858 1007.6 843.18 695.278 669.842 518.006 279.062 151.837 2902.66 259.96 417.043
internal_count=115503 48365 67138 37976 45049 10389 6233 18292 16175 9703 8409 1632 1294 557 6777 2511 4266 2697 1569 1333 3364 2833 2370 2344 1782 928 562 19684 899 1445
is_linear=0
shrinkage=0.05


Tree=28
num_leaves=31
num_cat=0
split_feature=9 9 9 31 9 9 19 10 12 33 7 14 12 14 34 0 40 11 12 14 10 9 2 32 2 34 32 11 33 33
split_gain=397.101 71.892 71.8704 26.4773 19.0995 13.5673 14.377 12.1937 10.3388 9.70352 9.27882 9.0507 13.7413 13.7389 10.9031 16.8197 12.4242 10.8263 12.611 10.8355 9.35472 8.86792 8.67933 8.43188 8.3789 8.35279 11.6871 8.12336 7.86932 10.7911
threshold=-0.11000000000000001 1.3150000000000002 -0.78499999999999992 14.500000000000002 -0.55499999999999983 3.0100000000000002 -0.098538198890311554 0.083385222083852226 0.15415884928080054 55.550000000000004 0.046153846153846149 0.21584049833304089 0.0968564845292956 0.22065533020733294 8.5000000000000018 14.57911100601671 inf 0.14281036579661335 0.0739497887148894 0.093783315565031999 0.12099460119899753 -0.91499999999999992 -0.0062351549439706279 36.500000000000007 -0.026143634836426195 24.500000000000004 72.500000000000014 0.10914973617516309 60.150000000000013 58.550000000000004
decision_type=2 2 2 2 2 2 2 8 10 2 2 10 10 10 10 10 8 8 8 10 10 2 2 10 2 8 8 10 2 2
left_child=2 3 21 9 -4 6 10 8 -5 23 -3 14 20 -14 15 16 17 18 -9 22 -13 -1 -20 -2 -6 26 -15 -21 29 -16
right_child=1 5 4 7 24 -7 -8 11 -10 -11 -12 12 13 25 28 -17 -18 -19 19 27 -22 -23 -24 -25 -26 -27 -28 -29 -30 -31
leaf_value=-0.041148089520869915 -0.0052819252809213528 -0.02193726444038932 -0.016095963012810386 0.0092104967143261055 -0.014555631341462334 0.022299782984028894 0.012020147997762699 0.018134981600381198 0.03062931873797229 -0.0026464871990752323 0.0079114699230754953 -0.0026948101012595127 -0.027012702950522518 -0.0081692857157163509 0.0040780172130862012 0.020545827579076664 0.023760574061595239 0.01672617005541558 -0.03175607705810015 0.012005362395106578 0.024377238627188231 -0.025826516666996886 -0.0040784073998472222 0.0076727454757014677 -0.0063390667235576851 -0.017245156854767105 0.015303383990237366 -0.0083286947598268258 0.010562609267160229 -0.0037184830809708982
leaf_weight=112.81689912173897 169.99237542413175 52.102263532578945 1035.4630464892834 606.98282145708799 377.78700290224515 309.24446225911379 2058.3703578822315 65.255244037136436 62.105040121823549 2234.476974979043 52.043318282812834 60.474515754729509 72.029194101691246 118.02458241023123 2281.5048300903291 255.39878436177969 76.266580995172262 99.087793312966824 58.5254279486835 90.964286766946316 67.557835351675749 579.76352047466207 54.890402622520924 481.05583326146007 1736.2425809707493 72.60604303330183 96.297340840101242 106.7643440887332 344.69610491394997 551.00787797756493
leaf_count=4221 1232 207 20575 2212 4863 2032 7954 225 208 15638 196 235 262 415 8260 840 239 333 214 291 241 17868 199 2814 19611 274 342 374 1140 1988
internal_value=1.42408e-05 0.00504791 -0.0137393 0.00275167 -0.0105324 0.0125039 0.0111031 0.00490331 0.0111986 -0.00108139 -0.00702134 0.00396129 -0.00247316 -0.00748921 0.00474774 0.00993706 0.00502642 0.00202153 -0.00184949 -0.00604077 0.0115901 -0.0283223 -0.0183608 0.00429021 -0.00780741 -0.00258812 0.00237726 0.00102591 0.00342942 0.00256137
internal_weight=14339.8 10497.7 3842.07 8025.96 3149.49 2471.76 2162.52 5140.44 669.088 2885.53 104.146 4471.35 486.99 358.957 3984.36 807.153 551.754 475.487 376.4 311.144 128.032 692.58 113.416 651.048 2114.03 286.928 214.322 197.729 3177.21 2832.51
internal_count=115503 48365 67138 37976 45049 10389 8357 18292 2420 19684 403 15872 1769 1293 14103 2715 1875 1636 1303 1078 476 22089 413 4046 24474 1031 757 665 11388 10248
is_linear=0
shrinkage=0.05


Tree=29
num_leaves=31
num_cat=0
split_feature=9 9 9 31 9 9 19 33 9 8 6 31 8 36 8 4 17 4 11 8 38 31 39 36 19 14 6 33 9 6
split_gain=365.734 66.7834 64.4407 25.6424 17.4044 12.1596 10.8826 9.03407 8.29909 8.26474 11.4511 10.7452 11.3535 9.97342 10.1061 8.63993 11.335 9.58717 8.69952 9.73853 11.9108 8.55717 8.18013 7.77715 8.342 7.70116 7.35599 7.2509 10.4484 9.16216
threshold=-0.11000000000000001 -0.78499999999999992 1.3150000000000002 14.500000000000002 -0.55499999999999983 3.0100000000000002 -0.11764705882352937 56.250000000000007 -0.91499999999999992 0.13536417773705914 0.18053048535900526 27.500000000000004 0.11647286821705428 1.5000000000000002 0.047065337763012187 0.13020111957525393 1.0000000180025095e-35 -0.080951374327976236 0.15239089372701067 0.16035714285714289 1750.0000000000002 22.500000000000004 15.500000000000002 4.5000000000000009 0.12527056277056278 0.17686696480594466 0.1192735503987528 56.650000000000013 0.064999999999999974 0.10716143897725584
decision_type=2 2 2 2 2 2 2 2 2 10 10 2 10 2 10 10 8 8 10 10 2 2 2 2 2 10 8 2 2 8
left_child=1 8 3 7 -3 6 -4 -2 -1 11 15 13 25 14 -5 16 17 -11 19 20 -17 -21 -8 -6 -25 -13 -16 29 -29 -15
right_child=2 4 5 9 23 -7 22 -9 -10 10 -12 12 -14 27 26 18 -18 -19 -20 21 -22 -23 -24 24 -26 -27 -28 28 -30 -31
leaf_value=-0.040196119284644699 0.002872126509560001 -0.015543198864640079 -0.0078164330364054839 0.024433771801603887 -0.0042592640688455105 0.021429409810701048 0.012191944045455653 -0.0030754802187025754 -0.02510510819393998 -0.012932450840532789 -0.012854760298082024 0.015530976821854682 0.030958613175223044 0.0026974082046643099 0.012503704334419372 0.0026942826612333789 0.02562834719268451 0.0061067362331317689 -0.016712900332358418 0.019294433611168407 -0.023350845138035571 -0.0025578456461293354 -0.00056862077759408508 -0.0086461352313541885 -0.021004049991787517 -0.00052049853833073892 -0.0047701775138958846 -0.01693786651458859 0.0030211984298369726 0.012518878244848729
leaf_weight=108.54342081327923 959.21075290162116 1019.0770434164442 76.759673662483692 122.34752592816949 958.38708150759339 299.34515534713864 1922.2564687374979 1909.3957831189036 567.00256049237214 73.187102623283863 125.50251849368215 204.50484285131097 77.698858965188265 470.46523457579315 205.81747429817915 115.62925156019628 67.653022024780512 684.75611539185047 87.704999182373285 96.142704971134663 70.757789928466082 83.890553589910269 134.37076340988278 973.72745580016635 158.83423267025501 117.75040808320045 87.975173812359571 67.964065045118332 1862.0644013360143 479.44794397614896
leaf_count=4221 6133 20575 313 408 10367 2032 7567 13551 17868 277 454 563 212 1760 733 431 238 2338 323 368 278 260 477 11914 2193 316 340 399 6874 1720
internal_value=2.68792e-05 -0.0132806 0.00486955 0.00269534 -0.0101854 0.0119925 0.0106683 -0.00108671 -0.0275299 0.00482211 0.00155818 0.00606305 0.0138024 0.00512394 0.0123594 0.00297165 0.00601865 0.00426831 -0.00256775 0.000817978 -0.00719318 0.00911187 0.0113582 -0.00757415 -0.0103793 0.00966585 0.0073311 0.00407845 0.00231836 0.00765458
internal_weight=14188.2 3785.57 10402.6 7969.87 3110.03 2432.73 2133.39 2868.61 675.546 5101.26 1405.22 3696.04 399.954 3296.08 416.14 1279.72 825.596 757.943 454.125 366.42 186.387 180.033 2056.63 2090.95 1132.56 322.255 293.793 2879.94 1930.03 949.913
internal_count=115503 67138 48365 37976 45049 10389 8357 19684 22089 18292 4967 13325 1091 12234 1481 4513 2853 2615 1660 1337 709 628 8044 24474 14107 879 1073 10753 7273 3480
is_linear=0
shrinkage=0.05


Tree=30
num_leaves=31
num_cat=0
split_feature=31 31 31 31 31 1 34 7 1 12 31 32 1 6 19 31 10 11 17 0 16 32 0 11 13 3 1 6 14 19
split_gain=333.217 81.4177 35.1944 18.5875 13.5545 13.1846 10.8648 11.5877 13.4614 12.1722 10.727 10.1765 9.94118 9.30265 9.03684 8.63482 8.5676 13.2828 11.8861 11.7682 9.63181 8.38206 8.25091 7.77785 8.13653 7.55423 7.37184 7.31923 6.99816 7.15507
threshold=11.500000000000002 3.5000000000000004 21.500000000000004 1.5000000000000002 7.5000000000000009 0.92907505800718992 7.5000000000000009 -0.030769230769230757 0.70761629976822371 0.11526806526806528 38.500000000000007 31.500000000000004 0.2950406141761534 0.073829850123448212 -0.16635220125786157 16.500000000000004 0.18052168021680218 0.14292178409825471 1.0000000180025095e-35 14.406800017910692 -349.99999999999994 54.500000000000007 14.791276397999541 0.1360274582734263 0.095413165266106451 0.095830716180940356 0.54898206494148316 0.10963769162652533 0.054699373100303962 0.18080138428502937
decision_type=2 2 2 2 2 10 8 2 10 10 2 10 8 10 2 2 8 8 10 10 8 10 10 10 10 10 8 8 10 2
left_child=1 3 5 -1 12 6 11 8 9 13 14 -2 -3 -8 -4 28 17 18 20 27 -16 -10 -11 24 -15 -5 -6 -19 29 -9
right_child=2 4 10 25 26 -7 7 15 21 22 -12 -13 -14 23 16 -17 -18 19 -20 -21 -22 -23 -24 -25 -26 -27 -28 -29 -30 -31
leaf_value=-0.030695683808164311 -0.0083274951435093267 -0.0049259272623317623 -0.0097342279569307896 -0.028476743826925069 -0.0015840150000233696 -0.014429403751685345 0.021852579769034798 -0.0050797547362627917 -0.015681039682652109 0.029533108735997422 0.015635124578094604 0.010538154355836916 -0.012961638174371315 0.0035727288344456071 0.016275105245852493 0.0036190769236884943 -0.005172362710955016 0.011924824748925367 0.017978164895921515 0.0089921005056967217 0.0050066024307329378 0.0076696118149558457 0.0070993571883707085 0.01768588244937656 -0.01770879693433304 -0.015454414947372564 -0.0078712113068318181 0.027531365517694563 4.8749803785034642e-05 -0.026984696057069654
leaf_weight=397.88724044570699 79.519760079681873 588.61051920009777 69.828502155840397 132.64334133127704 1177.9770751614124 108.03050015121698 80.180423161014915 250.5017294511199 85.820909813046455 122.10759654641151 543.90619636885822 707.1497788336128 1112.0091917319223 208.05372330546379 209.30646133795381 1747.3818016983569 111.59897635877132 117.21305418387055 231.13462268747389 381.07242625579238 2017.5939567759633 69.599986094981432 61.69431272521615 70.279078101739287 57.277897272258997 694.26154116541147 771.6396595062688 209.22964109666646 1602.5447388980538 43.79733363352716
leaf_count=15679 403 8513 226 3434 9597 598 345 1490 403 482 3770 2930 15765 982 674 6563 368 377 737 1268 6606 293 277 302 263 16549 6726 662 8979 262
internal_value=-9.54913e-05 -0.010661 0.00551236 -0.021816 -0.00691807 0.00285894 0.00321909 0.00225131 0.00788905 0.0112882 0.00912261 0.00863114 -0.0101804 0.00655159 0.00806428 0.00108327 0.00844352 0.00892354 0.00718588 0.0149605 0.00606573 -0.00522424 0.0220031 0.00289605 -0.00102138 -0.0175433 -0.00407243 0.0219277 -0.00125272 -0.00833963
internal_weight=14059.9 4875.03 9184.82 1224.79 3650.24 5293.94 5185.91 4399.24 755.014 599.593 3890.88 786.67 1700.62 415.791 3346.98 3644.23 3277.15 3165.55 2458.04 707.515 2226.9 155.421 183.802 335.611 265.332 826.905 1949.62 326.443 1896.84 294.299
internal_count=115523 76263 39260 35662 40601 24572 23974 20641 3347 2651 14688 3333 24278 1892 10918 17294 10692 10324 8017 2307 7280 696 759 1547 1245 19983 16323 1039 10731 1752
is_linear=0
shrinkage=0.05


Tree=31
num_leaves=31
num_cat=0
split_feature=31 31 31 31 34 1 12 11 31 33 1 7 5 1 18 5 3 1 4 1 16 34 33 31 7 3 33 10 11 16
split_gain=305.631 76.3053 31.1711 23.3431 12.0902 11.2043 11.6107 10.1404 9.76165 8.67025 9.53778 8.93669 14.5777 11.2441 8.68645 13.9214 8.61959 7.21859 7.09875 7.08389 7.8923 6.69363 6.66896 7.32681 6.45467 8.28578 6.26928 7.14778 6.94846 10.5292
threshold=11.500000000000002 4.5000000000000009 20.500000000000004 1.5000000000000002 7.5000000000000009 0.54553948042440592 0.045715778474399171 0.15556875164951176 39.500000000000007 54.550000000000004 0.62044141369906602 -0.061538461538461535 0.079508001858635644 0.36798821771296353 0.11437908496732027 0.076359064629298548 0.095830716180940356 0.92907505800718992 0.15141307850747529 0.85000809450353831 -149.99999999999997 20.500000000000004 56.45000000000001 8.5000000000000018 -0.18076923076923077 0.88212926646513989 61.550000000000004 0.058881312839477645 0.14377339604272651 1.0000000180025095e-35
decision_type=2 2 2 2 8 8 8 8 2 2 8 2 8 10 10 10 8 10 8 10 10 10 2 2 2 10 2 8 8 8
left_child=1 3 4 -1 7 6 -3 -2 26 10 14 12 -11 -14 -6 -16 -5 19 -10 -13 -21 -12 -8 -24 25 -15 27 -4 -29 -30
right_child=2 5 8 16 9 -7 22 -9 18 11 21 17 13 24 15 -17 -18 -19 -20 20 -22 -23 23 -25 -26 -27 -28 28 29 -31
leaf_value=-0.029892315172245627 0.0065751879860928043 -0.031547975015383083 0.020724863487269745 -0.029442259924278753 -0.0022351241690709662 -0.0097513146245026099 0.00053250232871906924 0.027041451387892254 0.0066251975470318514 0.028583357255839242 -0.0068195791154256951 -0.00036261914640221295 0.017663848529845358 0.0026912174812375781 0.03920870980501126 0.0094788779825092997 -0.014495749463184339 -0.015367026695848985 0.019395524343564865 0.027121907242603955 0.0037172103001809967 0.01387154350994348 -0.0088084897782313414 -0.0010416092837742573 0.0045166792136232597 -0.027261439244181465 0.021169383266821717 0.0056494296586197795 0.0056255270456652753 0.016704896722709608
leaf_weight=388.657231467776 667.82514302060008 36.554444303736091 95.622435171157122 105.71400430239737 52.306164730340242 1174.9539583511651 771.59655678085983 66.554127924144268 164.67280101031065 69.959927521646023 120.09330408275127 3034.3355614617467 94.787337614223361 44.149393543601036 64.810068428516388 100.34038949012756 1101.9129184507765 75.939165720716119 320.85741868428886 47.848835378885269 145.69582238420844 57.947457749396563 690.86567626614124 541.74268526770175 122.67506044730544 48.401431258767843 82.476386494934559 2754.922541372478 459.6866470053792 401.94421554356813
leaf_count=15679 2944 431 316 2732 270 12276 7713 261 1096 308 533 15038 390 214 247 432 24457 449 2433 219 716 258 8720 4255 554 245 264 9175 1585 1313
internal_value=-0.000107604 -0.0102978 0.00528451 -0.0192343 0.00252415 -0.00586167 -0.00362223 0.00842997 0.00838891 0.00146095 0.00849603 0.000705651 0.00796742 0.00331507 0.0155218 0.0211458 -0.0158041 -0.000129527 0.0150643 0.000228951 0.00950341 -8.51777e-05 -0.0031129 -0.00539487 -0.00300425 -0.0129732 0.00753479 0.00723186 0.0068751 0.010794
internal_weight=13905.8 4812 9093.85 1596.28 4813.67 3215.71 2040.76 734.379 4280.18 4079.29 395.497 3683.79 379.973 310.013 217.457 165.15 1207.63 3303.82 485.53 3227.88 193.545 178.041 2004.2 1232.61 215.226 92.5508 3794.65 3712.18 3616.55 861.631
internal_count=115523 76263 39260 42868 23078 33395 21119 3205 16182 19873 1740 18133 1711 1403 949 679 27189 16422 3529 15973 935 791 20688 12975 1013 459 12653 12389 12073 2898
is_linear=0
shrinkage=0.05


Tree=32
num_leaves=31
num_cat=0
split_feature=31 31 31 39 31 31 39 1 1 31 35 33 0 12 32 31 6 12 3 31 14 33 33 6 6 12 6 31 34 11
split_gain=281.647 69.3686 39.1911 11.1293 11.1009 9.80381 11.7232 9.32179 9.07472 9.04668 8.41258 8.49876 11.1115 10.2376 9.02542 10.7498 8.64173 13.3177 8.16093 8.44244 8.1114 9.04687 9.48915 11.6444 8.00675 7.98135 12.3064 11.2501 7.59999 13.7971
threshold=7.5000000000000009 16.500000000000004 1.5000000000000002 11.500000000000002 4.5000000000000009 38.500000000000007 4.5000000000000009 0.41753702312529334 0.37154098758268345 11.500000000000002 13.500000000000002 56.750000000000007 16.640614724040805 0.062718531468531485 43.500000000000007 22.500000000000004 0.10816042431121055 0.14337101747173692 0.90997320306675233 26.500000000000004 0.054097090721294552 55.350000000000001 61.45000000000001 0.096792563744580798 0.11734907709940641 0.077221228384019097 0.10860192122246125 22.500000000000004 23.500000000000004 0.1105594125149567
decision_type=2 2 2 2 2 2 2 8 8 2 2 2 8 8 8 2 8 8 10 2 10 2 2 8 10 10 10 2 8 8
left_child=2 9 -1 5 -4 8 -7 -6 -3 -2 -10 12 16 -13 -14 -16 17 -12 19 -17 -11 -22 -23 -24 -18 26 28 -28 29 -15
right_child=1 3 4 -5 7 6 -8 -9 10 20 11 13 14 25 15 18 24 -19 -20 -21 21 22 23 -25 -26 -27 27 -29 -30 -31
leaf_value=-0.029076689675966928 -0.0037293743482279861 0.011986676571846299 -0.015299076038068302 0.011411497616929722 -0.0044870482770531777 -0.016752227466582482 0.014983049071331939 -0.013046003057793224 -0.0089559881176887162 -0.0054986316973719583 0.011279147648788854 -0.010649349773860547 0.013659916932468666 -0.0049748478373977459 -0.011286945964616595 0.026075890440103014 0.031600602561726712 -0.013651626108819245 -0.006476160359325623 0.0016372065134844316 0.0088417980855367475 -0.00032165392208907207 0.033180899891944705 -9.6803171051457179e-05 0.013728386910930007 0.0029426153824038655 0.0065116172099497467 0.033391584510948639 -0.010734456560578136 0.026215614203634965
leaf_weight=379.90268908394501 1902.0520023321733 454.6923013292253 1188.8554713889025 1154.5055403988808 664.84070310648531 31.17625174485147 437.07352193258703 610.01669069845229 112.22193936631083 437.37780601903796 263.25851083919406 124.2150425426662 138.77076938375831 76.173512130975723 156.84267539158463 66.450757417827845 76.942474707961082 67.251225423067808 85.485064342617989 75.478974897414446 392.73652205988765 1832.3438171520829 48.291178066283464 57.692839765921235 337.76797749847174 2306.1262597162277 70.109519448131323 87.516247935593128 68.383652366697788 66.328818082809448
leaf_count=15679 16323 1509 27189 4191 8769 123 3245 8303 378 2566 915 485 456 258 638 187 255 234 277 254 1992 10418 221 293 1153 8227 271 268 241 205
internal_value=-0.00011131 0.00353641 -0.0141285 0.00697834 -0.0118236 0.00597524 0.0128701 -0.00858249 0.00527854 -0.00107453 0.00454872 0.00492135 0.00831677 0.00338278 0.00273034 -0.00121677 0.0122376 0.0062063 0.0057284 0.0130793 0.000749482 0.00192182 0.000519716 0.015066 0.0170443 0.00403446 0.0108671 0.0214358 0.00296766 0.009543
internal_weight=13770.9 10927.3 2843.62 6256.77 2463.71 5102.27 468.25 1274.86 4634.02 4670.49 4179.32 4067.1 1268.25 2798.85 523.028 384.257 745.22 330.51 227.415 141.93 2768.44 2331.06 1938.33 105.984 414.71 2674.64 368.512 157.626 210.886 142.502
internal_count=115523 55583 59940 23770 44261 19579 3368 17072 16211 31813 14702 14324 4369 9955 1812 1356 2557 1149 718 441 15490 12924 10932 514 1408 9470 1243 539 704 463
is_linear=0
shrinkage=0.05


Tree=33
num_leaves=31
num_cat=0
split_feature=9 9 9 9 31 10 4 9 5 32 0 5 1 9 10 1 16 1 6 12 16 10 12 4 36 6 31 9 9 5
split_gain=277.313 63.5879 48.8211 13.0708 11.7186 10.2455 9.53796 9.39907 13.5426 12.0646 12.8927 10.8359 11.144 8.33487 8.2034 13.6398 8.02575 8.00875 10.4542 12.166 14.1377 11.8843 10.7545 9.42968 8.89092 8.48554 12.7865 9.16727 11.233 13.0642
threshold=1.0000000180025095e-35 -0.73499999999999988 1.3300000000000003 -0.44499999999999995 14.500000000000002 0.18052168021680218 0.011560693641618505 2.4250000000000003 0.16970693084810956 48.500000000000007 13.940690922292589 0.10959328215785234 0.47514794089175144 -0.84499999999999986 0.1653299803623953 0.80622389773624492 -449.99999999999994 0.66851133087767356 0.10816042431121055 0.11437177280550775 250.00000000000003 0.14477529948756238 0.078192934782608706 0.42869852567361472 1.5000000000000002 0.10513593489380225 29.500000000000004 1.1650000000000003 0.435 0.19918665586616194
decision_type=2 2 2 2 2 8 10 2 8 8 10 10 8 2 10 8 10 8 10 8 10 10 10 10 2 10 2 2 2 8
left_child=1 13 4 -3 -2 14 -7 8 11 10 -10 12 -4 -1 17 -16 -14 23 21 22 -21 24 -20 25 -19 27 -27 28 -6 -30
right_child=2 3 7 -5 5 6 -8 -9 9 -11 -12 -13 16 -15 15 -17 -18 18 19 20 -22 -23 -24 -25 -26 26 -28 -29 29 -31
leaf_value=-0.028213968499428949 -0.0004168555663873256 -0.011798521651897516 0.022496758635052863 -0.0053781253837073386 0.0011385362405280574 0.005614278375506666 -0.020107983159725857 0.016510419961077889 -0.016316394309317143 0.0082652196150837919 0.0077705311748776183 0.018159459087287701 0.02177642054368932 -0.018153231363538559 0.0039034284781349349 0.03300565493850148 0.0015026186212098868 0.013125029024413535 0.012753787583307894 0.0051690272738656225 0.0226978419683431 -0.018741618416870689 -0.0081162744794461093 -0.0096832267866102176 -0.0023684453833945867 0.0049145009065367099 -0.016127283326696471 -0.0043485951717219919 0.011117231960518368 0.0292699135787651
leaf_weight=410.97408837405965 2187.341747042723 1242.645377157256 104.07587262243032 2189.4007697468624 231.73045717179775 63.359309751540422 83.581084161996841 577.73910327628255 125.88275568373501 496.1860032286495 99.439319930970669 495.67287017777562 56.376765148714185 412.48241358506493 103.84223999083042 65.758037950843573 363.95179007202387 106.65914557874203 80.689383674412966 741.10708557441831 136.16564184240997 98.242167800664902 262.68011644296348 92.903243770822883 702.23772418126464 1080.8155566547066 77.366261627525091 108.39242110028863 739.02983073703945 114.4675857834518
leaf_count=15947 14396 22593 341 22994 1021 219 315 3546 504 2107 378 1870 195 11430 364 223 1390 387 294 2615 471 360 988 372 2627 4065 222 390 2533 366
internal_value=-0.000107493 -0.0106966 0.00468852 -0.00770277 0.00262512 0.00398609 -0.00901679 0.0109841 0.00915081 0.00390824 -0.00568633 0.0128589 0.00784878 -0.0231744 0.004389 0.015187 0.00422185 0.00398849 0.00174551 0.00476682 0.00788976 -0.00231996 -0.00321196 0.0059407 -0.000325514 0.00655789 0.00350891 0.00951634 0.0109012 0.0135518
internal_weight=13651.2 4255.5 9395.69 3432.05 7076.37 4889.03 146.94 2319.32 1741.59 721.508 225.322 1020.08 524.404 823.457 4742.09 169.6 420.329 4572.49 2127.78 1220.64 877.273 907.139 343.37 2444.71 808.897 2351.8 1158.18 1193.62 1085.23 853.497
internal_count=115523 72964 42559 45587 32228 17832 534 10331 6785 2989 882 3796 1926 27377 17298 587 1585 16711 7742 4368 3086 3374 1282 8969 3014 8597 4287 4310 3920 2899
is_linear=0
shrinkage=0.05


Tree=34
num_leaves=31
num_cat=0
split_feature=9 9 9 9 12 33 8 12 33 2 9 9 12 2 2 6 6 9 14 14 6 4 9 13 33 33 14 36 7 14
split_gain=256.33 59.3445 43.9129 11.9502 9.58952 9.14771 15.6778 13.2699 9.12942 8.40457 11.2715 8.23305 9.39846 9.34177 11.7839 8.49608 9.29758 8.15427 7.89824 11.5314 8.87734 8.0933 11.9158 8.11209 8.93366 7.5751 8.3022 7.2899 10.2161 8.01624
threshold=1.0000000180025095e-35 -0.73499999999999988 1.3150000000000002 -0.44499999999999995 0.047847985347985351 61.150000000000013 0.097167584579071611 0.11782974059188894 55.45000000000001 -0.01643578996052571 0.51000000000000012 2.4250000000000003 0.068278943278943294 -0.050060085250686559 0.011910341604267124 0.12719727400693517 0.097147642976788726 -0.94499999999999995 0.054097090721294552 0.070554161455821579 0.040778533635676496 0.39289039638201645 0.89500000000000013 0.057307060755336627 59.95000000000001 59.95000000000001 0.1500382848392037 3.5000000000000004 0.21153846153846154 0.071464537476622084
decision_type=2 2 2 2 8 2 10 10 2 2 2 2 8 2 2 8 10 2 8 8 10 10 2 8 2 2 10 2 2 10
left_child=1 17 4 -3 -2 9 -7 -8 -5 10 -6 12 -4 -14 25 16 -16 -1 -11 -20 -21 23 -23 -22 -25 27 -27 29 -29 -15
right_child=2 3 11 8 5 6 7 -9 -10 18 -12 -13 13 14 15 -17 -18 -19 19 20 21 22 -24 24 -26 26 -28 28 -30 -31
leaf_value=-0.045145314807629289 -0.013209151341336997 -0.011388168261062414 -0.0027273535757693064 0.00075083093717366785 -0.0046560003569233975 -0.0044117019088774174 0.037850636063722659 0.01020084083420816 -0.0069782260760303779 -0.006311377835040554 0.0025488796130600719 0.015756023515031893 0.019509837120485318 -0.0030983553689587044 0.021923811172890408 0.030638829219827454 -0.0044677725363112672 -0.021407865632834006 0.013637784300586611 0.022227786686580001 0.022964006602542199 -0.029846315122906392 0.0072787638019240417 0.0027511124675719113 0.017189304857268897 0.0074222250374772203 -0.021589786100393117 0.0064388927266410467 -0.01604675558690449 0.017115216886463031
leaf_weight=37.963294925400987 95.102781557478011 1227.8534328311216 160.26367954537272 494.89005216676742 836.89903098531067 101.79040381684899 66.810268834233284 123.80590779148042 1675.7515468131751 187.30245106853545 1544.9151740223169 565.07697669696063 221.17313463613391 59.4059565551579 80.186805255711079 91.008770734071732 57.16051897034049 769.76631430722773 299.19342265836895 61.835683757439256 52.6815485060215 44.917155774310231 41.659767135977745 3452.7375662941486 110.56898713856936 49.958214964717627 48.694439213722944 637.59406333230436 54.860622910782695 281.3178395088762
leaf_count=2132 530 22593 607 5119 5482 469 250 486 17875 1020 5926 3546 858 254 296 351 231 25245 1370 242 221 263 155 15314 420 208 238 2469 237 1116
internal_value=-9.44547e-05 -0.0103414 0.00452666 -0.007446 0.00256006 0.00277662 0.0114316 0.019892 -0.00521606 0.00239506 1.7298e-05 0.0105118 0.00881034 0.00997963 0.00842997 0.0187909 0.0109403 -0.0225235 0.00372734 0.00419005 0.00343915 0.00312537 -0.0119822 0.00348708 0.00319913 0.00633957 -0.00689795 0.00760355 0.00465744 0.0135909
internal_weight=13533.1 4206.22 9326.92 3398.5 7020.22 6925.12 292.407 190.616 2170.64 6632.71 2381.81 2306.7 1741.62 1581.36 1360.19 228.356 137.347 807.73 4250.9 4063.59 3764.4 3702.57 86.5769 3615.99 3563.31 1131.83 98.6527 1033.18 692.455 340.724
internal_count=115523 72964 42559 45587 32148 31618 1205 736 22994 30413 11408 10411 6865 6258 5400 878 527 27377 19005 17985 16615 16373 418 15955 15734 4522 446 4076 2706 1370
is_linear=0
shrinkage=0.05


Tree=35
num_leaves=31
num_cat=0
split_feature=9 9 31 9 0 6 34 34 34 1 31 31 6 6 6 9 19 34 39 13 1 6 16 9 1 18 6 13 14 9
split_gain=232.961 46.7002 42.8937 17.7676 10.2674 10.4346 9.40733 9.38653 8.8541 8.17291 11.7497 13.5756 10.1144 8.61019 9.87165 8.92071 9.71527 12.3052 11.2872 9.52076 10.5352 13.1666 11.8216 11.0697 9.16992 14.2829 9.2885 10.8752 8.22231 7.94598
threshold=-0.155 -0.78499999999999992 15.500000000000002 2.7900000000000005 13.580306791740169 0.1890452247347075 40.500000000000007 6.5000000000000009 47.500000000000007 0.44528400794226564 23.500000000000004 21.500000000000004 0.099017937508036544 0.12719727400693517 0.12507110352673495 0.60500000000000009 0.20680023116933152 19.500000000000004 10.500000000000002 0.16744548286604363 0.66851133087767356 0.075871413886552677 250.00000000000003 0.35500000000000004 0.63142908807715059 0.12916666666666668 0.092241966108981485 0.12018518518518519 0.14063840051457979 1.1850000000000003
decision_type=2 2 2 2 8 10 8 8 8 8 2 2 10 8 10 2 2 8 2 10 10 10 10 2 10 10 10 8 8 2
left_child=1 -1 7 4 -4 9 -3 -2 -7 10 11 12 -6 14 15 19 18 -18 -17 20 22 -22 -11 -23 29 -26 -27 -28 -25 -20
right_child=2 6 3 -5 5 8 -8 -9 -10 13 -12 -13 -14 -15 -16 16 17 -19 24 -21 21 23 -24 28 25 26 27 -29 -30 -31
leaf_value=-0.024060602297311582 0.011102298276279869 -0.00737298498587454 -0.0045948280891352613 0.017170170160415773 0.016571622736560276 -0.0077685911337511378 -0.01538874463423409 -0.0012759669924236096 0.01484684969128061 0.0084131181725447517 0.019243492222066554 -0.0098675126722557079 0.0034021368728434707 0.008484483727222351 -0.015722017509342861 0.0071400691831443267 0.017173800008992778 -0.0035326804838455282 0.015988652225139129 0.015744979821835547 0.012739735971600809 -0.0023522246237798459 -0.017637786726588594 -0.035193769563909724 -0.025468513972580792 0.0091234669062863396 -0.026297569518851423 0.0035169859086755136 -0.011184682839349413 -0.00071541047645230608
leaf_weight=594.51069207757246 160.68911667913198 2348.6377583148424 238.20200295373797 349.52792541123927 293.53011786565185 226.16604009270668 433.60682306298986 3265.6458580577746 53.520233813673258 257.29142057150602 281.46915772929788 100.49053768441081 289.67731457203627 1677.4181698244065 61.955816294997931 1260.4966775290668 335.78338985145092 91.245952319353819 108.19048490747809 80.170822851359844 57.260947100818157 117.05239404179156 52.420667942613363 70.788072764873505 78.928160194307566 117.13690040260553 57.945822939276695 64.777395457029343 71.860437348484993 208.195656247437
leaf_count=22070 1030 36166 894 2521 1044 897 7592 22580 182 1086 947 358 1092 6430 242 4564 1123 357 395 357 244 548 223 283 313 406 230 228 275 758
internal_value=1.86584e-05 -0.0113403 0.00384365 0.00619955 0.00558622 0.00598949 -0.00862222 -0.000695448 -0.00344094 0.00644947 0.0106455 0.00710577 0.0100304 0.00560025 0.00403529 0.00443934 0.00593608 0.0127493 0.00440129 -0.000478964 -0.0025545 -0.00896284 0.00400384 -0.013748 -0.00103377 -0.00701877 -0.000947713 -0.0105605 -0.023099 0.00499666
internal_weight=13404.6 3376.76 10027.8 6601.5 6251.97 6013.77 2782.24 3426.33 279.686 5734.09 965.167 683.698 583.207 4768.92 3091.5 3029.55 2322.7 427.029 1895.67 706.845 626.674 316.962 309.712 259.701 635.174 318.788 239.86 122.723 142.649 316.386
internal_count=115435 65828 49607 25997 23476 22582 43758 23610 1079 21503 3441 2494 2136 18062 11632 11390 8374 1480 6894 3016 2659 1350 1309 1106 2330 1177 864 458 558 1153
is_linear=0
shrinkage=0.05


Tree=36
num_leaves=31
num_cat=0
split_feature=31 31 31 1 31 31 6 12 6 0 6 6 13 1 2 10 4 12 5 2 32 2 3 34 2 4 12 5 0 7
split_gain=209.184 55.8092 21.4584 11.1852 10.7832 10.0687 9.53376 9.48868 8.95746 8.93771 8.81427 9.37692 8.47097 7.73085 7.66801 6.84466 9.80514 7.03955 6.67065 7.55175 10.0513 7.54297 6.66558 6.52209 7.11185 6.44236 6.43186 6.26598 10.1224 8.0812
threshold=11.500000000000002 3.5000000000000004 15.500000000000002 0.54553948042440592 1.5000000000000002 25.500000000000004 0.092569639344361312 0.045715778474399171 0.093340486409155946 13.602438893913815 0.1890452247347075 0.20020449897750514 0.2573593073593074 0.17703259991037554 -0.008845709330709715 0.15386865913489675 -0.027567626252814267 0.16291708796764412 0.15170386361335 0.020983155183569014 50.500000000000007 0.013073726759180891 0.18651474371438284 7.5000000000000009 -0.03663847844974804 -0.11090313154741471 0.18786764705882356 0.21444948970766306 16.421110283676313 0.038461538461538457
decision_type=2 2 2 8 2 2 8 8 8 8 10 10 8 8 2 10 8 8 8 2 10 2 10 8 2 8 10 10 8 2
left_child=1 4 13 7 -1 10 -5 -3 -8 -7 27 -12 -11 -2 -9 18 -17 -18 23 21 -21 -20 -16 24 -15 -10 -24 -4 -29 -30
right_child=2 3 5 6 -6 9 8 14 25 12 11 -13 -14 15 22 16 17 -19 19 20 -22 -23 26 -25 -26 -27 -28 28 29 -31
leaf_value=-0.025660114910322464 0.014733503542462546 -0.02790331601111053 0.0056961112276074644 -0.015922313049422508 -0.015061764230143935 -0.0084627248559683097 0.028068034983132002 -0.0064232844608739072 -0.017479131201360409 0.0082442014309752655 -0.023262584587772691 0.0023920777124081406 0.018874593419953716 0.024048383320503318 -0.01370648155220364 0.030581030073399431 0.0093491636673539609 -0.015747191151952 -0.0058138093651894044 0.028615553407589131 -0.0089525343510057885 -0.028723543808756004 -4.0321643702753517e-05 -0.00086335427377026784 0.0035073636332045573 -0.0052437836761909471 0.023890525579872146 0.0068811293652140176 -0.019519994899418691 -0.00057562680574754614
leaf_weight=350.99259505269583 88.317278176546097 38.904323760420084 3644.2050682529807 382.35316888429224 758.95245346031152 73.657028250396252 18.449385916814208 935.42008946277201 127.61950825713575 1993.557105185464 57.202544905245304 94.392415709793568 206.84652156196535 55.403817301616073 88.191872126422822 40.446452161297202 105.64590413495898 37.990526147186756 525.28394570015371 35.736040666699409 35.48188753426075 38.56669762916863 1144.900006193202 1030.7344672959298 175.99497472681105 685.32301779370755 28.783515475690365 240.77285506203771 89.558620203286409 151.55473467335105
leaf_count=15700 525 544 13684 4566 20021 316 159 11273 1689 8773 235 351 916 287 1163 209 622 254 3256 182 234 245 13207 6265 969 7621 288 890 361 630
internal_value=1.71294e-05 -0.00866106 0.00455445 -0.00552351 -0.0184132 0.00598167 -0.00938786 -0.00342605 -0.0063827 0.00866999 0.00455253 -0.0072884 0.0092435 0.000244568 -0.00299267 -0.000370255 0.00883488 0.00271141 -0.00126342 -0.00544306 0.00989854 -0.00738081 -0.000449578 0.000839659 0.0084255 -0.00716455 0.000546561 0.00498757 -0.000370697 -0.00761228
internal_weight=13281.2 4559.89 8721.35 3449.94 1109.95 6551.75 1213.75 2236.2 831.392 2274.06 4277.69 151.595 2200.4 2169.6 2197.3 2081.28 184.083 143.636 1897.2 635.069 71.2179 563.851 1261.88 1262.13 231.399 812.943 1173.68 4126.09 481.886 241.113
internal_count=115435 76231 39204 40510 35721 26156 14035 26475 9469 10005 16151 586 9689 13048 25931 12523 1085 876 11438 3917 416 3501 14658 7521 1256 9310 13495 15565 1881 991
is_linear=0
shrinkage=0.05


Tree=37
num_leaves=31
num_cat=0
split_feature=9 9 31 9 9 34 11 1 5 14 4 33 33 1 6 0 19 4 5 5 34 9 1 33 4 11 10 1 1 4
split_gain=203.639 51.2701 23.946 13.8627 8.26547 8.35749 8.20167 10.6142 9.17587 7.30615 9.16085 7.2921 7.68523 7.995 11.4116 12.4841 10.5103 9.52762 7.71859 9.62236 20.7611 12.5113 14.8665 11.2881 10.5012 8.71816 9.45037 8.61182 10.5126 13.3163
threshold=0.029999999999999954 -0.73499999999999988 15.500000000000002 2.7900000000000005 -0.26499999999999996 40.500000000000007 0.11709231316514987 0.80091355108419959 0.20441800663010815 0.055496327884387596 -0.091801903439497831 54.750000000000007 62.050000000000004 0.43494228769395921 0.16420098918895262 16.122781183628348 -0.096571727006509581 0.032648619839665986 0.16878551973643249 0.10897859296141992 9.5000000000000018 1.5100000000000002 0.53426188558700372 55.550000000000004 0.059529815962712063 0.078977070215041009 0.083385222083852226 0.74388545329144873 0.65784615166545957 0.19782705994029096
decision_type=2 2 2 2 2 10 10 10 8 10 10 2 2 8 10 10 2 10 10 8 8 2 10 2 10 8 8 10 10 10
left_child=1 -1 6 11 5 -3 -2 8 9 10 -8 -4 13 14 15 -13 17 -15 19 -18 -21 22 -22 -24 -23 -20 -27 28 -28 -30
right_child=2 4 3 -5 -6 -7 7 -9 -10 -11 -12 12 -14 16 -16 -17 18 -19 25 20 21 24 23 -25 -26 26 27 -29 29 -31
leaf_value=-0.020867195956720555 -0.0021331800601769985 -0.0074502956539667141 0.011306299598935957 0.015761256094571748 -0.0034032282530004759 -0.018141415451143866 -0.027675499896842648 -0.011501755298083598 -0.011219718735437109 0.0083761465804681468 0.002617392094342186 0.012824297314029207 0.019923625227618823 -0.024522587357356958 -0.0089424630301393453 -0.0078493539409296292 0.0029352782909281318 -0.00029512764419556208 -0.0088938430389042446 0.022149141258196378 0.01680218715849097 0.00042722469841329093 0.019785496331429304 -0.0027448830695802548 0.022194806619542581 0.018304771935079827 0.0022979070616439652 0.0060567117661524872 -0.0041448921245911818 -0.032413489246617855
leaf_weight=766.80436751362868 1544.6082621058449 1853.9615863556974 469.526238206774 335.66268446389586 1293.4680315740407 202.79200405115262 31.28765263967216 107.09430050291121 79.943469451740384 787.1280925674364 123.34629288315773 724.05431883968413 82.952069155871868 58.586563847959042 81.061705462634563 81.21453807875514 1265.3050267882645 132.0287025179714 172.84540085867047 245.699188567698 153.51024491339922 80.01993590593338 61.604401510208845 569.75513221137226 180.12554250285029 93.970903892070055 610.58300466649234 716.62205112352967 216.94827990792692 51.560565929859877
leaf_count=27442 10060 29355 1622 2521 12562 3776 219 724 519 4675 769 2570 277 239 304 285 4821 511 711 836 541 358 221 2158 748 361 2279 2900 845 226
internal_value=1.58855e-05 -0.00920434 0.00420709 0.00587085 -0.00653493 -0.00850442 0.000234308 0.00347389 0.00504363 0.00642418 -0.00351188 0.00532194 0.00481824 0.00459024 0.00893923 0.0107393 0.00375393 -0.00774156 0.00424985 0.00603374 0.0090712 0.00599638 0.00284668 -0.000546499 0.0154992 0.00180175 0.00289585 0.00198842 -0.00132799 -0.00957319
internal_weight=13174.1 4117.03 9057.04 6383.64 3350.22 2056.75 2673.41 1128.8 1021.71 941.762 154.634 6047.97 5578.45 5495.5 886.331 805.269 4609.16 190.615 4418.55 2556.02 1290.71 1045.02 784.87 631.36 260.145 1862.53 1689.68 1595.71 879.092 268.509
internal_count=115435 73135 42300 25334 45693 33131 16966 6906 6182 5663 988 22813 21191 20914 3159 2855 17755 750 17005 9683 4862 4026 2920 2379 1106 7322 6611 6250 3350 1071
is_linear=0
shrinkage=0.05


Tree=38
num_leaves=31
num_cat=0
split_feature=9 9 9 9 4 13 5 34 2 7 14 9 4 4 9 0 8 12 9 12 14 16 4 37 37 9 12 9 14 4
split_gain=188.602 47.5286 22.2764 8.90033 8.81123 8.43937 13.7915 12.6258 12.9039 10.8337 17.941 12.3147 9.32214 9.73962 8.63534 8.58306 8.41672 9.01189 8.81668 8.57226 7.97886 7.89118 7.81927 7.73024 9.70939 7.65568 7.64563 7.54106 13.3051 16.4107
threshold=1.0000000180025095e-35 -0.73499999999999988 0.91000000000000003 2.7900000000000005 0.40912560721721031 0.1715728715728716 0.22599350066481386 10.500000000000002 -0.051401869158878503 0.25000000000000006 0.096369854417670694 0.19499999999999998 -0.18552036199095023 -0.067961165048543701 0.29000000000000009 14.965301317458763 0.20185185185185187 0.066915422885572159 1.4099999999999999 0.062284482758620696 0.15973331558395457 -149.99999999999997 0.27436326354413998 6.5000000000000009 5.5000000000000009 -0.4549999999999999 0.092637759710930453 0.63000000000000023 0.10668699186991872 0.092241966108981457
decision_type=2 2 2 2 10 8 10 8 2 2 8 2 10 10 2 8 10 8 2 10 10 10 10 2 2 2 10 2 8 8
left_child=1 -1 4 16 5 7 -7 12 -9 15 26 -12 -2 14 -14 -10 17 19 -18 -4 22 -6 23 24 -15 -3 -11 -17 -29 -30
right_child=2 25 3 -5 21 6 -8 8 9 10 11 -13 13 20 -16 27 18 -19 -20 -21 -22 -23 -24 -25 -26 -27 -28 28 29 -31
leaf_value=-0.020279955518203455 -0.011122929461138025 -0.0096959536906188262 0.004722903320606462 0.014795730692097955 -0.032104794501322843 0.0083752799749476463 -0.013382443945856821 -0.010523348013278266 -0.0054410766740204362 0.0094189671024033708 -0.021219189121858318 0.0063144530465056919 0.0021658803079718908 0.0051313099157619902 0.027313609464403352 -0.0010091981498606282 -0.019162679750981855 0.0074550105344626753 0.0075974792226880597 -0.012765590687140489 -0.0034453771371352167 -0.0028195049452291072 0.022347757899161429 -0.010786619281861984 0.025281864645224968 -0.0046059501488153317 0.036402644618024435 0.019304083502357669 0.01171010926380108 -0.010486054209520618
leaf_weight=753.98476266372018 78.137691874057055 1125.7840347636957 195.06006544269621 328.07539471425116 34.387195656076074 848.17851411085576 79.674201168119907 290.74681740254164 685.06533649656922 44.128235839307308 48.865129448473454 240.40246415138245 52.328152654692531 533.5120740365237 98.195220658555627 1103.5969634577632 65.722214754670858 3108.5654843691736 57.893284032121301 109.35095952823758 220.99365570768714 69.482179541140795 78.047347821295261 64.808452589437366 67.323961414396763 2148.6916623516008 64.799908261746168 142.56846218183637 173.48189825192094 160.14918876625597
leaf_count=27442 471 21671 746 2521 220 4009 364 1648 3674 248 325 1070 312 2623 374 6242 235 12112 319 418 1010 445 398 339 284 23784 285 553 597 696
internal_value=3.6532e-05 -0.00896201 0.00404495 0.00691761 0.00190126 0.00219631 0.00650696 0.00123188 -0.000521665 0.000570297 0.00817603 0.00166328 0.0055723 0.00674206 0.0185712 -0.000766903 0.00618679 0.006651 -0.00663 -0.00155934 0.00489631 -0.0125147 0.00737511 0.00561956 0.00738919 -0.00635592 0.0254712 0.00126001 0.00651893 0.00105553
internal_weight=13072 4028.46 9043.54 3864.67 5178.87 5075 927.853 4147.15 2953.8 2663.06 398.196 289.268 1193.35 1115.21 150.523 2264.86 3536.59 3412.98 123.615 304.411 964.685 103.869 743.692 665.644 600.836 3274.48 108.928 1579.8 476.2 333.631
internal_count=115435 72897 42538 16351 26187 25522 4373 21149 15338 13690 1928 1395 5811 5340 686 11762 13830 13276 554 1164 4654 665 3644 3246 2907 45455 533 8088 1846 1293
is_linear=0
shrinkage=0.05


Tree=39
num_leaves=31
num_cat=0
split_feature=31 31 31 11 37 34 1 31 5 33 31 13 17 34 31 14 2 20 32 1 33 33 31 33 34 12 1 14 14 31
split_gain=168.873 33.637 29.7895 9.10357 9.62982 11.0202 9.22956 8.74875 9.69655 7.72396 7.49816 7.50717 6.92728 10.849 15.3206 11.4964 7.44281 8.23876 8.87151 6.90645 8.45155 10.4608 11.2229 9.94593 6.909 8.33148 7.99912 7.54115 8.41687 6.86046
threshold=8.5000000000000018 15.500000000000002 2.5000000000000004 0.11709231316514987 6.5000000000000009 7.5000000000000009 0.26114845200298925 14.500000000000002 0.17811829399141635 56.45000000000001 25.500000000000004 0.2573593073593074 1.0000000180025095e-35 11.500000000000002 27.500000000000004 0.15607258620578554 -1.0000000180025095e-35 0.29280610987928063 51.500000000000007 0.66851133087767356 60.250000000000007 55.350000000000001 22.500000000000004 55.750000000000007 8.5000000000000018 0.13215343832839546 0.68284147099035597 0.072751776525361453 0.084662138437882159 1.0000000180025095e-35
decision_type=2 2 2 8 2 8 8 2 8 2 2 10 8 10 2 8 2 10 10 10 2 2 2 2 10 8 10 8 8 2
left_child=2 3 29 6 5 -5 -2 -7 -9 -4 19 12 -12 15 -15 -14 17 18 -16 -3 21 22 -21 -23 25 -25 -26 -28 -29 -1
right_child=1 10 9 4 -6 7 -8 8 -10 -11 11 -13 13 14 16 -17 -18 -19 -20 20 -22 23 -24 24 26 -27 27 28 -30 -31
leaf_value=-0.043221947024316268 0.0059530249939422014 0.0057753441727348342 -0.0041754660709088457 0.014284108164479552 -0.011488655532822079 -0.00028381256276532115 -0.0043901933280117459 0.017308530734965574 -0.0092866599865465971 -0.0099733999292921094 0.0059442328209763466 0.027088146290992945 0.021256353316236612 0.040474177982442239 -0.014320272263445843 -0.0094459663653852083 0.028267913333370476 0.024886311920253507 0.015091646994266539 0.0033948474573508355 0.011061328634941751 -0.021408888525040241 0.02775469547064582 -0.00061384888650555794 -0.021978688364540682 0.021352957734342794 -0.015530396449935178 0.020605310943546618 -0.00098441162807493313 -0.018346320828725071
leaf_weight=28.935357506154105 247.76226569525898 2532.3220522645861 981.72244278574362 194.54139541834593 120.70606215763837 1064.958488503471 1665.6232641786337 150.28964938595891 44.397609736770391 1384.5581430508755 1767.7715885834768 48.933912627398968 47.577744478359818 63.702154461294413 57.201003247871995 84.895212255418301 53.603781500831246 43.040564740076661 46.464546017348766 182.70597907528281 208.4203619286418 60.198897149413824 63.789892807602882 103.96770161017776 48.613553419709206 73.807585913687944 83.35776006989181 47.825723845511675 804.97219543531537 658.23649088630918
leaf_count=2006 1797 9481 15776 1206 889 7784 12025 745 271 22071 7981 279 198 196 277 375 257 204 238 709 737 225 201 390 221 256 361 196 3374 24709
internal_value=5.17495e-05 0.00321907 -0.0102293 -0.000733495 0.00208194 0.00320838 -0.00305086 0.00149783 0.0112436 -0.00756795 0.00536562 0.00772178 0.0072839 0.013257 0.0191157 0.00158079 0.0123233 0.00649744 -0.00113738 0.00412699 0.00163891 0.000302282 0.00969886 -0.001592 -0.000565838 0.00850619 -0.00220356 -0.00117666 0.000226361 -0.0193938
internal_weight=12964.9 9911.45 3053.45 3488.28 1574.89 1454.19 1913.39 1259.65 194.687 2366.28 6423.17 2213.19 2164.26 396.485 264.012 132.473 200.31 146.706 103.666 4209.98 1677.66 1469.24 246.496 1222.74 1162.54 177.775 984.769 936.156 852.798 687.172
internal_count=115435 50873 64562 24717 10895 10006 13822 8800 1016 37847 26156 10005 9726 1745 1172 573 976 719 515 16151 6670 5933 910 5023 4798 646 4152 3931 3570 26715
is_linear=0
shrinkage=0.05


Tree=40
num_leaves=31
num_cat=0
split_feature=31 31 31 31 2 3 5 7 3 14 14 12 12 33 2 33 16 35 4 2 2 2 18 5 5 32 19 7 14 12
split_gain=147.745 35.9675 24.1698 10.2985 9.94394 9.93595 9.68492 10.6199 9.58032 8.89016 11.7487 13.866 11.6104 8.61396 8.12014 12.1267 10.9616 8.67356 7.91463 8.33292 7.9256 14.6922 9.95249 9.23328 8.96435 9.80867 12.4612 9.75074 9.55389 8.21894
threshold=7.5000000000000009 14.500000000000002 1.5000000000000002 21.500000000000004 -0.0031276474291316793 0.00083624998187418803 0.085445150496020014 -0.10769230769230768 0.93453790764670075 0.091854763106656107 0.11118935837245698 0.0739497887148894 0.092637759710930453 61.45000000000001 -0.015159491640670871 60.150000000000013 -1.0000000180025095e-35 17.500000000000004 -0.10828759282632307 0.026247966303347851 0.019178890609021063 0.011910341604267124 0.37171052631578955 0.15637462859685083 0.15824545824545827 51.500000000000007 0.13333333333333339 0.46153846153846162 0.13004974392903529 0.12773956167013281
decision_type=2 2 2 2 2 8 10 2 8 10 10 10 10 2 2 2 10 2 8 2 2 2 10 10 8 8 2 2 8 8
left_child=2 4 -1 6 8 -4 7 -3 13 -8 11 -11 -13 -2 15 16 -9 -18 -5 20 21 24 -23 -22 27 29 28 -20 -27 -26
right_child=1 3 5 18 -6 -7 9 14 -10 10 -12 12 -14 -15 -16 -17 17 -19 19 -21 23 22 -24 -25 25 26 -28 -29 -30 -31
leaf_value=-0.023467193749306864 -0.0032852301934383358 0.026863847250952883 -0.023196082139993444 -0.0073280913621399492 0.0010818258510885441 -0.0082627840453355101 -0.0050732312408991696 0.0064940444922181977 -0.010175425751320119 0.03404591388600408 0.00091932299497123342 -0.012684130134398681 0.01262011192563605 0.011649819322023835 0.0097805327997742761 0.018716294134276664 -0.0029727660301780436 -0.02929942533096936 0.0078426000522239109 0.016072115482632651 -0.020439052818937768 0.006434821306485046 0.030708228985830768 0.0080778684205438656 0.0013751983029660743 0.021719399101798136 0.01555685490956224 0.028890038530030235 0.0013297553311536841 -0.013152203381470518
leaf_weight=332.61405254213605 1156.5596022722311 64.171880297362804 117.46496465522796 102.07990115135908 1585.3109750524163 2153.0489102266729 482.21436168625951 92.159723678603768 507.11673555057496 55.941968251019716 1793.8152067568153 59.880417680367827 186.57908635959029 105.33810483757406 452.38065561279655 60.511986941099167 62.134045582264662 63.014919128268957 1322.2812583167106 226.35863380692899 59.411767216399312 71.745882466435432 102.64455844089389 54.353650050237775 338.19884930923581 62.101006135344505 251.7536637801677 57.416815677657723 767.33812352921814 136.7177471620962
leaf_count=15746 9490 230 2833 371 12079 41518 2112 388 4329 209 7768 253 759 736 1832 227 282 308 5319 850 211 281 373 214 1428 252 1207 224 3291 643
internal_value=-0.000238853 0.00245569 -0.0108794 0.00451407 -0.00179395 -0.00903536 0.00253525 0.00736237 -0.00437109 0.00104809 0.00245624 0.0115731 0.00647213 -0.00203851 0.00564853 -0.00107969 -0.0065921 -0.0162287 0.00639285 0.00679879 0.0061477 0.00662183 0.0207219 -0.00681454 0.00578427 0.00318269 0.00581364 0.0087185 0.00285635 -0.00280691
internal_weight=12882.7 10279.5 2603.13 6925.21 3354.33 2270.51 3372.8 794.373 1769.01 2578.43 2096.22 302.401 246.46 1261.9 730.201 277.821 217.309 125.149 3552.4 3450.32 3223.96 3110.2 174.39 113.765 2935.81 1556.11 1081.19 1379.7 829.439 474.917
internal_count=115763 55666 60097 29032 26634 44351 14368 3267 14555 11101 8989 1221 1012 10226 3037 1205 978 590 14664 14293 13443 13018 654 425 12364 6821 4750 5543 3543 2071
is_linear=0
shrinkage=0.05


Tree=41
num_leaves=31
num_cat=0
split_feature=9 9 9 6 1 4 11 31 19 2 6 9 31 1 11 11 6 6 36 31 5 2 14 8 4 2 1 9 14 0
split_gain=151.772 30.6432 28.1295 9.81219 14.5244 12.0243 12.1208 9.65944 9.50886 9.97272 8.33647 8.24989 7.9547 7.89373 7.14511 6.88285 9.21645 8.29236 7.17868 8.88562 7.5168 10.0101 9.2649 12.5337 6.79092 7.88599 8.70793 7.81576 6.8544 8.17908
threshold=-0.10000000000000003 -0.79499999999999993 0.61499999999999999 0.10465849438399955 0.40292719072480937 0.11940298507462686 0.18425027826363494 25.500000000000004 0.10539539804284588 -0.062632902747268168 0.19517053736274417 0.44 25.500000000000004 0.96976192012730367 0.14114314047736157 0.068709192054442828 0.096496518739550938 0.084441763838627545 1.5000000000000002 15.500000000000002 0.084357175973346868 0.021932553144793168 0.060323167561947673 0.087337909992372245 0.10429447852760736 0.0082644628099173851 0.32116202711470604 0.44500000000000012 0.055496327884387596 13.678755434500124
decision_type=2 2 2 8 10 8 10 2 2 2 10 2 2 10 10 10 10 10 2 2 10 2 8 10 10 2 10 2 10 10
left_child=1 -1 3 4 11 6 10 -7 9 -3 12 -2 24 -4 -15 17 18 -6 19 -17 22 -22 23 -20 25 26 -5 28 -27 -30
right_child=2 8 13 5 15 7 -8 -9 -10 -11 -12 -13 -14 14 -16 16 -18 -19 20 -21 21 -23 -24 -25 -26 27 -28 -29 29 -31
leaf_value=-0.020545110191690391 0.00059091792153988763 -0.023909737574454228 0.0056326589031814919 0.016716606491326946 -0.030561097476801299 -0.0013346226884400562 -0.020269354676072149 -0.02698627777523608 -0.013938501102182539 -0.0054620480414246785 -0.011706273907878526 0.014873427750103505 0.023914299210803514 -0.019859622641584227 0.0056175204823955497 -0.0047515897678577588 -0.013478077511420225 -0.0040752891338090387 0.011940368244215205 0.022416855674921597 -0.0047533660884611188 -0.024182352202493072 0.007644573686924826 -0.032089206637685622 0.021480067401995928 -0.0098659255591914009 -0.00084444597673554345 0.024455761555904884 0.020576476116483056 0.0034257814351942432
leaf_weight=518.98347321106121 530.91717198863626 75.680590097792447 5334.1090356437489 81.358567817136645 59.209786577150226 770.1375269908458 44.960710890591145 38.535936441272497 455.82024709274992 2290.9311123436783 62.013842083513737 124.89037236385047 66.393666200339794 58.48333462420851 51.979388036765158 59.557568978518248 236.24030471686274 58.999877691268921 27.694798788055778 60.837127473205328 439.81168859731406 78.061502104625106 211.02832510136068 38.818605756387115 67.365170896053314 50.872955394908786 533.42033287789673 79.664255365729332 112.85871029645205 181.00674038566649
leaf_count=21449 3911 1353 22237 530 450 5053 254 133 7828 37085 355 571 187 317 294 431 1479 407 195 226 2880 458 1359 287 379 345 3365 307 595 1043
internal_value=-0.000218504 -0.00937887 0.00301734 -0.000157932 -0.002732 0.00221583 0.0052314 -0.00255701 -0.00732564 -0.00605198 0.0061598 0.00331084 0.00710439 0.00535869 -0.00787109 -0.00585179 -0.00467283 -0.0173417 -0.00240144 0.00897701 -0.00412369 -0.00768199 0.00251584 -0.0137562 0.00609578 0.00509849 0.00147955 0.0103408 0.00707904 0.0100125
internal_weight=12800.6 3341.42 9459.23 4014.66 1926.07 2088.59 1279.91 808.673 2822.43 2366.61 1234.95 655.808 1172.94 5444.57 110.463 1270.26 1152.05 118.21 915.81 120.395 795.415 517.873 277.542 66.5134 1106.55 1039.18 614.779 424.403 344.738 293.865
internal_count=115763 67715 48048 25200 12654 12546 7360 5186 46266 38438 7106 4482 6751 22848 611 8172 7315 857 5836 657 5179 3338 1841 482 6564 6185 3895 2290 1983 1638
is_linear=0
shrinkage=0.05


Tree=42
num_leaves=31
num_cat=0
split_feature=9 9 9 34 32 36 8 19 2 33 14 33 39 31 14 32 33 19 32 32 10 2 19 6 12 10 34 14 32 3
split_gain=141.812 28.7378 24.4027 8.9795 11.5378 8.89166 8.05427 7.96259 6.90586 6.87482 7.6806 8.56853 7.37952 8.1945 7.49005 9.26882 7.28631 7.69904 18.3165 8.01952 8.6671 7.90529 7.68925 9.53944 7.71059 8.18124 7.29976 7.16131 9.23746 7.00815
threshold=-0.10000000000000003 -0.79499999999999993 0.61499999999999999 7.5000000000000009 31.500000000000004 4.5000000000000009 0.22611077297626295 0.1111111111111111 -0.062632902747268168 57.050000000000004 0.058890222755768981 56.250000000000007 5.5000000000000009 21.500000000000004 0.10929304994919957 40.500000000000007 62.250000000000007 0.32563473437166629 54.500000000000007 46.500000000000007 0.0731885869371139 -0.045078546210897998 0.12983661627729434 0.087467003011944405 0.1715728715728716 0.14635508924921656 29.500000000000004 0.21696780640630911 58.500000000000007 0.78248278404414939
decision_type=2 2 2 8 10 2 10 2 2 2 8 2 2 2 8 10 2 2 10 10 10 2 2 8 10 10 10 10 10 10
left_child=1 -1 6 4 -4 -3 -2 8 -7 10 11 -5 -12 14 15 -14 17 19 -19 -11 -21 26 24 -24 29 -26 -22 28 -16 -23
right_child=2 5 3 9 -6 7 -8 -9 -10 16 12 -13 13 -15 27 -17 -18 18 -20 20 21 22 23 -25 25 -27 -28 -29 -30 -31
leaf_value=-0.020028642135258248 -0.00027230768890325991 -0.0040261442058681322 -0.0075106731383310149 0.0083508275466994131 0.012641723586868242 -0.028618434591558158 0.024317046819966423 -0.01817164731974652 -0.0075150188982397483 0.0064428613734181838 -0.0097834793575314553 0.034395761637437766 -0.001162370324816506 0.0089100927414180013 0.00067525990025355908 0.017401993008672813 0.020680773079926981 -0.026185265311377159 0.011595700943926826 -0.018275412395887088 -0.0020728885586454022 0.0073901182474592946 -0.0097679913237585774 0.014792589931602793 0.014600703186462711 -0.0081894235543558454 -0.022551667919067334 0.013639671446114249 -0.015734161587436412 -0.007115837936715841
leaf_weight=510.8802448855713 3946.7044082479551 1263.5705217646901 80.12619579769671 87.163520757108927 625.30009614489973 39.991963125765324 33.585514631122351 234.3648839732632 1264.7123677281197 892.09056053124368 75.589625108987093 49.520121121779084 118.25207632593811 1151.3593106316403 429.87788507714868 155.85084938816726 53.762940641492605 73.704259417951107 56.804682845249772 59.684618216007948 366.79198058694601 114.50875603221357 47.526399578899145 235.13479220867157 151.53344232216477 53.205694381147623 49.372602932155132 77.724844535812736 107.13937556557357 305.1369711169973
leaf_count=21449 25030 19352 327 375 2352 815 170 4405 21694 3823 333 178 542 4885 1802 574 200 335 250 271 1596 452 227 1041 678 272 233 318 474 1310
internal_value=-0.000228389 -0.00912238 0.00290761 0.00509163 0.0103527 -0.00713433 -6.48238e-05 -0.00968614 -0.00816188 0.00430395 0.00629959 0.0177868 0.0055575 0.00612588 0.00251938 0.00939305 0.00247611 0.00206924 -0.00974091 0.00274675 0.000362428 0.0012031 0.00382088 0.010663 0.00072343 0.00867822 -0.00450243 -0.000545477 -0.00259856 -0.0031576
internal_weight=12711 3313.52 9397.45 5417.16 705.426 2802.64 3980.29 1539.07 1304.7 4711.74 2252.48 136.684 2115.79 2040.2 888.845 274.103 2459.26 2405.49 130.509 2274.99 1382.9 1323.21 907.046 282.661 624.385 204.739 416.165 614.742 537.017 419.646
internal_count=115763 67715 48048 22848 2679 46266 25200 26914 22509 20169 9481 553 8928 8595 3710 1116 10688 10488 585 9903 6080 5809 3980 1268 2712 950 1829 2594 2276 1762
is_linear=0
shrinkage=0.05


Tree=43
num_leaves=31
num_cat=0
split_feature=9 9 9 34 2 2 5 11 19 7 9 1 19 31 5 5 13 4 19 12 2 1 13 31 5 0 40 8 34 34
split_gain=131.631 25.7812 22.1797 10.131 10.0204 8.59475 8.96404 12.3495 9.52994 8.3457 10.1818 8.02494 8.00972 7.93407 9.95936 8.13798 10.0855 7.87013 7.49448 7.48439 7.21963 6.88731 8.53928 7.1956 8.79534 10.0356 8.85648 8.57605 6.89682 6.47423
threshold=-0.155 -0.79499999999999993 0.69500000000000006 5.5000000000000009 -0.02717694563697956 -0.0031276474291316793 0.19049014682074475 0.10623133602348385 0.24070891514500534 1.0000000180025095e-35 0.34000000000000002 0.32852839951286689 0.21047670732055643 20.500000000000004 0.098373876255949247 0.16595457180075887 0.12560679611650488 0.0081688261135516357 0.116421743472678 0.10876959479443953 0.020107586379032132 0.56701550913430909 0.096894559460760726 12.500000000000002 0.12247437635058271 13.602438893913815 1.0000000180025095e-35 0.10566188197767147 18.500000000000004 9.5000000000000018
decision_type=2 2 2 8 2 2 10 8 2 2 2 8 2 2 8 8 8 10 2 10 2 10 8 2 10 10 10 8 8 8
left_child=1 -1 3 -2 -3 6 8 -8 12 -9 19 -7 21 15 -15 16 29 -16 -6 -11 -17 23 -23 -5 25 -25 28 -28 -26 -13
right_child=2 4 -4 5 18 11 7 9 -10 10 -12 13 -14 14 17 20 -18 -19 -20 -21 -22 22 -24 24 26 -27 27 -29 -30 -31
leaf_value=-0.019490415270426973 0.01274032812071137 -0.014515000056919469 0.0050473792935867012 -0.0020964882110805936 -0.004738315912841495 0.0095169772626034002 0.0028611144146191577 0.0047294301057112806 -0.012850834043362827 -0.028214327084666736 -0.030269212497518572 0.0059205205752491524 0.016684474688135938 -0.0076311746533951688 0.0051390292644950463 -0.011878720218900983 0.0082459087455967316 0.023923486194660663 -0.013429950132579411 0.0024361162727801209 0.0034044032571595262 -0.012478819604114504 -0.00082517717250140613 0.023000753126050391 -0.024031108796110614 0.0041365487295102026 -0.0064226625894860129 0.018310954783872953 0.00304467686353334 -0.0049506397964667881
leaf_weight=503.21795525960624 155.96745511423796 391.5151561293751 4888.041512071155 530.25071923993528 1950.4842779275496 314.22986683249474 133.77595578879118 40.237102000042796 155.02887974306941 29.739718308672309 112.01657172851264 187.18430371582508 69.652855828404427 74.619661588221788 126.25818265229464 251.79168763756752 362.68850246816874 99.863787371665239 284.14633251680061 60.301303527317941 111.48882268741727 221.7485075648874 539.97888602409512 120.81910927593708 55.961143545806408 169.29187985509634 64.584218988195062 76.632012570276856 40.570392636582255 510.36804402433336
leaf_count=21449 898 6979 20665 4703 32433 1993 835 244 1127 239 479 1153 434 246 417 1644 2224 351 5240 386 616 1578 3167 611 317 908 354 392 216 3465
internal_value=-0.000228624 -0.00912289 0.00270026 0.000214292 -0.00713628 -0.000223837 -0.00223829 -0.0093328 -0.000933324 -0.0160653 -0.0202063 0.00216821 4.44838e-05 0.000828972 0.00820804 -0.000729974 0.00148294 0.0134349 -0.00584351 -0.00768744 -0.00718841 -0.000592399 -0.0042177 0.00201744 0.00615 0.0119927 -0.000979534 0.00699921 -0.0126517 -0.00203342
internal_weight=12632.5 3129.36 9503.09 4615.05 2626.15 4459.08 2420.59 376.071 2044.52 242.295 202.058 2038.49 1889.49 1724.26 300.742 1423.52 1060.24 226.122 2234.63 90.041 363.281 1819.84 761.727 1058.11 527.859 290.111 237.748 141.216 96.5315 697.552
internal_count=115763 66101 49662 28997 44652 28099 15990 2183 13807 1348 1104 12109 12680 10116 1014 9102 6842 768 37673 625 2260 12246 4745 7501 2798 1519 1279 746 533 4618
is_linear=0
shrinkage=0.05


Tree=44
num_leaves=31
num_cat=0
split_feature=9 9 31 34 13 7 3 7 2 4 34 18 2 9 32 9 6 32 2 10 7 11 39 13 4 39 10 34 7 6
split_gain=123.63 25.2282 17.6155 7.71388 8.0791 8.88215 7.59717 8.03498 7.32485 7.96761 7.09178 6.87228 6.63717 6.41552 6.36788 6.35659 7.4147 9.57081 6.33166 8.37884 8.54988 11.3529 7.39314 7.03376 10.7724 8.03546 6.82503 6.80527 6.24659 9.47685
threshold=-0.10000000000000003 -0.79499999999999993 16.500000000000004 6.5000000000000009 0.093121797398502182 0.046153846153846149 0.42972192722406527 0.015384615384615384 -0.010160166099193157 -0.1463250941234244 7.5000000000000009 0.12916666666666668 0.031457618059387363 -0.95499999999999985 61.500000000000007 0.44500000000000012 0.14750914374374449 31.500000000000004 -0.0358805066534146 0.11476585836253735 -0.049999999999999982 0.1531974159900433 14.500000000000002 0.10355340622371742 0.086206896551724144 11.500000000000002 0.11801459106839239 18.500000000000004 0.1076923076923077 0.12602182871143783
decision_type=2 2 2 8 8 2 8 2 2 10 8 8 2 2 10 2 10 10 2 10 2 10 2 10 8 2 10 8 2 8
left_child=1 13 3 4 5 -2 7 -3 11 -10 15 -8 -12 -1 -6 -4 17 -17 -5 -20 21 23 26 25 -25 -21 27 -22 29 -14
right_child=2 6 10 18 14 -7 8 -9 9 -11 12 -13 28 -15 -16 16 -18 -19 19 20 22 -23 -24 24 -26 -27 -28 -29 -30 -31
leaf_value=-0.04328512755294199 -0.020236230153435092 -0.027684179035701379 -0.003126696122754671 -0.0050077434999110243 0.0089234646383727304 0.013805221501576198 -0.0021144508498151826 -0.0089464108920987422 -0.0089112094477901329 -0.0015646983687831366 0.0033069722359755391 -0.012522254619360374 -0.0013017275946336502 -0.017641475515826635 0.034691614175511108 -0.0093787350163179756 0.025916023599311847 0.011339525007090253 -0.0021062748860064791 0.044742831565660737 0.024330825720726514 -0.010734686540751624 0.01607915055418346 -0.0133087606932119 0.024659760982105001 0.016245267792440742 -0.0009517042963246786 -0.0030728716474576409 0.02224123014629565 0.018539749439976241
leaf_weight=25.723985596559942 35.577363168820739 82.642689066007733 92.080621104687452 640.24043215624988 57.287776667624712 41.530436193570495 216.02918228227645 185.92564507480711 548.86303010536358 1126.6567993958015 4645.0340855745599 596.7001565345563 151.10112091526389 470.33738563198131 41.231311107054353 62.993012309074402 73.032611459493637 484.25455833040178 1462.252059571445 35.802349289879203 55.767872683703899 44.409130772575736 80.762064833194017 37.954527070745826 36.788298055529594 80.030535472556949 919.37552183680236 38.155442466959357 85.599420880898833 100.014085162431
leaf_count=2008 269 1887 376 4583 360 250 3784 3410 10346 16966 19708 9873 597 19441 219 243 250 1752 10121 186 348 304 529 248 201 503 6056 243 319 383
internal_value=-0.000200554 -0.00859082 0.00273372 -1.35603e-07 0.0102204 -0.00190143 -0.00672297 -0.0147123 -0.00586064 -0.00397125 0.0044656 -0.00975579 0.00379834 -0.0189713 0.0197077 0.00913193 0.0109517 0.00895467 -0.000523223 0.000505392 0.00337882 0.0120321 0.00152025 0.0173374 0.00537928 0.0250535 0.000359872 0.0131983 0.0105768 0.00660073
internal_weight=12554.2 3252.88 9301.27 3607.17 175.627 77.1078 2756.82 268.568 2488.25 1675.52 5694.11 812.729 4981.75 496.061 98.5191 712.361 620.28 547.248 3431.54 2791.3 1329.05 234.985 1094.06 190.576 74.7428 115.833 1013.3 93.9233 336.715 251.115
internal_count=115763 67715 48048 24420 1098 519 46266 5297 40969 27312 23628 13657 21007 21449 579 2621 2245 1995 23322 18739 8618 1442 7176 1138 449 689 6647 591 1299 980
is_linear=0
shrinkage=0.05


Tree=45
num_leaves=31
num_cat=0
split_feature=31 31 31 36 13 40 12 14 0 20 10 5 38 2 11 10 12 36 12 10 13 14 5 11 5 10 12 33 33 0
split_gain=120.691 24.527 19.0324 7.97455 9.34856 7.6743 9.17032 9.29977 8.66173 10.4074 8.65091 9.13061 8.86417 8.82014 9.13937 9.98922 7.43174 6.89396 6.83568 6.82866 6.61072 8.7312 6.84068 6.38653 6.35812 6.32204 8.77066 6.50199 9.07081 6.66866
threshold=8.5000000000000018 14.500000000000002 2.5000000000000004 3.5000000000000004 0.2247448979591837 inf 0.20977698128235764 0.12508064516129033 13.580306791740169 0.43256237006237014 0.08929447637740083 0.1165474531562283 1450.0000000000002 0.00044189163989050763 0.14063052120141345 0.10622897701549387 0.10876959479443953 14.500000000000002 0.052402745995423348 0.17693650935792965 0.086747491638795998 0.099552516718055512 0.052660465653706169 0.065514624466589552 0.14347452562378607 0.10997702897682585 0.062284482758620696 58.350000000000001 61.050000000000004 15.232568687573265
decision_type=2 2 2 2 8 8 10 10 10 10 8 10 2 2 8 10 8 2 8 8 10 8 10 8 10 10 8 2 2 10
left_child=2 18 -1 4 19 6 8 -8 23 -10 16 12 -12 14 15 -13 -7 -4 -2 20 21 -3 -22 -5 -23 26 -20 -27 29 -29
right_child=1 3 17 5 -6 10 7 -9 9 -11 11 13 -14 -15 -16 -17 -18 -19 25 -21 22 24 -24 -25 -26 27 -28 28 -30 -31
leaf_value=-0.016527282051199126 -0.015571628027768703 -0.01055319809159589 -0.0070599337320197591 -0.012634019182651144 0.015622950940456324 0.0089159968648124099 -0.027097442735384048 -0.001026329072985151 0.0053300486352751411 -0.016951846866906484 0.030289844631987629 -0.014276815106791874 0.0064124522236510819 0.013462731146936059 -0.013870181627057405 0.010682073425481905 0.034853073224349385 0.014580903910558213 0.012618596390657683 -0.011212971200683363 -0.011408370346762786 0.014842240020481602 0.0080478078938043401 0.00059333521280681206 -0.00067639592173547515 0.0034873750477822786 -0.0043105558716728977 -0.0023243681082233277 0.013259405715546516 -0.0176602514615249
leaf_weight=630.35286421433557 79.046090016141534 125.55814076587558 2221.4072993709706 98.528985852375627 264.94498072750866 60.670786183327436 51.250726725906134 102.8454389795661 2057.8839201293886 53.774797735735774 63.073623903095722 55.304350298829377 101.28735403157771 116.93869737163186 114.75451605208218 145.70936275832355 50.694063672795892 37.420999544207007 81.71251168474555 58.275687366724014 46.455023530870676 107.69219527766109 1643.116427000612 1236.1843694727868 170.49789695441723 1109.6314925951883 1200.9828285286203 207.60228779818863 62.722255805507302 107.63976354058832
leaf_count=26631 673 514 37396 433 1131 264 259 534 8728 284 239 249 396 483 525 614 202 536 593 285 193 446 7028 5427 767 8172 9472 1642 443 929
internal_value=0.000111669 0.0028144 -0.0088452 0.00446157 0.00676062 0.0031722 0.0022362 -0.0096973 0.00276978 0.00476263 0.00792924 0.005543 0.0155754 0.00173225 -0.00261191 0.0038152 0.0207227 -0.00670142 -0.00107352 0.00566933 0.00613931 0.000391406 0.00751286 -0.000383113 0.00533114 -0.000659835 -0.00323211 0.00155813 -0.00410576 -0.00756082
internal_weight=12464 9574.78 2889.18 6725.44 2416.54 4308.9 3600.47 154.096 3446.37 2111.66 708.433 597.068 164.361 432.707 315.768 201.014 111.365 2258.83 2849.34 2151.6 2093.32 403.748 1689.57 1334.71 278.19 2770.29 1282.7 1487.6 377.964 315.242
internal_count=115488 50925 64563 29001 10364 18637 15665 793 14872 9012 2972 2506 635 1871 1388 863 466 37932 21924 9233 8948 1727 7221 5860 1213 21251 10065 11186 3014 2571
is_linear=0
shrinkage=0.05


Tree=46
num_leaves=31
num_cat=0
split_feature=31 31 31 1 4 13 8 7 2 7 2 16 14 1 0 1 5 3 4 36 0 14 4 33 32 4 32 33 3 31
split_gain=112.204 22.7536 17.9535 8.0103 16.7872 11.35 13.9825 9.16067 10.1585 8.3265 8.90527 9.94224 7.78102 7.42944 9.83234 7.38789 6.98803 6.53571 6.99779 6.46183 6.45781 6.91468 6.42565 6.35574 9.12719 9.34945 8.33271 6.20431 8.31286 5.85968
threshold=8.5000000000000018 14.500000000000002 2.5000000000000004 0.43157012865137351 0.092241966108981457 0.14232409381663116 0.097167584579071611 0.3115384615384616 -0.039117979238410754 0.1076923076923077 -0.0054533792057845322 350.00000000000006 0.17101384130686562 0.29871192907959548 14.384093139812011 0.48605171537632075 0.16790372289520741 0.972633895548218 0.066933606406553714 4.5000000000000009 16.162735660612523 0.1569585814727818 0.19449749615399445 55.350000000000001 36.500000000000007 -0.078637882008668544 57.500000000000007 61.45000000000001 0.6669063664608702 1.0000000180025095e-35
decision_type=2 2 2 8 8 10 8 2 2 2 2 8 8 8 10 10 8 8 10 2 8 8 10 2 10 8 8 2 10 2
left_child=2 13 29 4 5 6 20 -5 -9 10 11 -6 -12 14 -2 -4 22 18 -10 -8 21 -3 -11 24 25 -15 -26 -25 -29 -1
right_child=1 3 15 7 9 -7 19 8 17 16 12 -13 -14 23 -16 -17 -18 -19 -20 -21 -22 -23 -24 27 26 -27 -28 28 -30 -31
leaf_value=-0.040612601041838108 0.010695504353467396 -0.015654875113429102 -0.0045671542218520883 0.0028427410222391061 0.023574025859000904 0.019410709760127019 -0.0058325214155932831 -0.0058154577399890531 0.0017416167156700088 0.022839462325745328 -0.0035551917263846136 0.0029958882601751973 0.017974963239748815 -0.029844059986204631 -0.0037760884335276039 -0.010777783652164375 -0.010218889706836666 0.021285584392939247 0.015636250457211311 -0.028608621998877821 0.01799293023049851 0.0099572545438352603 9.7371804697647126e-05 -0.00420496805352476 0.011107683229819114 0.00029963194812645649 -0.0065789246132422416 0.028233612371293328 -0.0020523008677571118 -0.015120860834016481
leaf_weight=23.424796279869042 279.35912073496729 52.168406818062067 1552.2885483757127 5016.8215419296175 313.96133231930435 57.486470408737659 60.585698625072837 92.737816918641329 182.81803528778255 55.804180379956961 94.616082752123475 72.193399967625737 75.411264097318053 37.264627475291491 202.41660076752305 692.43579116463661 62.986143665388227 141.92985565587878 179.67487315088511 64.077224787324667 58.545017255470157 53.252463381737471 70.046103723347187 1769.5189700638875 276.48416396230459 83.059479251503944 87.723531226627529 35.034068359062076 64.134831434115767 598.98196616384666
leaf_count=1967 2066 209 26741 22037 1224 219 237 420 772 221 399 300 284 292 1572 11191 282 593 829 262 221 207 285 14150 1867 660 644 204 469 24664
internal_value=0.00010703 0.00271369 -0.00856638 0.00430147 0.00822149 -0.000877512 -0.00491834 0.00353958 0.00939377 0.0124486 0.0155286 0.0197268 0.00599396 -0.00104162 0.00461531 -0.00648296 0.00337705 0.01219 0.00862869 -0.0175395 0.00467753 -0.00271712 0.0101816 -0.00219976 0.00290328 -0.00903593 0.00684766 -0.00352293 0.00864701 -0.0160803
internal_weight=12407.2 9540.11 2867.13 6705.12 1091.13 346.115 288.629 5613.98 597.161 745.019 556.182 386.155 170.027 2835 481.776 2244.72 188.836 504.423 362.493 124.663 163.966 105.421 125.85 2353.22 484.532 120.324 364.208 1868.69 99.1689 622.407
internal_count=115488 50925 64563 29001 4350 1355 1136 24651 2614 2995 2207 1524 683 21924 3638 37932 788 2194 1601 499 637 416 506 18286 3463 952 2511 14823 673 26631
is_linear=0
shrinkage=0.05


Tree=47
num_leaves=31
num_cat=0
split_feature=9 9 9 11 14 0 20 14 9 39 34 18 14 14 9 40 3 11 18 14 6 5 15 6 6 6 2 0 8 18
split_gain=106.968 21.0888 15.7263 8.01916 8.02364 10.8179 9.47867 8.46953 7.78819 7.27846 7.82816 6.94634 6.81484 6.36253 6.31334 6.25653 9.16528 8.05176 6.22041 6.24817 9.92219 8.30862 8.14362 7.13969 6.22038 9.67292 10.7401 8.05324 6.67882 10.0655
threshold=-0.28999999999999992 0.44 -0.73499999999999988 0.15910863707275566 0.074641527138374936 16.46210392168167 0.32515060240963861 0.17686696480594466 1.2050000000000001 5.5000000000000009 19.500000000000004 0.17914438502673799 0.046402627343512123 0.1372894228113781 -0.91499999999999992 inf 0.14481514436909054 0.06798058252427186 0.63068181818181823 0.15522595844934678 0.10799287529648401 0.17545519336742207 1.0000000180025095e-35 0.089077842799563586 0.074098155372537708 0.068996032956972861 -0.015439238927059536 15.401634285102167 0.089087301587301604 0.24264705882352944
decision_type=2 2 2 10 8 8 10 10 2 2 10 10 8 10 2 8 8 8 8 10 10 10 10 8 10 8 2 8 8 10
left_child=2 9 14 15 -5 11 7 13 -9 10 -2 -6 -11 -7 -1 24 -17 -18 19 20 23 -21 -23 -19 25 28 -27 -28 -3 -30
right_child=1 3 -4 4 5 6 -8 8 -10 12 -12 -13 -14 -15 -16 16 17 18 -20 21 -22 22 -24 -25 -26 26 27 -29 29 -31
leaf_value=-0.029795665729993089 0.0010928638555066082 0.012144131882443947 -0.0068897552557902007 -0.009007121251007966 0.00070756727134616492 -0.00017423872333284559 0.021611454918595705 -0.025411920543306668 0.0024806255553392019 -0.014181949433409724 0.020823623493523517 0.020816985300890122 -0.0007783050561302932 0.020144783128443224 -0.014218520510050526 0.028780181213777192 0.024902072968969506 0.006270679374718347 0.013871822377759621 -0.02220521403581148 0.01426256504219571 0.0089242239274000251 -0.0145438642753953 -0.013937336872117468 0.0020236976290934259 0.0030810017103798824 0.036408172460166081 0.011329841118198911 0.0071460218476327719 -0.010496827943633304
leaf_weight=72.999992650584318 137.8912765905261 140.78203921671957 1725.2419511643238 55.708729734644294 51.481080995872617 105.66270626336336 65.005150580778718 49.015551429241896 51.135380977764726 97.517822619527578 79.111706756055355 258.94474356435239 3441.7273324611597 60.63618727773428 597.01251614664216 47.590563805773854 53.629604345187545 106.65443134494126 151.74247111100703 49.631293665617704 194.45393797010183 110.94517896696925 55.43717547506094 74.060562200844288 3967.5928716938943 97.213318508118391 70.865207923576236 58.387539828196168 177.54003050923347 148.42794534377754
leaf_count=4141 658 591 31107 240 266 476 293 194 260 946 361 1100 27847 260 23256 209 224 447 607 246 807 510 252 340 17483 445 257 259 759 647
internal_value=7.22852e-05 0.00235402 -0.00941454 0.00414456 0.00919497 0.0107747 0.00449297 0.00031661 -0.0111705 -0.000602627 0.00828601 0.017482 -0.00114762 0.00723452 -0.0159157 0.00350458 0.00746537 0.0061919 0.00484127 0.00252334 0.00642377 -0.00425086 0.00110486 -0.00201096 0.00278721 0.00715717 0.0156364 0.0250795 0.00304308 -0.000887565
internal_weight=12354 9958.79 2395.25 6202.54 697.59 641.881 331.455 266.45 100.151 3756.25 217.003 310.426 3539.25 166.299 670.013 5504.95 844.145 796.555 742.925 591.183 375.169 216.014 166.382 180.715 4660.81 693.216 226.466 129.253 466.75 325.968
internal_count=115488 56984 58504 27172 3089 2849 1483 1190 454 29812 1019 1366 28793 736 27397 24083 3642 3433 3209 2602 1594 1008 762 787 20441 2958 961 516 1997 1406
is_linear=0
shrinkage=0.05


Tree=48
num_leaves=31
num_cat=0
split_feature=9 9 36 8 7 9 38 3 13 11 10 11 9 0 37 10 18 19 16 13 34 1 10 0 7 38 9 11 19 3
split_gain=100.192 25.1614 9.16288 11.2631 9.74522 8.68979 8.6276 7.51249 8.04015 7.51885 9.80648 9.32411 6.94117 6.74155 6.54692 6.49181 7.91177 6.46255 6.30208 8.10392 6.28662 6.07237 7.13073 5.85636 5.85017 8.81841 5.84187 13.1713 9.54154 9.73896
threshold=1.0000000180025095e-35 -0.67499999999999993 3.5000000000000004 0.20722186076772939 0.05000000000000001 0.60500000000000009 2050.0000000000005 0.972633895548218 0.21089696071163827 0.11628560229945127 0.12252310028008273 0.095268348762630864 -0.91499999999999992 15.281303326482774 7.5000000000000009 0.11667712254286911 0.29705882352941182 0.066806136680613679 -249.99999999999997 0.062781531531531543 5.5000000000000009 0.49340090798648117 0.099504533254778746 15.943562187528004 0.3115384615384616 1350.0000000000002 0.69500000000000006 0.15239089372701067 0.036617290256672257 0.6669063664608702
decision_type=2 2 2 10 2 2 2 10 8 8 8 10 2 8 2 8 10 2 8 10 8 10 10 10 2 2 2 8 2 8
left_child=1 12 7 5 13 14 -7 8 26 11 -11 -10 -1 -5 20 16 -8 -14 19 -3 -4 -20 -23 -21 25 -9 28 -28 -2 -30
right_child=2 18 3 4 -6 6 15 24 9 10 -12 -13 17 -15 -16 -17 -18 -19 21 23 -22 22 -24 -25 -26 -27 27 -29 29 -31
leaf_value=-0.029105636827134018 0.0051111885115693069 -0.020900020267809336 0.015511934875022435 0.0133569604076334 -0.029102871960597992 0.0030347585001733964 0.019128163353423794 -0.0088577927507992558 0.010194691341150355 -0.014658262283684845 0.012698246527756011 0.039386817051722561 -0.010672514683323319 -0.015708372710940846 -0.015380263792347316 0.019684985524246679 -0.0073488491676789343 -0.022001582268337014 -0.0034810897422339021 0.0058442706134291707 -0.00034153742603722931 -0.014942350636052605 -0.0056217074056958277 -0.01001264699253653 0.018442551682396412 0.010644564231698482 0.0031846446217384211 0.018608534844391802 -0.015755310214603444 -0.00022138185346026672
leaf_weight=71.341363390441984 492.8449248354882 38.605582713149488 64.628075484186411 39.117144104093313 53.127152267843485 3229.6324927201495 48.566282862797379 70.196879774332047 68.078218481503427 45.094777508638799 119.75545757822692 45.726475700736046 657.91525132535025 40.715997973456979 70.042770653963089 142.35316375643015 67.330720813013613 155.66278523160145 1449.8143913722597 333.68577731703408 1928.8850147537887 303.83262650575489 632.13102291617543 70.536261758767068 164.22695066407323 332.61016708239913 903.52477933838964 163.45402592420578 142.405602902174 346.18383166566491
leaf_count=4141 2599 619 363 192 285 14072 190 354 320 217 563 199 22950 225 476 597 295 6057 21608 4799 12240 4024 7721 987 742 1506 3820 709 787 1831
internal_value=6.78758e-05 -0.00679311 0.00303791 0.00187192 -0.0125094 0.00221636 0.00373796 0.00532807 0.00407058 0.012039 0.00521487 0.021924 -0.0141514 -0.00146676 -0.000355482 0.012532 0.00374626 -0.0128401 -0.00449109 0.000986925 0.000172419 -0.00550787 -0.00864738 0.00307726 0.0104887 0.0072459 0.0029866 0.00554748 0.0002025 -0.00474894
internal_weight=12292 3713.53 8578.5 5684.4 132.96 5551.44 3487.88 2894.1 2327.07 278.655 164.85 113.805 884.919 79.8331 2063.56 258.25 115.897 813.578 2828.61 442.828 1993.51 2385.78 935.964 404.222 567.034 402.807 2048.41 1066.98 981.434 488.589
internal_count=115488 72906 42582 28935 702 28233 15154 13647 11045 1299 780 519 33148 417 13079 1082 485 29007 39758 6405 12603 33353 11745 5786 2602 1860 9746 4529 5217 2618
is_linear=0
shrinkage=0.05


Tree=49
num_leaves=31
num_cat=0
split_feature=4 14 37 5 13 18 20 4 11 4 36 33 33 5 33 13 8 4 13 14 10 8 11 5 19 19 33 14 10 14
split_gain=26.4106 11.2147 8.70807 8.14616 8.07325 8.52462 7.00261 6.54856 6.50313 12.5131 13.7818 12.6354 12.0435 10.9404 10.3478 6.80945 6.58758 7.49953 7.3376 6.93383 6.56058 6.55968 7.21301 7.56918 8.65841 6.44899 6.18618 7.26083 6.41201 6.17025
threshold=-0.10828759282632307 0.054097090721294552 7.5000000000000009 0.10731419696272436 0.094467108618052034 0.07417582417582419 0.40302314955833085 0.24444444444444449 0.11113532887726436 0.10025245772208639 4.5000000000000009 57.150000000000013 60.050000000000004 0.20441800663010815 61.800000000000004 0.069136223967224325 0.13921188630490958 -0.0095364245102530151 0.071147356580427465 0.086924505346737541 0.17097391047588251 0.15047169811320757 0.10257922109337204 0.095747279360558796 0.19599659426701624 0.27836715075359636 54.050000000000004 0.10184242287093613 0.058881312839477645 0.065595284196032888
decision_type=8 8 2 10 8 10 10 10 10 10 2 2 2 8 2 10 8 10 10 10 10 10 10 10 2 2 2 10 10 10
left_child=3 6 8 4 5 -1 -2 -4 9 14 11 13 -12 -11 -3 -14 17 18 -10 20 29 22 23 24 -13 -20 27 -5 -28 -18
right_child=1 2 7 26 -6 -7 -8 -9 16 10 12 21 15 -15 -16 -17 19 -19 25 -21 -22 -23 -24 -25 -26 -27 28 -29 -30 -31
leaf_value=0.0023948759118459576 -0.0048311330868398812 -0.0022576292911551713 -0.010753117246381437 -0.013863712851001967 -0.0043601987278231993 -0.016898629952198981 -0.03213719059601422 0.0054631424557152405 -0.0096038029960801834 0.019337028895112535 -0.0027425556097979086 0.001284053082816865 0.032090083540009445 -0.009931702530280034 0.030614426349685822 0.0068361400576924611 -0.0014434859724760073 0.0027025726353796724 0.0087144297762113132 0.0022530989388692079 0.012647159610179299 0.018543473634747391 -0.011947797066899732 0.0093566037434918495 -0.030825219433159707 0.034251818669319235 -0.035098094380305707 0.021970712280635851 -0.0024856038077955859 -0.012761121713965672
leaf_weight=67.156287932535633 536.27622661902569 2781.5043118152535 250.24771017814055 19.420956670539454 406.64580955146812 388.21153287310153 24.554142827633768 82.873760572634637 53.403194855432957 280.13797016022727 912.30622778343968 91.560928892809898 32.594766365364194 36.034264195710421 24.148443138226867 147.41587806493044 305.65076061617583 2121.0609155094717 746.2781533455709 1755.2072468008846 52.639520918019116 61.614342245738953 85.157196279615164 239.63260844023898 27.241603484377265 25.568724050652236 15.667636890895663 51.945865586632863 396.34795033256523 198.73062293766998
leaf_count=1707 6833 27479 2468 249 8611 9881 381 490 553 1732 6453 776 207 203 182 1049 2669 14295 6722 11692 387 331 549 1438 169 164 243 504 5025 2046
internal_value=4.12346e-05 0.000859033 0.00123355 -0.00656721 -0.00948067 -0.0140533 -0.00602664 -0.00671885 0.00149905 0.000151632 0.00326902 0.00816218 -0.000410436 0.0160013 -0.0019747 0.0114089 0.00270831 0.00427606 0.00832025 0.000710643 -0.00414973 0.00325627 0.0011329 0.00424062 -0.00607865 0.0095604 -0.00137164 0.0122191 -0.00372575 -0.00590273
internal_weight=12217.2 10871.8 10311 1345.4 862.014 455.368 560.83 333.121 9977.89 4719.35 1913.7 821.379 1092.32 316.172 2805.65 180.011 5258.54 2946.31 825.25 2312.23 557.021 505.207 443.592 358.435 118.803 771.847 483.382 71.3668 412.016 504.381
internal_count=115488 89268 82054 26220 20199 11588 7214 2958 79096 40568 12907 5198 7709 1935 27661 1256 38528 21734 7439 16794 5102 3263 2932 2383 945 6886 6021 753 5268 4715
is_linear=0
shrinkage=0.05


Tree=50
num_leaves=31
num_cat=0
split_feature=9 9 31 34 1 3 33 14 31 18 33 19 10 7 10 12 9 13 12 19 0 9 7 4 7 4 13 19 12 31
split_gain=81.1813 17.1548 16.7295 10.4254 9.54074 9.3492 8.37631 9.84781 7.55609 7.36429 8.64807 8.54357 8.43133 7.34351 6.18172 6.1747 16.072 8.21392 8.04748 9.06937 8.41676 12.3047 9.53496 9.09795 8.92733 13.4022 9.12298 7.73149 11.35 6.93013
threshold=-0.28999999999999992 -0.85499999999999987 16.500000000000004 6.5000000000000009 0.55315318673988878 0.095830716180940356 55.45000000000001 0.054097090721294552 11.500000000000002 0.28991596638655465 53.750000000000007 0.10359135784804692 0.12752548025655877 -0.19999999999999998 0.11766730091899115 0.13586239961644495 1.6050000000000002 0.073350071736011491 0.13652714192282542 -0.094339622641509455 15.269043482882159 1.3450000000000004 -1.0000000180025095e-35 0.21518987341772158 0.096153846153846173 0.10654329333558678 0.1623310810810811 0.35243694167104572 0.093836325966850834 36.500000000000007
decision_type=2 2 2 8 8 8 2 8 2 10 2 2 10 2 10 10 2 10 10 2 8 2 2 10 2 10 10 2 10 2
left_child=1 -1 3 -2 6 -3 7 -5 13 11 -11 14 -12 -6 -9 27 17 -17 -19 -20 21 23 -22 24 25 26 -21 -4 -29 -24
right_child=2 5 15 4 8 -7 -8 9 -10 10 12 -13 -14 -15 -16 16 -18 18 19 20 22 -23 29 -25 -26 -27 -28 28 -30 -31
leaf_value=-0.019680098603043514 0.010645674734133767 -0.0186998869183275 0.0053971200343280075 -0.014712369799098474 -0.037625904419115022 -0.0057575513100637278 -0.00020916380619227733 0.0017098786438672559 -0.0013818830688306653 0.03276950292226552 0.018808825891344569 -0.014468945357369185 -0.013066941142809586 -0.0072162945098186541 0.020092577994942476 -0.019599023872584581 0.009908486010043684 -0.019028282535207663 -0.019342739361092823 -0.010334352601089461 -0.012249290813416412 0.017631885348532318 0.0074856968758407723 0.0079831604952251538 -0.023470481558391466 -0.021858518914864501 0.016979443964932478 -0.025204384481189886 0.0063800920610414761 -0.0090184626089411558
leaf_weight=291.25404477794655 206.14145685639232 150.6268444621237 3639.786669883877 44.948232014663517 20.589332666248083 1895.2385837654583 1802.7963031120598 112.78965809661895 1251.249336832203 62.626032248139381 66.97707756049931 47.89958618953824 30.053727064281702 554.97672615665942 76.923570468090475 57.359848227351904 434.78834578022361 55.024022430181503 55.277053827419877 55.019742161035538 79.265277493745089 55.607078224420547 692.9541308414191 75.306205809116364 102.09125193580985 75.74760215356946 68.798445051535964 51.527772622182965 63.492702031508088 70.033820454031229
leaf_count=14979 1482 4039 14893 429 265 39518 14554 941 7880 395 478 380 227 5795 538 229 2803 226 225 210 313 206 2684 313 365 296 244 213 249 297
internal_value=5.58548e-05 -0.00832672 0.00203275 -0.000324416 -0.00087979 -0.00671043 0.00130346 0.00747001 -0.00356284 0.00997979 0.0182847 0.00439956 0.00893582 -0.00830412 0.00916356 0.00382318 0.00148179 -0.00105815 -0.000290353 0.000484804 0.00134454 -0.00432451 0.00425609 -0.00756337 -0.0114444 -0.00529231 0.00484231 0.00499379 -0.00776937 0.0059708
internal_weight=12247.2 2337.12 9910.05 4277.97 4071.83 2045.87 2245.01 442.218 1826.82 397.27 159.657 237.613 97.0308 575.566 189.713 5632.08 1877.27 1442.48 1385.12 1330.1 1274.82 432.57 842.253 376.963 301.657 199.566 123.818 3754.81 115.02 762.988
internal_count=115666 58536 57130 33364 31882 43557 17942 3388 13940 2959 1100 1859 705 6060 1479 23766 8411 5608 5379 5153 4928 1634 3294 1428 1115 750 454 15355 462 2981
is_linear=0
shrinkage=0.05


Tree=51
num_leaves=31
num_cat=0
split_feature=9 9 9 3 2 14 3 11 2 0 36 14 5 16 2 12 14 6 32 6 4 13 3 5 36 4 34 0 0 3
split_gain=76.4443 16.1019 12.459 8.01046 7.69674 7.85433 7.38095 8.68378 7.22657 7.06896 7.01405 13.0404 6.89864 7.84604 6.59085 10.6266 8.98297 8.41323 11.0204 12.4538 9.40281 8.9698 8.91526 8.39231 7.64798 7.52744 7.39128 14.6394 7.25218 6.95075
threshold=-0.28999999999999992 -0.85499999999999987 0.22499999999999995 0.095830716180940356 0.0073787090039503919 0.053486939107854146 0.95551429334822302 0.13265701936321467 -0.0085453103533770797 16.767486556555035 4.5000000000000009 0.10184242287093613 0.072939916224263726 -449.99999999999994 -0.017336530208082342 0.060075187969924816 0.10460894753781784 0.10716143897725584 73.500000000000014 0.074098155372537708 -0.14953746399064466 0.081725417439703171 0.74518860112259078 0.2325672451785617 3.5000000000000004 -0.022000752940397727 28.500000000000004 15.876309120246935 15.456547803132358 0.26369475461524522
decision_type=2 2 2 8 2 8 8 10 2 10 2 8 8 10 2 10 8 8 8 10 10 8 10 10 2 8 8 10 8 8
left_child=1 -1 4 -3 6 -6 9 -8 -5 12 11 -7 13 -2 15 16 -4 18 19 21 28 -16 -23 -19 -20 -24 -17 29 -21 -28
right_child=2 3 14 8 5 10 7 -9 -10 -11 -12 -13 -14 -15 17 26 -18 23 24 20 -22 22 25 -25 -26 -27 27 -29 -30 -31
leaf_value=-0.019151317972352394 0.031353609134817155 -0.017751860369109414 0.0037394839989037748 -0.010107546528396781 -0.014411422444672759 0.020223747582353326 -0.013363519236678882 0.0019144729335577192 -0.0034873278030831006 0.025169279788511512 -0.00028803344427098283 0.00126891439704194 -0.0031666938851509841 0.0029279711581415395 0.022048077200393854 0.0029675286955793108 -0.018292829643180412 0.0070910592863544109 0.0036211141310842966 -0.026843845705442928 0.0027426269599365315 -0.0075002917368724061 -0.0032136563673748433 -0.0055103972554526879 -0.0086766716096441758 0.018268756864463241 -0.00074039566077286679 0.015114151206943417 0.0014729795327374951 -0.017861161148467558
leaf_weight=287.20828015636653 28.54926966316998 146.82961030199658 74.275121006183326 609.0467534919735 60.843073014169931 155.97902801353484 297.65715363062918 135.27603093534708 1275.5302113154903 25.256725624203682 408.30858294758946 216.93984816037118 1033.4432724481449 162.16797906067222 135.84714936092496 2443.0348297348246 122.67242633458227 2203.4454741682857 199.99907689075917 49.970244023948908 988.2189124552533 81.784611601382494 57.186433594673872 140.5513358283788 343.66503870859742 142.11357168853283 99.92977674305439 69.366149585694075 41.297757361084223 145.74274517595768
leaf_count=14979 263 4039 371 12679 670 1174 2971 1204 26839 187 3610 1626 9501 1577 588 11520 655 10016 919 249 4479 389 247 697 1718 626 536 330 207 800
internal_value=9.93175e-05 -0.00806994 0.00201966 -0.00650321 -0.00101029 0.00289206 -0.00296355 -0.0085897 -0.00562681 -0.00101404 0.00423968 0.00919706 -0.00155425 0.00718312 0.00306187 0.00123681 -0.00998375 0.00429203 0.0019442 0.00415925 0.00132447 0.0114988 0.00640039 0.00633545 -0.00415265 0.0121047 0.00203804 -0.00516988 -0.0140308 -0.0108971
internal_weight=12182.1 2318.61 9863.52 2031.41 2524.42 842.071 1682.35 432.933 1884.58 1249.42 781.227 372.919 1224.16 190.717 7339.1 2955.02 196.948 4384.08 2040.08 1496.42 1079.49 416.932 281.085 2344 543.664 199.3 2758.07 315.039 91.268 245.673
internal_count=115666 58536 57130 43557 22783 7080 15703 4175 39518 11528 6410 2800 11341 1840 34347 14212 1026 20135 9422 6785 4935 1850 1262 10713 2637 873 13186 1666 456 1336
is_linear=0
shrinkage=0.05


Tree=52
num_leaves=31
num_cat=0
split_feature=9 31 9 3 1 6 18 11 6 1 33 14 7 13 0 16 6 11 19 11 10 9 37 6 0 4 34 14 10 4
split_gain=70.6689 17.753 13.1786 9.19781 8.25908 7.71737 8.71067 8.181 9.72105 7.17762 6.87537 7.85747 6.61337 9.69136 6.14468 5.65985 6.26913 8.05646 5.71496 5.37101 6.05362 5.33838 9.23969 8.04326 5.52856 5.5908 5.66885 5.32522 5.23995 5.2264
threshold=-0.38499999999999995 14.500000000000002 -0.85499999999999987 0.0027727659343630283 0.55315318673988878 0.14750914374374449 0.30384615384615393 0.076970855231724811 0.12602182871143783 0.92907505800718992 56.150000000000013 0.053486939107854146 -0.15384615384615383 0.11443452380952382 13.308880905529589 750.00000000000011 0.10006105006105008 0.09589916967382546 0.066806136680613679 0.11521238228811863 0.11702526695503665 0.19499999999999998 6.5000000000000009 0.12602182871143783 15.823380951517969 0.19130951652520523 9.5000000000000018 0.14430425193619534 0.12069546817959868 0.054054054054054071
decision_type=2 2 2 8 8 10 8 8 8 10 2 8 2 10 8 8 10 10 2 8 8 2 2 8 10 10 10 8 10 8
left_child=2 4 -1 -4 10 7 -7 8 -6 12 11 28 13 -9 -12 16 17 -13 -18 -8 -21 23 -23 24 25 26 -14 -20 -2 -5
right_child=1 -3 3 29 5 6 19 9 -10 -11 14 15 21 -15 -16 -17 18 -19 27 20 -22 22 -24 -25 -26 -27 -28 -29 -30 -31
leaf_value=-0.018609617801953336 -0.0014787284007040501 0.0033051030827132817 -0.022666990100272278 -0.0039485618038861718 -0.017962040760115486 -0.030710905099246212 -0.01814088114955777 -0.034324359721541187 0.014691374816928915 -0.027844579208995041 0.012599758361131164 0.0024706328714374161 -0.001688012798847527 0.008113875130065713 -0.0019120006382491084 -0.017291706625798823 0.00609568842305432 0.017929905963072198 -0.00098342245703419442 0.021868011981680091 -0.0064209706262264386 0.0072744024735779305 -0.02133283823508959 0.010262456490968812 0.0082065752955638518 0.010227652310212398 -0.014859171043308415 -0.029321221847042913 -0.032556199983510545 -0.010009092529977226
leaf_weight=283.22657635132782 37.771428479813039 6614.4982224330306 88.011056042043492 1023.0718375741271 139.72718168981373 50.198647292330861 70.76581221818924 32.681055586785078 27.235440537333488 23.821352015249431 77.151872206479311 139.7756143277511 135.61566899949685 22.864660250023007 1337.9708767579868 24.278229851275682 213.85170180536807 212.25139251537621 53.634276319295168 23.711250824853778 93.419184388592839 383.9362791152671 30.465482845902443 102.76546003762633 65.132536884397268 39.590813939459622 205.46039253566414 23.995618119835854 21.163322627544403 545.35577660496347
leaf_count=14979 419 29032 2761 23929 1379 469 671 336 224 244 686 1338 1419 188 12759 232 1838 1729 445 189 839 2541 227 988 632 378 2266 220 219 12090
internal_value=0.000105773 0.00176879 -0.00864266 -0.00693845 -0.00106242 -0.00398009 -0.0122083 -0.00236007 -0.0126355 -0.000714137 0.000909244 0.00486234 -7.95998e-05 -0.0168552 -0.00112083 0.00640686 0.00730096 0.0117917 0.00187747 -0.00726506 -0.000694302 0.000888049 0.00517129 -0.00234763 -0.00525451 -0.00755771 -0.00962217 -0.00974272 -0.0126386 -0.00605586
internal_weight=12143.4 10203.7 1939.67 1656.44 3589.24 1447.39 238.095 1209.3 166.963 1042.33 2141.84 726.722 1018.51 55.5457 1415.12 667.787 643.509 352.027 291.482 187.896 117.13 962.967 414.402 548.565 445.799 380.667 341.076 77.6299 58.9348 1568.43
internal_count=115666 61907 53759 38780 32875 12990 2168 10822 1603 9219 19885 6440 8975 524 13445 5802 5570 3067 2503 1699 1028 8451 2768 5683 4695 4063 3685 665 638 36019
is_linear=0
shrinkage=0.05


Tree=53
num_leaves=31
num_cat=0
split_feature=31 31 9 1 34 33 39 2 1 9 12 19 34 1 11 11 17 1 33 11 11 40 19 7 2 34 0 39 37 1
split_gain=66.2642 14.9175 12.6537 9.31614 7.84616 7.26493 7.3337 5.92538 9.71213 8.27492 8.28948 8.19272 7.75455 7.04064 7.93052 7.67898 6.02161 6.3231 10.9618 6.1792 8.04366 6.13411 6.06953 9.37041 6.1245 5.86793 10.3886 7.17313 6.39162 5.65263
threshold=6.5000000000000009 14.500000000000002 -0.85499999999999987 0.28793672530069753 38.500000000000007 56.150000000000013 15.500000000000002 -0.017336530208082342 0.19876698534464857 0.27000000000000007 0.060075187969924816 0.11988023952095805 13.500000000000002 0.36798821771296353 0.10182013056611129 0.12945124402869043 1.0000000180025095e-35 0.26485109367241061 56.45000000000001 0.05007836990595612 0.058932059908834385 inf 0.012712092647454867 0.1076923076923077 -0.004403849759120732 28.500000000000004 15.456547803132358 15.500000000000002 3.5000000000000004 0.48244570987720775
decision_type=2 2 2 8 10 2 2 2 8 2 10 2 10 8 10 10 10 8 2 8 8 8 2 2 2 8 10 2 2 10
left_child=2 5 -1 -4 -5 6 29 8 -3 -10 11 12 -11 14 -12 -16 17 18 -9 -19 -21 22 23 -18 -24 27 28 -15 -27 -2
right_child=1 7 3 4 -6 -7 -8 16 9 10 13 -13 -14 25 15 -17 21 19 -20 20 -22 -23 24 -25 -26 26 -28 -29 -30 -31
leaf_value=-0.018124266823868057 0.0051116453120871996 -0.019689762650260359 -0.0023580433354065773 -0.0083806362361461446 -0.023613131668111787 -0.0024949729890048227 0.020769595935450944 -0.0036508186207145858 -0.0091378264246006896 0.015460093951868446 0.023847791218816645 -0.023233376627142362 -0.013413974554030029 0.0037707573361230699 -0.0090796628351296933 0.015521416121575041 -0.011300012090615756 0.019569673958979704 0.02620346129929569 -0.013615711485566319 0.0034219632322757439 0.024434976613826577 0.0020818106440291572 0.01603288667409785 0.021427005660287633 -0.0031801841499190294 0.010378676394077038 -0.015813023902236014 -0.02439112543616731 -0.0019613904567832201
leaf_weight=279.607904061093 549.21967616677284 53.936491850763559 725.11566487257369 873.50565768359229 93.596950805047527 2338.8902553659864 51.484381951391697 50.297169240191579 163.49063358642161 44.844783497974277 84.114154100418091 59.746722016483545 48.29535854421556 1789.200689477846 59.350992450490594 68.134869314730167 80.029735803604126 57.698366658762097 79.106720738112926 70.737608226016164 3349.0840870095417 64.759373290464282 68.113323292694986 51.557024236768484 102.45354885235429 74.793232889845967 69.058059202507138 48.012731831520796 67.633034378290176 581.60551242996007
leaf_count=14979 4723 225 18852 18548 2518 21610 306 226 998 199 290 274 217 7828 248 260 372 227 290 303 14673 254 293 212 434 368 311 202 343 5083
internal_value=0.000115097 0.00174809 -0.0082706 -0.00664247 -0.00985485 -0.000880239 0.00231409 0.0031494 0.00130869 0.00174824 0.00248576 -0.00878196 0.000488209 0.00324791 0.011931 0.00406839 0.00436792 0.00374715 0.0145996 0.00334331 0.00306955 0.0104704 0.00747746 -0.000590706 0.0137018 0.00235108 -0.00553597 0.00325897 -0.0132525 0.00147384
internal_weight=12097.5 10125.6 1971.83 1692.22 967.103 3521.2 1182.31 6604.45 2630.61 2576.68 2413.18 152.887 93.1401 2260.3 211.6 127.486 3973.84 3606.92 129.404 3477.52 3419.82 366.913 302.154 131.587 170.567 2048.7 211.484 1837.21 142.426 1130.83
internal_count=115666 60769 54897 39918 21066 31722 10112 29047 11763 11538 10540 690 416 9850 798 508 17284 15719 516 15203 14976 1565 1311 584 727 9052 1022 8030 711 9806
is_linear=0
shrinkage=0.05


Tree=54
num_leaves=31
num_cat=0
split_feature=9 9 9 3 33 6 34 18 10 3 11 6 10 12 9 18 15 1 6 9 5 10 10 35 39 19 9 11 1 10
split_gain=61.4585 12.9985 11.9063 8.84019 8.61884 11.7226 5.82662 7.10407 11.9358 6.69011 11.3684 11.0441 9.43491 8.50887 6.47722 8.64752 6.76444 6.3283 6.30281 6.11635 7.01849 5.92333 5.88942 10.9337 10.122 8.2512 7.44785 9.42552 7.06158 6.5613
threshold=-0.38499999999999995 0.22499999999999995 -0.8849999999999999 0.0082278861766629068 56.150000000000013 0.070430667143740064 7.5000000000000009 0.12132352941176472 0.11918777891731576 0.74518860112259078 0.18762380916033311 0.20674698795180727 0.11441162781677851 0.081165540540540551 1.1850000000000003 0.60555555555555574 1.0000000180025095e-35 0.42478079473247576 0.18424618456710887 1.425 0.19049014682074475 0.14266116162832712 0.093674452944350631 15.500000000000002 7.5000000000000009 0.18735730593607305 1.3300000000000003 0.11167838501788706 0.70000023440049508 0.078478174490548919
decision_type=2 2 2 8 2 8 8 10 10 10 10 8 10 8 2 8 8 10 10 2 10 10 10 2 2 2 2 8 8 8
left_child=2 4 -1 -4 -2 -6 7 8 17 10 11 12 22 -14 15 16 -15 -3 -11 20 21 -9 23 -8 -25 28 27 -24 -26 -30
right_child=1 6 3 -5 5 -7 9 19 -10 18 -12 -13 13 14 -16 -17 -18 -19 -20 -21 -22 -23 26 24 25 -27 -28 -29 29 -31
leaf_value=-0.020889296830096507 0.0025721595963961856 0.023079401704445661 -0.021229171594657741 -0.0060140484495463768 -0.014755824589604291 -0.0018461558743959501 -0.021653466152423535 0.0069589832485229004 -0.017484332221105237 0.0035468594193863502 -0.02481515082996209 0.019823797734729448 0.015024970342409884 -0.0028062803205572816 0.0076435534258554984 0.0063948890435476836 -0.019560140729976014 0.00014302781312092291 -0.004868145824297474 0.018044634567291808 -0.0057468109848092426 0.024061189773002471 -0.0074404754323868037 0.025430568258018971 0.011458457219395668 -0.019787087292856137 0.003572551192232295 -0.029288794597832131 -0.022229790778846011 0.0043065249409311472
leaf_weight=166.61206226178911 985.79405217431486 42.74976103939116 101.36125852540135 1641.5443239294691 196.62509555183351 1663.9654280627146 54.563089039176702 461.61223831679672 76.554447727277875 4563.6759784370661 47.226540062576532 67.754741700366139 121.6217302326113 182.58534272387624 217.36438438948244 157.08720534481108 89.918346283957362 101.41545940004289 233.92381907626987 141.37190265581012 98.144394673407078 56.866291295737028 136.95651683397591 42.036086138337851 116.79026487469673 47.775716936215758 69.011994041502476 77.183430049568415 40.24309859983623 55.309595817700028
leaf_count=9192 9083 208 3567 41000 2125 16352 294 1988 338 21574 221 289 555 891 1069 663 481 474 1189 637 367 219 664 164 563 260 343 404 207 285
internal_value=0.000109514 0.00165825 -0.00811962 -0.00689891 -0.00120774 -0.00321044 0.00277578 0.00636575 -0.00152845 0.00221993 -0.000666716 0.000105839 -0.000842713 0.00289126 0.000610228 -0.00294849 -0.00833457 0.00694442 0.00313656 0.00866445 0.00651388 0.00883474 -0.00532776 -0.00105402 0.00266583 -0.00101304 -0.0107119 -0.0153154 0.003211 -0.00686954
internal_weight=12055.6 10146.1 1909.52 1742.91 2846.38 1860.59 7299.74 978.714 220.72 6321.03 1523.43 1476.2 1408.45 768.577 646.955 429.591 272.504 144.165 4797.6 757.995 616.623 518.479 639.87 356.718 302.155 260.119 283.152 214.14 212.343 95.5527
internal_count=115666 61907 53759 44567 27560 18477 34347 4231 1020 30116 7353 7132 6843 3659 3104 2035 1372 682 22763 3211 2574 2207 3184 1773 1479 1315 1411 1068 1055 492
is_linear=0
shrinkage=0.05


Tree=55
num_leaves=31
num_cat=0
split_feature=31 31 34 36 12 36 14 34 13 14 12 37 7 14 14 31 11 1 35 1 12 18 34 12 19 6 1 13 14 11
split_gain=62.386 18.9111 11.4135 8.1973 10.5834 7.04448 6.1948 6.3486 6.38624 7.27828 6.16165 5.78376 5.73008 5.61821 6.20095 8.11576 6.50542 5.15076 7.14478 11.0764 9.24382 12.3792 8.24232 7.25528 8.28025 8.25024 7.2087 6.50289 6.51083 7.27133
threshold=6.5000000000000009 14.500000000000002 21.500000000000004 4.5000000000000009 0.051414221517314306 13.500000000000002 0.11866546824173944 5.5000000000000009 0.080981717011128787 0.17686696480594466 0.07419919919919922 5.5000000000000009 0.18846153846153849 0.17686696480594466 0.18343692773630091 21.500000000000004 0.058932059908834385 0.55315318673988878 16.500000000000004 0.66518017845958755 0.12832274758880266 0.35504201680672276 5.5000000000000009 0.11635871296591273 0.28594395957740015 0.10465849438399955 0.96976192012730367 0.10542661000326906 0.15391422736555485 0.11302446647274235
decision_type=2 2 8 2 8 2 8 8 8 10 10 2 2 10 10 2 10 8 2 10 8 10 8 8 2 10 10 10 10 8
left_child=2 3 -1 6 -5 -6 11 -8 9 10 -9 -2 -4 17 15 -15 -16 -3 19 20 21 -19 -20 -24 26 -26 27 28 29 -25
right_child=1 13 12 4 5 -7 7 8 -10 -11 -12 -13 -14 14 16 -17 -18 18 22 -21 -22 -23 23 24 25 -27 -28 -29 -30 -31
leaf_value=-0.0057927484526065645 0.0063359189144598042 0.0063521477559927752 -0.016460473270265778 -0.026195657828867611 -0.0036943099140725418 0.011047075252444784 0.02334191374900459 -0.011370005563733616 -0.0050456731087457655 0.027016097955656754 0.016479340321734006 -0.0062078411516727104 -0.0043692210118514594 -0.019695706598440884 -0.013938283783228634 0.0013618491641158113 0.0022438131001792784 -0.011318435060634402 0.020485524765540886 0.01289702584216236 -0.028576674808535787 0.014900233605436717 0.00017301381119102816 0.0203648267421222 -0.023603889263374839 0.0042716150706233035 -0.0086061139722377784 0.0054468536358500616 0.029811230685996178 0.0025472254744969588
leaf_weight=1327.955077480874 628.94828872941434 1479.2644636258483 490.09434288134798 50.706460518762469 1885.3835814064369 84.682389394380152 23.859543370082974 49.941449079662561 578.68042112002149 34.564563179388642 32.975238118320704 107.61999225430191 122.47008286393248 82.453157868236303 64.574282584711909 102.80986287817359 1626.0118762329221 170.48569381795824 70.653042554855347 77.01549187861383 47.648002088069916 61.175082812085748 1155.4781568525359 101.50465832091868 47.453650567680597 60.238891499117017 76.460928778164089 1124.7018477339298 52.462751621380448 131.36670616269112
leaf_count=35970 5692 6114 15441 556 17197 598 192 471 5360 256 274 986 3579 390 304 495 7412 749 272 338 221 252 5220 423 224 280 411 5096 203 551
internal_value=-0.000192194 0.00139854 -0.00839713 -0.00158012 -0.00364118 -0.00306066 0.00127925 -0.00201873 -0.00288792 0.0077406 -0.000294565 0.00450315 -0.0140431 0.00298431 0.000674068 -0.00801003 0.00162572 0.0039151 0.00278024 -0.003891 -0.00852007 -0.00439482 0.00362309 0.00318981 0.0053764 -0.00801145 0.00634632 0.00715713 0.0138985 0.0103136
internal_weight=11949.6 10009.1 1940.52 3477.36 2020.77 1970.07 1456.59 720.021 696.162 117.481 82.9167 736.568 612.564 6531.76 1875.85 185.263 1690.59 4655.91 3176.64 356.324 279.309 231.661 2820.32 2749.67 1594.19 107.693 1486.5 1410.04 285.334 232.871
internal_count=115527 60537 54990 31582 18351 17795 13231 6553 6361 1001 745 6678 19020 28955 8601 885 7716 20354 14240 1560 1222 1001 12680 12408 7188 504 6684 6273 1177 974
is_linear=0
shrinkage=0.05


Tree=56
num_leaves=31
num_cat=0
split_feature=9 31 36 36 9 3 12 10 14 14 14 2 2 6 33 14 0 6 5 6 39 1 6 2 10 9 2 4 18 36
split_gain=61.8288 19.2144 9.84512 10.0348 8.13852 6.93326 6.71807 6.56741 6.84908 6.27263 7.26308 7.36679 6.93049 6.1135 5.87205 6.02778 6.49148 5.7424 5.50244 7.88711 6.1154 6.25246 6.01346 11.4397 5.43325 5.4102 5.22436 5.20027 5.27663 5.25026
threshold=-0.44499999999999995 14.500000000000002 4.5000000000000009 13.500000000000002 -0.95499999999999985 1.1786673503807433e-05 0.051414221517314306 0.11829865890588746 0.12728667038482991 0.060633912655971491 0.084662138437882159 0.06228349703201639 -0.012456921018172104 0.087809249060232547 55.150000000000013 0.057396658561455809 14.753280719146302 0.10581067459851216 0.064208857175218056 0.074098155372537708 9.5000000000000018 0.22247353083272853 0.071487996196814854 -0.0067701690286266552 0.055851742619743079 4.0500000000000007 0.0098616168556396964 -0.22035186234609241 0.087121212121212141 4.5000000000000009
decision_type=2 2 2 2 2 10 8 10 8 8 10 2 2 8 2 10 8 10 10 8 2 8 10 2 10 2 2 8 10 2
left_child=4 2 14 6 -1 13 -4 -5 -9 12 11 24 -8 -6 15 -2 -17 -18 19 -16 -20 -22 23 -23 -11 -3 -14 28 -7 -29
right_child=1 25 3 7 5 27 9 8 -10 10 -12 -13 26 -15 18 16 17 -19 20 -21 21 22 -24 -25 -26 -27 -28 29 -30 -31
leaf_value=-0.041332441442026219 -0.0049473203861076839 0.0027542869500558464 -0.021351027895393934 -0.0008481041527958268 -0.032365380617361619 -0.00039288826420165885 -0.025189258673191509 0.0069783692601240984 0.041911018936255449 -0.022771406779102183 -0.0052227326783675643 0.023843468359234447 0.0068999215765133673 -0.011905930036610182 -0.017898316456687026 -0.0028936070412744538 0.0072959148134904344 0.024972848245812865 -0.0057709830906388232 0.015759597889537052 0.013633089295773363 -0.0037569879384730439 -0.0024635573297420634 0.034914492740602397 0.0011170499754628563 0.01631301688433066 -0.013393027703308231 -0.0026571057274510537 -0.018113904071920053 -0.0092869286305511146
leaf_weight=19.443803901202045 73.513170654885471 6439.5366828953847 57.219556716270745 60.793031244538724 53.439001443563029 53.608529113698751 69.095382308587432 30.946373617276549 25.671677364036441 24.889669929631054 1273.1903177630156 34.573843057267368 51.02031588088721 115.27491056360304 21.017296308651567 59.995033731684089 92.788233921863139 91.001268174499273 434.9526390992105 101.27959302160889 96.869183752685785 45.320696236565709 442.26566419377923 33.083922695368528 544.95595348952338 74.422817814163864 83.825917653739452 539.57810477796011 194.10218848707154 668.69243663770612
leaf_count=2023 733 28173 693 615 2049 1992 849 270 175 291 12438 259 543 3854 245 551 797 676 4374 923 943 454 4074 244 5452 777 923 13184 8046 18907
internal_value=-0.000174176 0.00126802 -0.00158411 -0.003668 -0.00917594 -0.0087911 -0.00444929 0.0105639 0.0228175 -0.00398468 -0.00308009 0.00143333 -0.0123129 -0.0183863 0.00156694 0.00760245 0.0113868 0.0160484 -6.31896e-05 0.00997533 -0.00122964 0.00196897 -0.000201102 0.012561 7.36519e-05 0.0029092 -0.005715 -0.00767924 -0.0142788 -0.00632624
internal_weight=11906.4 10262.2 3748.27 2256.18 1644.14 1624.7 2138.77 117.411 56.6181 2081.55 1877.61 604.419 203.942 168.714 1492.09 317.298 243.785 183.79 1174.79 122.297 1052.49 617.539 520.67 78.4046 569.846 6513.96 134.846 1455.98 247.711 1208.27
internal_count=115527 65472 36522 22508 50055 48032 21448 1060 445 20755 18440 6002 2315 5903 14014 2757 2024 1473 11257 1168 10089 5715 4772 698 5743 28950 1466 42129 10038 32091
is_linear=0
shrinkage=0.05


Tree=57
num_leaves=31
num_cat=0
split_feature=9 31 33 9 39 10 34 1 12 5 5 3 0 12 9 14 20 39 1 12 33 0 37 12 12 33 31 5 14 1
split_gain=56.8765 17.9173 7.94389 7.92498 7.33466 11.948 5.52708 5.26873 5.23802 5.22468 5.94311 11.0711 7.81212 8.14595 4.74235 4.86927 9.48988 7.85175 7.27024 7.59347 6.88775 6.12382 9.18935 7.68418 7.31714 10.5473 8.18151 8.33433 8.4649 7.25927
threshold=-0.44499999999999995 14.500000000000002 56.150000000000013 -0.85499999999999987 15.500000000000002 0.11918777891731576 23.500000000000004 0.013221249166773601 0.051414221517314306 0.041715003866976026 0.05885560331002631 0.93453790764670075 14.831424965622306 0.11370440936309201 4.5100000000000007 0.17686696480594466 0.23557158712541623 14.500000000000002 0.54553948042440592 0.11635871296591273 53.350000000000001 14.915915731152625 6.5000000000000009 0.2038926681783825 0.0968564845292956 59.95000000000001 29.500000000000004 0.16450914676721132 0.19003820075837671 0.79711436871836916
decision_type=2 2 2 2 2 10 8 10 8 8 8 8 8 8 2 8 8 2 8 8 2 10 2 10 8 2 2 8 10 10
left_child=3 2 4 -1 -2 -6 7 -5 -4 -3 11 12 -11 -14 15 16 -12 21 -18 20 -20 22 23 -17 -23 26 27 -26 -29 -27
right_child=1 9 8 6 5 -7 -8 -9 -10 10 14 -13 13 -15 -16 17 18 -19 19 -21 -22 24 -24 -25 25 29 -28 28 -30 -31
leaf_value=-0.016826106792268904 0.00066753167170487343 0.018187555693955099 -0.017952120714586579 0.013814757452022401 -0.0023548581123433144 0.037178550991290138 -0.012420636702466462 -0.00604657805283456 -0.0028738815184301981 0.0028068559179759995 -0.013666538731893316 0.01132489985948992 -0.0086344736074855551 -0.035992427584539285 0.019123997317843196 -0.00021649801879613362 0.0077966493152411458 -0.014278414214078512 0.018303825096491606 0.0054198416597389769 -0.00093916850277781709 0.012055109680367396 -0.015392634633698221 0.014796484301150062 -0.023394139323290403 0.0057158618320071429 0.0077823159214656743 0.010373418963910485 -0.0087315364686361401 0.028586088065257715
leaf_weight=262.86013832362369 1206.7430720455013 54.567141484469175 59.021987213753164 34.619315471732989 39.80660053063184 36.762575243599713 384.3892950322479 941.09282644733321 2387.0327373580076 59.460545651614666 74.450278840959072 73.223058586940169 68.076292784884572 45.32479590177536 45.008790261112154 1357.0136970411986 1079.8370256237686 79.938526464626193 48.570452600717545 1351.9554866300896 1091.9532521571964 257.56492994911969 94.169084610417485 90.944259439595044 57.854587009176612 104.35573384724557 154.85158733464777 86.530462153255939 175.71462321840227 51.979621682316065
leaf_count=15035 11271 222 721 1057 426 261 11077 22886 23843 251 328 305 332 210 502 5958 4433 347 187 6035 4823 1091 421 444 272 475 894 364 807 249
internal_value=-0.000182566 0.00119665 -0.00156623 -0.00887846 0.0016197 0.016626 -0.00734246 -0.00534188 -0.00323771 0.00278103 0.00265067 -0.00496988 -0.0118722 -0.0195691 0.002953 0.0028348 0.00400149 0.00114035 0.00436971 0.00288503 -0.000119685 0.00164736 -0.000257855 0.000726447 0.00495286 0.00205514 -0.00165279 -0.00621713 -0.00242766 0.0133199
internal_weight=11855.7 10232.7 3729.37 1622.96 1283.31 76.5692 1360.1 975.712 2446.05 6503.34 6448.78 246.085 172.862 113.401 6202.69 6157.68 3646.77 2510.92 3572.32 2492.48 1140.52 2430.98 1542.13 1447.96 888.852 631.287 474.951 320.1 262.245 156.335
internal_count=115527 65472 36522 50055 11958 687 35020 23943 24564 28950 28728 1098 793 542 27630 27128 15806 11322 15478 11045 5010 10975 6823 6402 4152 3061 2337 1443 1171 724
is_linear=0
shrinkage=0.05


Tree=58
num_leaves=31
num_cat=0
split_feature=9 9 31 16 34 9 4 18 4 3 4 11 33 19 36 2 12 33 11 4 11 1 33 14 36 2 19 19 4 32
split_gain=53.7914 18.0414 7.19904 6.96206 6.24361 6.06515 5.95924 5.41539 5.76455 5.20412 5.20163 7.54735 5.14729 5.25543 5.15768 5.32821 5.24224 5.28802 7.94086 4.9941 4.59701 4.37188 6.81741 11.0488 8.70882 5.74628 6.78795 7.41219 6.87842 6.98842
threshold=1.0000000180025095e-35 -0.65499999999999992 14.500000000000002 -149.99999999999997 8.5000000000000018 -0.95499999999999985 0.025516122922486908 0.18465909090909094 0.04142011834319529 1.1786673503807433e-05 -0.14953746399064466 0.12651857286830534 61.45000000000001 0.065088757396449745 14.500000000000002 -0.047461716477847714 0.052402745995423348 52.95000000000001 0.10770467474647541 -0.13771820765249154 0.13483555540996497 0.44528400794226564 54.45000000000001 0.13047162859248343 13.500000000000002 -0.026681750857598933 0.075949367088607569 0.043478260869565168 -0.020356234096692061 74.500000000000014
decision_type=2 2 2 8 8 2 8 8 8 10 8 10 2 2 2 2 10 2 10 10 10 8 2 10 2 2 2 2 10 10
left_child=1 5 12 7 6 -1 19 8 -3 -7 11 -4 14 -14 15 20 -17 18 -18 -5 -2 25 23 -23 -24 -12 27 -27 -28 -30
right_child=2 3 10 4 -6 9 -8 -9 -10 -11 21 -13 13 -15 -16 16 17 -19 -20 -21 -22 22 24 -25 -26 26 28 -29 29 -31
leaf_value=-0.040206512029210301 -0.005761669725841005 -0.00084104768698797761 0.0022886750832980282 -0.0052328967626111781 -0.0060004233412123209 -0.022334885256781976 -0.0058076516068512937 -0.0017089010311795783 0.017034366301316006 -0.0097096458848108975 0.00058646728048681359 -0.021149877411041806 0.025116913780329705 0.00052456802208180556 0.014426543840858744 -0.011606349258133719 -0.0058910745608726466 -0.00067691496956074455 0.02572643499423153 0.012776102431601061 -0.025664296352952504 0.0041129882251024451 0.002228681255024421 0.026651521385017776 -0.019380944633201079 0.0075326266629382067 0.00016362918374041282 -0.010415941600693188 0.027111185696334267 0.0051429597911478026
leaf_weight=18.333538719569333 144.11755025945604 85.577822232153267 92.098559075966477 54.559793998487294 1690.8065714826807 91.949693131726235 155.18146394379437 436.27979047503322 95.357742549851537 726.70782028895337 342.66102708131075 54.771264983341098 38.301506265997887 50.194433705881238 51.537995494902134 103.54807986319065 34.302569530904293 1457.0792876761407 47.162492752075195 130.75249071465805 36.326158156618476 207.04285897314548 4803.3122524120845 73.742162249982357 47.08047179505229 452.91059213317931 54.657088099047542 65.889208449050784 120.65665118582547 51.719621062278748
leaf_count=2023 1181 1422 389 877 24555 4305 2218 6197 1405 28314 1420 241 229 359 355 864 239 10674 235 1698 333 839 21696 270 206 1791 235 282 445 230
internal_value=-0.000150264 -0.00536561 0.00203222 -0.00334337 -0.00475646 -0.0117646 0.00142076 0.0013072 0.00857976 -0.0111277 0.00284836 -0.00645212 -0.000615352 0.0111683 -0.00117179 -0.00161288 -0.000716702 1.62004e-05 0.0124132 0.00747388 -0.00976838 0.00306798 0.00245743 0.0100323 0.00201893 0.00594615 0.00840857 0.0052531 0.0156192 0.0205199
internal_weight=11814.6 3485.51 8329.11 2648.52 2031.3 836.991 340.494 617.215 180.936 818.658 6366.54 146.87 1962.57 88.4959 1874.07 1822.54 1642.09 1538.54 81.4651 185.312 180.444 6219.67 5131.18 280.785 4850.39 1088.49 745.833 518.8 227.033 172.376
internal_count=115527 73014 42513 38372 29348 34642 4793 9024 2827 32619 28044 630 14469 588 13881 13526 12012 11148 474 2575 1514 27414 23011 1109 21902 4403 2983 2073 910 675
is_linear=0
shrinkage=0.05


Tree=59
num_leaves=31
num_cat=0
split_feature=9 9 9 36 8 12 38 13 39 6 6 40 18 32 6 19 6 33 2 36 4 8 14 16 9 9 4 14 8 4
split_gain=50.3216 13.8051 9.68104 6.32939 9.38646 9.79548 9.75967 8.71805 8.5312 7.78887 7.81813 9.16095 11.042 7.12195 6.41197 6.97121 6.35909 6.24378 6.10796 5.98299 9.1388 7.28445 5.78323 6.82761 5.60832 5.56089 11.664 7.4108 8.85304 6.84962
threshold=-0.155 -0.65499999999999992 0.44 5.5000000000000009 0.20638945233265724 0.098126750700280124 1250.0000000000002 0.056980519480519486 15.500000000000002 0.15578799796081863 0.061418477935452971 1.0000000180025095e-35 0.46410256410256417 27.500000000000004 0.088265491001328675 1.0000000180025095e-35 0.068996032956972861 60.150000000000013 -0.02717694563697956 7.5000000000000009 0.15141307850747529 0.13079116179615113 0.17917644757433493 -149.99999999999997 -0.95499999999999985 1.2900000000000003 0.30777396700963583 0.20279277123383591 0.15655637254901963 0.30777396700963583
decision_type=2 2 2 2 10 8 2 8 2 10 8 8 8 8 10 2 10 2 2 2 8 8 10 8 2 2 10 8 10 8
left_child=1 24 -2 7 5 9 22 -4 17 10 -5 14 13 -13 -12 -16 -15 25 -3 20 -18 -21 23 -7 -1 26 27 28 -8 -27
right_child=2 18 3 4 -6 6 8 -9 -10 -11 11 12 -14 16 15 -17 19 -19 -20 21 -22 -23 -24 -25 -26 29 -28 -29 -30 -31
leaf_value=-0.039433224218506646 -0.00066132166763544257 -0.010156154181470797 0.025089146300983856 0.010049059386213638 -0.018897775697094502 0.012580576634124575 0.011398660923689082 0.0039971625521246475 -0.0092919141019061988 0.01022915489668666 -0.0015328038041794105 -0.016613644363969043 -0.020331072752329104 -0.016378750207690678 -0.0055980343531027172 -0.027797041521831725 -0.016575989967887214 0.017564478233033445 -0.0025201497744940667 0.0035082386073421127 0.0054350301825474585 0.021645132511083943 -0.016047724420232137 -0.0065071631151121844 -0.010853270501311969 0.0061941723102357411 -0.019106509020043249 -0.0041445799996296627 -0.0084014018455743598 0.020776174783062953
leaf_weight=17.537178491824307 2999.4932098733261 311.95874132961035 49.758805353194475 99.839980250224471 57.658467854373157 71.541445109993219 375.53121067769825 3178.8090204405598 84.582631710916758 118.70366477873176 75.064711082726717 58.428767088800669 73.698707953095436 45.231865722686052 56.789997817948461 93.744162085466087 82.911919739097357 128.1713924985379 1631.3750150809065 304.5839547328651 109.35377811547369 67.659868877381086 75.94247021805495 135.73530823923647 809.35055503086187 260.43607167433947 54.318786872550845 159.71297580190003 66.443171907216311 116.58255146350712
leaf_count=2023 22444 5607 196 426 331 323 1535 14077 423 559 371 308 341 222 319 489 363 525 25750 1398 518 300 350 612 32619 1278 280 675 269 596
internal_value=-0.000155529 -0.00604835 0.00165815 0.00281745 0.00106524 0.00148919 0.00413427 0.00432223 0.00603896 -0.00192083 -0.00327212 -0.00464683 -0.00196379 6.21066e-05 -0.0134698 -0.0194223 0.00166007 0.00715567 -0.00374594 0.00310545 -0.00405692 0.00680484 -0.00424379 8.09586e-05 -0.0114594 0.00586421 0.00308313 0.00508635 0.00842207 0.0107033
internal_weight=11771 2770.22 9000.73 6001.24 2772.67 2715.01 1529 3228.57 1245.78 1186.01 1067.31 967.468 741.869 668.17 225.599 150.534 609.741 1161.2 1943.33 564.51 192.266 372.244 283.219 207.277 826.888 1033.02 656.006 601.687 441.974 377.019
internal_count=115527 65999 49528 27084 12811 12480 6866 14273 5581 5614 5055 4629 3450 3109 1179 808 2801 5158 31357 2579 881 1698 1285 935 34642 4633 2759 2479 1804 1874
is_linear=0
shrinkage=0.05


Tree=60
num_leaves=31
num_cat=0
split_feature=9 9 2 34 31 33 1 32 20 13 32 33 12 8 13 1 32 8 0 8 31 9 16 14 20 13 2 0 14 1
split_gain=46.4024 16.4622 6.12139 5.85464 7.17038 7.08987 6.29338 7.4933 9.73115 8.82606 15.9516 11.4545 8.65694 10.4753 8.28946 7.96482 6.93825 8.36276 7.02561 8.06101 7.18071 8.80775 8.39364 6.75566 7.04511 6.99221 6.71293 6.55574 6.27564 6.27746
threshold=1.0000000180025095e-35 -0.73499999999999988 -0.0085453103533770797 7.5000000000000009 14.500000000000002 61.050000000000004 0.56701550913430909 71.500000000000014 0.31158186076218869 0.13468357883251503 80.500000000000014 56.650000000000013 0.11985915492957748 0.12158167036215818 0.11159003831417626 0.39451677539734603 53.500000000000007 0.17192118226600989 14.302187341919224 0.10380747126436783 24.500000000000004 0.44500000000000012 250.00000000000003 0.17487447646136783 0.32515060240963861 0.18394199785177232 -0.00073024906644479333 14.048796152596587 0.048802540466634327 0.58321843345362023
decision_type=2 2 2 8 2 2 8 10 10 10 10 2 8 10 8 10 8 10 8 8 2 2 10 8 10 10 2 10 10 10
left_child=1 -1 -3 5 -5 -2 7 12 9 10 -9 -12 13 -6 -14 -16 17 28 19 -18 -20 -22 23 24 25 -23 -11 -21 -8 -30
right_child=3 2 -4 4 6 -7 16 8 -10 26 11 -13 14 -15 15 -17 18 -19 20 27 21 22 -24 -25 -26 -27 -28 -29 29 -31
leaf_value=-0.012418478686969424 0.0045783594286418336 -0.0061364697407715321 -0.0013630893660705641 -0.0011718840086603966 0.0058161590240330104 0.021090363226727672 0.0074786660787841954 -0.024957949710570894 -0.02198239484346547 0.018794965041533121 0.024084686310433159 -0.0059023065149333628 0.02812621479121203 -0.012718207988311393 0.01952732389107361 0.0035681996733580679 0.0096810115046325144 -0.022645356304002297 0.0013493803986898937 -0.0032657435226419057 0.030477473520830013 0.0096135545303141709 0.018748445468227976 -0.00031177275681560203 0.023412317867152976 -0.0089143581276860361 -0.0028425789369932635 -0.024031211310945266 -0.01792037109488466 -0.0011953111179429541
leaf_weight=569.7320532767335 1062.0330355847254 1062.3921755503397 1826.0936445109546 1650.4107858994976 886.63933432474732 69.248630939051509 203.3165596043691 66.807388793677092 48.348334746435285 98.51300186663866 49.454502504318953 89.43843362852931 73.384837936609983 83.405709253624082 125.22413375601172 208.10579572059214 64.464154433459044 44.542762843891978 1114.6308098081499 98.855910719372332 39.271371956914663 252.52785020880401 117.16324384603649 384.07828240003437 69.950319494120777 63.783276503905654 56.349245781078935 61.750084966421127 59.060421403497458 1120.5199861158617
leaf_count=27403 5184 17331 28248 12429 3727 273 903 323 218 417 209 391 280 365 476 870 295 210 4930 496 127 1225 579 2089 346 341 260 296 260 5104
internal_value=0.00021191 -0.00465086 -0.00311875 0.00224749 0.00171729 0.0055891 0.00258749 0.00502464 -0.00091857 0.00190591 -0.00488172 0.00477492 0.00678982 0.00422255 0.012913 0.00956366 0.00140936 -0.00132118 0.00312907 -0.00525476 0.0040534 0.00730553 0.00628019 0.00438385 0.00905294 0.00587745 0.0109218 -0.0112497 -0.000634334 -0.00203272
internal_weight=11719.5 3458.22 2888.49 8261.28 7130 1131.28 5479.59 1785.67 408.911 360.563 205.7 138.893 1376.76 970.045 406.715 333.33 3693.92 1427.44 2266.48 225.07 2041.41 926.774 887.503 770.34 386.261 316.311 154.862 160.606 1382.9 1179.58
internal_count=115605 72982 45579 42623 37166 5457 24737 7536 1818 1600 923 600 5718 4092 1626 1346 17201 6477 10724 1087 9637 4707 4580 4001 1912 1566 677 792 6267 5364
is_linear=0
shrinkage=0.05


Tree=61
num_leaves=31
num_cat=0
split_feature=9 9 31 19 0 31 32 36 16 19 10 7 7 33 18 35 20 34 34 35 8 9 38 8 0 0 19 36 33 32
split_gain=43.4838 13.5236 6.3273 5.29303 12.9169 6.34754 5.22215 5.17362 8.00294 8.16838 7.38219 11.286 8.02303 7.69599 6.56347 6.02487 5.64883 5.63394 5.04842 4.94435 5.37587 4.84176 5.66278 4.84022 4.76325 5.77706 5.41606 4.81266 4.58462 4.2761
threshold=-0.11000000000000001 -0.78499999999999992 14.500000000000002 0.35243694167104572 13.940690922292589 19.500000000000004 19.500000000000004 4.5000000000000009 650.00000000000011 -0.0118703768932723 0.09600280308339175 1.0000000180025095e-35 -0.015384615384615384 58.550000000000004 0.36602870813397131 14.500000000000002 0.39482065035199471 13.500000000000002 8.5000000000000018 12.500000000000002 0.085960591133004943 0.63000000000000023 1450.0000000000002 0.12158167036215818 14.818747697185293 15.172363966127625 -0.11764705882352937 5.5000000000000009 53.650000000000013 50.500000000000007
decision_type=2 2 2 2 10 2 8 2 10 2 10 2 2 2 10 2 8 10 8 2 8 2 2 10 8 8 2 2 2 8
left_child=1 -1 7 -4 -5 -6 -3 8 9 -2 12 13 15 28 23 17 -14 -9 -8 -18 -21 22 -22 29 -13 -26 -27 -28 -12 -15
right_child=2 6 3 4 5 -7 18 10 -10 -11 11 24 16 14 -16 -17 19 -19 -20 20 21 -23 -24 -25 25 26 27 -29 -30 -31
leaf_value=-0.013549504166430701 0.01022058363098091 0.011287163553005429 0.0029936352890087168 -0.022359456746346894 0.019945648764544965 -0.0049957292755167856 0.00082388311425603288 0.014637778958821136 -0.023664900925221936 0.00014886411770092051 0.022988257624424954 0.0020464152367127429 0.015714593761042919 -0.020964645983811227 -0.020780739154508492 -0.018372247833442455 0.016662590529479354 -0.01673594947366791 -0.0052000028947804993 -0.026211949234059236 -0.017876204638121694 0.016649700460380792 0.0018092099211202018 0.018525862303598335 -0.030074032302961896 -0.029077379011985528 0.0055239775873756206 -0.0092081949479173985 0.0063543684024141775 0.0060956774659979259
leaf_weight=413.73508218885399 303.69834630377591 56.242695047520101 6174.8191039464436 70.547470390796661 43.413074037060142 61.85715070553124 423.13126424886286 31.225381720811129 27.860180869698524 597.1276970077306 46.03223878890276 142.92895538546145 42.111117121763527 26.356819791719317 46.408060440793633 175.43065022025257 25.254814766347408 26.413732819259167 1953.8920306107029 30.333326892927289 65.357879999093711 25.665207719430327 82.833181107416749 30.592988483607769 29.380153574049473 24.862690951675177 80.28923480398953 179.0877020843327 413.82691267225891 32.725558354519308
leaf_count=22036 2258 1278 27800 331 182 301 7543 239 222 4617 264 1127 374 243 388 1607 182 247 36240 283 628 154 728 217 273 239 650 1531 3160 263
internal_value=0.00018156 -0.00519238 0.00191298 0.00275006 -0.00580444 0.00529001 -0.0037714 -0.000225549 0.00272811 0.00354437 -0.00198715 0.000396689 -0.0069591 0.0049285 -0.00551654 -0.0137643 -0.00111836 0.000260437 -0.0041277 -0.0042078 -0.00678911 -0.00340034 -0.0068728 0.00238287 -0.00551877 -0.00896653 -0.00678477 -0.0046479 0.00801943 -0.00597601
internal_weight=11683.4 2847 8836.44 6350.64 175.818 105.27 2433.27 2485.8 928.686 900.826 1557.12 1052.49 504.625 595.943 136.083 233.07 271.556 57.6391 2377.02 229.444 204.19 173.856 148.191 89.6754 456.549 313.62 284.24 259.377 459.859 59.0824
internal_count=115605 67097 48508 28614 814 483 45061 19894 7097 6875 12797 8355 4442 4535 1111 2093 2349 486 43783 1975 1793 1510 1356 723 3820 2693 2420 2181 3424 506
is_linear=0
shrinkage=0.05


Tree=62
num_leaves=31
num_cat=0
split_feature=9 9 1 6 36 6 3 13 1 12 5 18 0 40 6 33 1 8 10 33 1 1 5 36 0 5 39 10 10 1
split_gain=40.8659 14.5996 5.47966 6.06714 5.55447 6.48595 5.02831 4.67054 11.548 8.2307 12.648 11.4821 8.36907 7.87111 7.819 7.77725 7.48084 6.80567 11.4658 8.08628 6.87645 6.86275 6.48041 5.71758 6.17906 5.61875 5.65434 5.59007 7.80094 10.298
threshold=0.029999999999999954 -0.73499999999999988 0.33181408652014283 0.12659389153408435 9.5000000000000018 0.17586389514100362 1.1786673503807433e-05 0.11521443158611301 0.6165532142186142 0.077221228384019097 0.089600555244784233 0.095454545454545472 15.37495676045806 1.0000000180025095e-35 0.16420098918895262 53.45000000000001 0.67601559014570012 0.093386627906976757 0.13929169902699393 59.050000000000004 0.81061824830708162 0.74035697118201815 0.14347452562378607 4.5000000000000009 15.808602986072678 0.18972968241537522 8.5000000000000018 0.12281550103498592 0.1249203976313201 0.70307428006409145
decision_type=2 2 8 8 2 10 10 8 10 10 10 10 10 10 10 2 8 10 10 2 10 10 10 2 8 10 2 8 10 10
left_child=1 6 4 -4 5 -3 -1 8 -2 10 23 -12 14 -14 17 16 -9 19 -19 20 21 22 -11 -10 -25 26 -13 -17 29 -29
right_child=7 2 3 -5 -6 -7 -8 15 9 12 11 25 13 -15 -16 27 -18 18 -20 -21 -22 -23 -24 24 -26 -27 -28 28 -30 -31
leaf_value=-0.025342815235028751 0.0029857760961765258 0.0023767151395844206 -0.0064076826743458635 -0.00026150204726063105 -0.0084140987479886988 -0.024993930367004268 -0.010119082784196778 0.027057849942432922 -0.019855122858172577 0.0046132427244488768 -0.0088423343399381318 0.034281423077047811 -0.0053902075280847367 0.011826582074417332 0.0087366417987679284 0.0047149098684241579 0.0030807133675381068 -0.016687511863511934 0.007934181468104649 -0.020450269808701071 -0.017932174160006111 0.01533156151326878 -0.015494895862475848 -0.011274311186062674 0.014346529050709246 0.0011281304885846491 0.013769292037829745 -0.021729308292111952 0.0018920698250598979 0.0045248927051684549
leaf_weight=60.862147850799374 2499.5216269297525 822.5737422821112 1319.5751672452316 577.14033663342707 163.40527328918688 22.229224622249603 498.50474020419642 66.374555924907327 62.488658304326236 111.40113559737802 65.41644886508584 47.089326007291675 138.54034821130335 127.46210602112114 69.316794518381357 2051.1866319561377 63.799803195521235 343.93492298945785 54.819942072033882 60.652012787759304 47.182892059907317 76.726595665328205 62.574485972523689 55.645231317728758 40.778588837012649 54.559318592771888 117.25603392906487 83.155854362994432 1816.0783454561606 67.806266369763762
leaf_count=3633 13510 14287 19823 7768 3546 393 23770 273 333 536 360 211 710 608 362 10426 269 1778 275 339 262 363 328 309 203 280 603 479 9247 321
internal_value=0.000173333 -0.00437857 -0.00295423 -0.0045375 2.432e-05 0.00165651 -0.0117755 0.00210021 0.000889124 -0.00252309 0.00322378 0.00953829 -0.00485439 0.00285967 -0.00733677 0.0032783 0.0153064 -0.00880801 -0.0133026 -0.00380928 -0.000421028 0.00287462 -0.00261913 -0.00807394 -0.000439004 0.0150311 0.0196466 0.00288864 0.000984242 -0.00993695
internal_weight=11648.1 3464.29 2904.92 1896.72 1008.21 844.803 559.367 8183.77 4035.37 1535.84 443.234 284.321 1092.61 266.002 826.609 4148.4 130.174 757.292 398.755 358.537 297.885 250.702 173.976 158.912 96.4238 218.905 164.345 4018.23 1967.04 150.962
internal_count=115605 73220 45817 27591 18226 14680 27403 42385 21370 7860 2299 1454 5561 1318 4243 21015 542 3881 2053 1828 1489 1227 864 845 512 1094 814 20473 10047 800
is_linear=0
shrinkage=0.05


Tree=63
num_leaves=31
num_cat=0
split_feature=31 31 1 6 34 32 33 14 16 13 11 6 34 14 32 32 33 32 20 7 11 14 1 32 19 33 6 40 33 34
split_gain=38.3694 12.7456 8.58429 7.32905 11.3847 6.93925 5.65682 4.90141 5.70426 4.82448 4.97182 7.17279 5.03866 4.82149 4.75148 4.70387 4.79371 4.67719 5.19229 4.64888 4.55114 4.32958 8.19064 4.22629 4.71101 4.42228 4.21553 4.16957 4.23415 4.14725
threshold=11.500000000000002 1.5000000000000002 0.29871192907959548 0.12832595870206492 14.500000000000002 46.500000000000007 54.550000000000004 0.093297948024049004 -249.99999999999997 0.14650406504065042 0.14063052120141345 0.090569525337425461 22.500000000000004 0.11406339825115229 96.500000000000014 38.500000000000007 56.250000000000007 64.500000000000014 0.40794736842105267 0.046153846153846149 0.094351183869774341 0.12936664386960081 0.67183148844929252 40.500000000000007 0.12527056277056278 58.050000000000004 0.15003320053120853 1.0000000180025095e-35 56.650000000000013 50.500000000000007
decision_type=2 2 8 8 8 8 2 10 8 8 10 8 10 8 8 8 2 10 10 2 10 10 10 8 2 2 8 10 2 10
left_child=1 -1 5 4 7 20 9 8 15 10 11 19 21 -12 17 16 -4 18 -9 -2 26 22 -13 24 -5 -25 -3 28 -17 -8
right_child=6 2 3 23 -6 -7 29 14 -10 -11 13 12 -14 -15 -16 27 -18 -19 -20 -21 -22 -23 -24 25 -26 -27 -28 -29 -30 -31
leaf_value=-0.015208082223399073 0.0052493131943780573 0.00057950972729211268 0.0094948414534052287 -0.0043262534834269846 -0.010899137683650983 -0.0037521627790405043 0.0015137183965449276 -0.010351554065477398 -0.0023147562164022735 0.015557322328940011 -0.015646977594088694 0.0092547608759374952 -0.012876959821465786 0.0061350040893504258 -0.031954535332148266 0.021011266238963901 -0.030860325911352363 0.0034252946074464319 0.019543520963136485 0.02405396011906057 0.0075162582587239421 0.017671999632782522 -0.014231117124108617 0.0042598128303411283 -0.031408479042230472 -0.0068456689691703118 -0.024708069613518912 0.025406671748114031 -0.017811655793366417 0.0071040377621684721
leaf_weight=235.00086372392252 55.462071929126978 241.57815806777216 19.067432140931491 93.973110678605735 812.25005660322495 557.82565284334123 6811.1710932808928 293.26835515536368 439.23740776535124 124.25768945366144 53.526886669918895 111.20018156245351 45.443505670875311 48.357125313952565 18.113681416027248 13.916205988731237 11.984048915095626 103.20242966758087 15.281267111189662 80.674647776409984 365.3356878219638 54.262762941420078 55.727020025253296 392.41407718602568 19.367148811463267 116.18225039588287 17.687433131039143 50.99488763185218 14.178724562749265 348.74950871244073
leaf_count=15624 293 5074 316 1481 13731 10726 34481 4145 6683 551 248 511 216 196 298 190 212 1464 221 377 7188 234 277 5692 307 1746 404 639 211 1869
internal_value=0.000170362 -0.00392652 -0.00318923 -0.00489921 -0.00652267 0.000300974 0.00218537 -0.00289254 0.000236529 0.00673189 0.00455887 0.00705492 0.00228715 -0.00530861 -0.00689157 0.0104109 -0.00607988 -0.00578901 -0.00887097 0.016393 0.00392079 0.00540262 0.00141423 -0.000222818 -0.00895396 0.00172291 -0.00114564 0.0168854 0.00141842 0.00178601
internal_weight=11619.7 3830.86 3595.86 2413.43 1791.49 1182.43 7788.83 979.244 549.379 628.912 504.654 402.77 266.633 101.884 429.866 110.141 31.0515 411.752 308.55 136.137 624.601 221.19 166.927 621.937 113.34 508.596 259.266 79.0898 28.0949 7159.92
internal_count=115605 76352 60728 37336 28110 23392 39253 14379 8251 2903 2352 1908 1238 444 6128 1568 528 5830 4366 670 12666 1022 788 9226 1788 7438 5478 1040 401 36350
is_linear=0
shrinkage=0.05


Tree=64
num_leaves=31
num_cat=0
split_feature=31 31 1 37 12 13 34 19 11 33 10 8 11 8 18 12 10 13 10 38 8 40 1 3 33 13 13 1 37 18
split_gain=34.8236 12.0591 7.42528 6.32796 6.8339 6.02608 5.88872 5.58112 5.2279 4.7391 5.2039 12.8742 5.97495 5.70368 12.1379 5.60479 8.71767 5.94272 6.59965 4.52968 4.48822 4.44436 4.5715 4.32213 4.22184 6.24532 5.6249 4.49396 5.08576 4.64598
threshold=11.500000000000002 2.5000000000000004 0.29871192907959548 5.5000000000000009 0.080123456790123462 0.13215343832839546 14.500000000000002 0.24070891514500534 0.12107080424325999 54.750000000000007 0.14690996027013384 0.095695970695970703 0.07961474244017068 0.133974358974359 0.44949494949494956 0.10876959479443953 0.12281550103498592 0.077193932827735665 0.12903921923510661 1650.0000000000002 0.073350071736011491 inf 0.13228980668996285 1.1786673503807433e-05 56.45000000000001 0.1283882783882784 0.1715728715728716 0.65459614331530747 3.5000000000000004 0.13809523809523813
decision_type=2 2 8 2 10 8 10 2 8 2 10 10 8 10 10 8 10 10 10 2 8 8 10 10 2 10 10 10 2 8
left_child=1 23 3 7 -5 8 24 21 -6 10 12 -12 19 15 -15 17 -17 -14 -19 -2 -8 -3 -23 -1 25 27 -27 29 -29 -4
right_child=9 2 6 4 5 -7 20 -9 -10 -11 11 -13 13 14 -16 16 -18 18 -20 -21 -22 22 -24 -25 -26 26 -28 28 -30 -31
leaf_value=-0.02428781543841925 -0.014331957632276494 0.0047467142063732613 -0.0085575644657459905 0.0050977495269147327 -0.012911406529895038 0.004081171786227287 -0.028594630208391938 -0.020633439987047295 -0.039294426703709077 0.0016786737180518698 -0.023477194348409048 0.014305787262958303 0.020353755173169716 -0.017144293669855981 0.015760104134133771 0.030190534660087934 0.0040427066792887096 -0.0025166781282394126 0.020489422286896486 0.0081246710780552445 -0.0067243501055565319 -0.024555988860577787 -0.00023449386977778593 -0.0093835661718376737 -0.0044813625492441866 0.017914517523694714 -0.012363273399129807 -9.238485560698769e-06 -0.027485251214602859 0.0040579426235685346
leaf_weight=54.597342692082748 48.836603948846459 719.74881826341152 98.478211551904678 65.539260902907699 53.376019426621497 29.694184915628284 24.068973011802882 24.969089117832482 28.966513945255429 7107.558888300322 46.349267592653632 43.90071502700448 71.500024443492293 53.515561614185572 58.844617765396833 89.691535608842969 49.451435880735517 126.70448332093656 41.344633087515831 41.568736151792109 925.31269120238721 25.883524321950972 76.196757439523935 445.99624948110431 785.30281884223223 83.692498838063329 18.781659938395023 35.053461892530322 32.416756775230169 281.87095946678892
leaf_count=3581 285 11737 1405 1044 906 454 392 427 488 36143 219 190 330 240 257 351 223 632 184 199 13635 523 1238 23030 11319 982 255 517 454 3965
internal_value=0.000139963 -0.00377646 -0.00268241 0.000854852 -0.00772679 -0.0152289 -0.00426819 0.00265445 -0.0221924 0.00205806 0.00607244 -0.00509824 0.00780628 0.00998104 8.82056e-05 0.0129163 0.0208976 0.00828034 0.00314345 -0.00400631 -0.00727881 0.00336199 -0.00640146 -0.0110091 -0.00212814 0.00123004 0.0123651 -0.001318 -0.0132104 0.000791595
internal_weight=11589.2 3809.95 3309.35 1024.37 177.576 112.037 2284.98 846.798 82.3425 7779.27 671.708 90.25 581.458 491.052 112.36 378.692 139.143 239.549 168.049 90.4053 949.382 821.829 102.08 500.594 1335.6 550.294 102.474 447.819 67.4702 380.349
internal_count=115605 76352 49741 16817 2892 1848 32924 13925 1394 39253 3110 409 2701 2217 497 1720 574 1146 816 484 14027 13498 1761 26611 18897 7578 1237 6341 971 5370
is_linear=0
shrinkage=0.05


Tree=65
num_leaves=31
num_cat=0
split_feature=9 9 34 4 38 1 2 6 5 34 5 34 12 6 2 1 19 32 10 2 5 5 16 5 11 10 4 19 34 20
split_gain=39.6592 10.3152 5.54131 11.5054 7.01796 6.78856 6.55806 9.75552 9.91011 8.91484 9.53547 6.92135 6.31414 6.25629 7.8702 8.71334 7.8154 9.43941 9.18531 8.06183 8.9149 7.38163 9.16882 6.95764 6.75733 9.81867 7.19573 7.007 6.45684 9.14995
threshold=-0.155 -0.78499999999999992 7.5000000000000009 -0.19361093394077447 1350.0000000000002 0.36798821771296353 -0.0358805066534146 0.10640094882116159 0.068330055603503179 27.500000000000004 0.18864548420482666 18.500000000000004 0.13732974105672807 0.10614954877524711 -0.015738842339599792 0.39119823007371141 0.16774048852098031 55.500000000000007 0.13678182146038939 -0.0067701690286266552 0.24249174835710535 0.18972968241537522 -649.99999999999989 0.14546907928202893 0.07319624451474642 0.096640792634449524 0.080250845325155348 0.07342041154822998 15.500000000000002 0.31601439496176342
decision_type=2 2 8 10 2 8 2 10 8 10 8 10 10 8 2 8 2 8 10 2 8 8 10 10 8 10 10 2 8 10
left_child=1 -1 3 4 -2 6 9 8 -8 10 -4 -9 -10 -7 21 -16 19 23 -19 -17 -21 22 -15 -18 27 26 -26 -24 -27 -30
right_child=2 -3 5 -5 -6 13 7 11 12 -11 -12 -13 -14 14 15 16 17 18 -20 20 -22 -23 24 -25 25 28 -28 -29 29 -31
leaf_value=-0.012641179664986872 7.924490869431374e-05 -0.0038935175391977108 0.0071934569586436115 0.0061070703023069529 -0.031086830489722439 -0.0011285411286706653 -0.0074710836247276263 -0.005623220412938168 0.01119060909789725 -0.023265010642040236 -0.023070726689475796 0.0071939428520451766 0.028143781534222746 -0.018197997171134635 -0.019887673380627371 0.011098835456976097 -0.0053652115585388566 -0.0027231671641111664 0.024742055534223952 0.0042277106674163348 -0.019120035833673908 -0.007453169129207138 -0.030072247582400253 -0.029289410711934461 -0.0020019762855679741 -0.0045936247608851476 0.019497489123039155 0.0017052933942329513 0.0016304487830595777 0.022512164988910469
leaf_weight=395.17324535502121 38.83389350771904 2289.4558376721106 149.46740643680096 1147.1547956746072 33.770647712051868 2859.407059004996 64.305992258712649 209.69188179820776 414.69273610785604 43.58774845674634 31.514717132784426 211.63236410170794 63.307273954153061 57.974242612719536 38.088496644049883 467.88385489024222 106.60355077497661 97.777817769907415 44.203743986785412 1401.8950613038614 42.113431699573994 334.35422010160983 31.688328059390187 42.507428953424096 54.147940652444959 315.66396177001297 138.37805943377316 38.330980865284801 317.64003881067038 62.837711626663804
leaf_count=22108 236 43780 985 5999 218 16202 485 1309 2535 333 178 1260 307 367 253 2515 618 562 235 7349 256 1780 225 233 343 1752 704 225 1791 325
internal_value=0.000142662 -0.00518116 0.00175591 0.0048854 -0.0144171 0.00125625 0.00472926 0.00652248 0.0109568 -0.00296544 0.0019235 0.000814877 0.0134359 0.000616612 0.00200581 0.00382296 0.0042329 -0.00339941 0.0058277 0.00539495 0.00354679 -0.0010085 0.00111099 -0.0121853 0.00227865 0.00345696 0.0134508 -0.0126761 0.000693059 0.00507916
internal_weight=11544.1 2684.63 8859.46 1219.76 72.6045 7639.7 1188.2 963.63 542.306 224.57 180.982 421.324 478 6451.5 3592.09 2241.07 2202.98 291.093 141.982 1911.89 1444.01 1351.02 1016.66 149.111 958.687 888.668 192.526 70.0193 696.142 380.478
internal_count=115468 65888 49580 6453 454 43127 7392 5896 3327 1496 1163 2569 2842 35735 19533 12021 11768 1648 797 10120 7605 7512 5732 851 5365 4915 1047 450 3868 2116
is_linear=0
shrinkage=0.05


Tree=66
num_leaves=31
num_cat=0
split_feature=9 9 2 1 0 1 13 31 10 10 4 9 1 37 10 7 12 12 10 16 10 4 7 0 6 11 10 11 4 33
split_gain=37.3399 9.85049 4.77484 6.05176 4.5412 4.23461 6.85089 7.16595 6.12253 10.1294 11.0707 14.8623 9.46347 9.45723 9.38749 8.07291 8.49581 9.55539 6.94329 6.48379 9.2999 7.94604 6.66113 6.47793 6.25878 6.06563 6.89523 9.63599 7.97911 6.94734
threshold=-0.155 -0.85499999999999987 -0.0080283712670178673 0.25000109831275247 16.010729998196044 0.43157012865137351 0.071714285714285717 21.500000000000004 0.10773157193318413 0.10577717736808646 0.13020111957525393 0.54500000000000004 0.50005894218675551 6.5000000000000009 0.12785551206784088 -0.076923076923076913 0.069098143236074286 0.081696829675266341 0.10480724500667778 150.00000000000003 0.12987217185330394 0.15141307850747529 0.030769230769230761 14.625369243817653 0.10465849438399955 0.14019149715961152 0.087418630593484814 0.10390716608774532 0.13020111957525393 60.45000000000001
decision_type=2 2 2 8 10 8 10 2 10 8 8 2 8 2 8 2 8 10 10 10 10 8 2 8 8 8 10 10 8 2
left_child=1 -1 3 4 -3 6 7 -2 9 15 11 -11 19 -14 -15 16 -7 -18 25 20 21 -10 -22 -16 -24 26 27 29 -29 -17
right_child=5 2 -4 -5 -6 8 -8 -9 12 10 -12 -13 13 14 23 18 17 -19 -20 -21 22 -23 24 -25 -26 -27 -28 28 -30 -31
leaf_value=-0.014773524354413004 0.00046697051638239511 0.00072129295479217859 -0.0024632307136876804 -0.010062523956919103 -0.023527205417902871 0.011632583022206129 0.0051144097089494559 -0.019254597440157069 0.0086731033216052578 -0.0045445977758151023 -0.00061857489727860406 -0.050080699745906412 0.0037166919644952032 -0.019667353104626913 -0.012329415049189775 0.0028154345966939216 -0.037263581536526244 -0.0081239854180057049 0.017055094249350852 0.0053273938820070253 -0.0051677372010711575 -0.015640741281066302 -0.042139508002045946 0.009543203254132172 -0.014679567205190275 0.014871617177961545 -0.0028588734736717447 -0.029049729887108824 0.0026615636393078328 0.017479296720126887
leaf_weight=236.5849447977962 305.1362180551514 259.02046127733774 1583.0073777429061 570.54799297242425 20.863366255071014 38.690502634271979 1635.0283180736005 54.249834718182683 93.478645788505673 35.439706895500422 81.350708060897887 36.245455913245678 3565.1848810305819 87.217156218364835 54.956644473597407 898.91542591247708 35.807338504120708 131.27170896157622 64.309260357171297 109.80097235552967 59.180060248821974 52.462425467558205 37.83687824383378 88.145670918747783 45.951296351850033 70.053260685876012 1098.0547690261155 41.681718884035945 37.849229661747813 88.74647724814713
leaf_count=14987 2107 6254 33335 10816 496 231 9866 212 502 240 479 166 18840 506 338 5057 261 817 328 626 340 319 228 482 248 393 6102 234 206 452
internal_value=0.000148811 -0.00503354 -0.0040866 -0.00710837 -0.00108626 0.00171284 0.00374051 -0.00251003 0.0011227 -0.000754548 -0.0132425 -0.0275686 0.00231255 0.00308232 -0.00673726 8.25285e-06 -0.00947997 -0.014369 0.000857261 -0.00501529 -0.00894606 -6.71591e-05 -0.0180096 0.0011433 -0.0270799 0.000391251 -7.72386e-05 0.00278484 -0.0139581 0.00413306
internal_weight=11517.1 2670.02 2433.44 850.432 279.884 8847.04 1994.41 359.386 6852.63 2658.42 153.036 71.6852 4194.21 3795.5 230.319 2505.38 205.77 167.079 2299.61 398.71 288.909 145.941 142.968 143.102 83.7882 2235.3 2165.25 1067.19 79.5309 987.662
internal_count=115468 65888 50901 17566 6750 49580 12185 2319 37395 14966 885 406 22429 20166 1326 14081 1309 1078 12772 2263 1637 821 816 820 476 12444 12051 5949 440 5509
is_linear=0
shrinkage=0.05


Tree=67
num_leaves=31
num_cat=0
split_feature=9 9 1 0 6 19 1 8 9 4 4 4 6 2 33 6 19 14 39 11 0 9 8 18 34 34 10 32 11 9
split_gain=35.1272 9.46475 5.08856 7.61703 6.64481 4.94392 9.31407 6.83978 5.51906 9.82736 14.2977 13.6064 9.70832 8.44056 6.84422 5.46755 8.43231 13.1252 8.81775 7.58619 7.59558 7.4521 7.41504 8.29791 7.16835 8.85376 7.14049 5.99678 5.86971 6.36709
threshold=-0.155 -0.78499999999999992 0.29871192907959548 16.135073629668195 0.12001984126984129 0.062176232571325478 0.96976192012730367 0.18274582560296851 0.63000000000000023 0.013408821214385337 -0.034952397000589774 0.039755351681957145 0.1890452247347075 0.031457618059387363 56.050000000000004 0.12981256826337964 0.1177754944772669 0.16854996595165136 8.5000000000000018 0.14564055841851023 14.679302380400523 1.6700000000000002 0.133974358974359 0.17914438502673799 20.500000000000004 26.500000000000004 0.14049771086913251 74.500000000000014 0.094351183869774341 1.0950000000000002
decision_type=2 2 8 10 8 2 8 8 2 8 10 8 10 2 2 10 2 10 2 8 10 2 8 8 10 10 10 10 10 2
left_child=1 -1 3 -3 -4 -2 8 -8 12 10 13 -11 -7 14 -10 16 17 28 -19 21 -21 24 23 -23 27 -26 -17 -18 -13 -30
right_child=5 2 4 -5 -6 6 7 -9 9 11 -12 15 -14 -15 -16 26 19 18 -20 20 -22 22 -24 -25 25 -27 -28 -29 29 -31
leaf_value=-0.012128819827940819 0.002775684402330236 0.00078255975324241988 -0.007818664144493075 -0.020094472918757149 -0.00074900398570462235 -0.00085969259701736958 0.0022384538140027862 -0.02243228445536595 -0.01852992737684633 -0.015699532749487682 0.018754619094514782 0.011331360506558056 -0.023924641281076409 0.012624973645701559 0.0022225093241907343 0.0025278558214419226 0.01377904904626181 -0.037161503331578763 -0.0096846170434529942 0.0033220781215155173 -0.018899458031706253 0.0012703329708935842 0.0082339540594446401 -0.022153522770598778 -0.017199132706561305 0.0091063455270948713 0.014933059425661392 -0.002552053612010538 0.005171994152799288 -0.01184928579535263
leaf_weight=388.45205239206553 4589.4946565115824 743.93611127068289 976.4992338786833 46.416593748610467 503.87910225731321 1487.6101024188101 44.618549345992506 75.859800023958087 64.03293407894671 118.51492116227746 203.0835475679487 81.979380682110786 47.06593850441277 100.94559771101922 104.68460338935256 459.10849067335948 345.74192821234465 44.428690686821938 85.177509613335133 78.816015863791108 75.094009418040514 82.806537342257798 97.473929435946047 69.576895048841834 56.601630050688982 73.555240089073777 155.21886248514056 67.125134401023388 98.546692922711372 124.16378801874816
leaf_count=22108 26035 16440 17941 1037 8362 10515 288 509 283 557 808 406 318 419 409 2261 1372 211 405 364 367 406 574 387 251 336 774 284 416 625
internal_value=0.00012136 -0.00491667 -0.0036829 -0.000443527 -0.00541235 0.00163835 0.000407804 -0.0132956 0.000808392 0.00221775 0.00873476 0.00076032 -0.00156706 0.00118879 -0.00565361 0.00173793 -7.64619e-06 -0.0057762 -0.0191036 0.00263841 -0.00752 0.0046103 -0.00253579 -0.00942479 0.00789838 -0.00233318 0.00566221 0.0111239 -0.000107097 -0.00431758
internal_weight=11490.5 2659.18 2270.73 790.353 1480.38 8831.33 4241.83 120.478 4121.35 2586.68 472.747 2113.93 1534.68 269.663 168.718 1995.41 1381.09 434.296 129.606 946.791 153.91 792.881 249.857 152.383 543.024 130.157 614.327 412.867 304.69 222.71
internal_count=115468 65888 43780 17477 26303 49580 23545 797 22748 11915 1919 9996 10833 1111 692 9439 6404 2063 616 4341 731 3610 1367 793 2243 587 3035 1656 1447 1041
is_linear=0
shrinkage=0.05


Tree=68
num_leaves=31
num_cat=0
split_feature=9 9 34 1 4 13 1 32 2 0 33 0 16 12 10 8 13 1 0 13 12 4 18 12 9 32 33 2 9 1
split_gain=33.3924 9.05462 5.78676 6.38469 6.32912 5.98948 10.6365 6.60347 4.88473 7.90201 9.14074 8.86475 7.95268 7.42759 8.1028 7.03505 6.85446 6.30881 10.3781 10.607 10.4783 6.62467 7.95789 8.07142 7.3223 5.90268 5.65604 6.55169 5.59094 9.51141
threshold=-0.155 -0.85499999999999987 7.5000000000000009 0.0435830861396738 -0.19361093394077447 0.13900966183574884 0.49728126250014087 75.500000000000014 -0.026143634836426195 14.881479662944479 60.250000000000007 15.917761940531845 550.00000000000011 0.15105309346204479 0.13889600774531582 0.14854215918045707 0.18537609774723179 0.55001408169655963 15.711243882430152 0.10542661000326906 0.11869703389830509 0.082230064229152827 0.43303571428571436 0.13586239961644495 0.9900000000000001 55.500000000000007 61.45000000000001 -0.077265056193002543 1.0350000000000001 0.6795537677469683
decision_type=2 2 8 8 10 10 10 8 2 8 2 10 10 10 8 10 10 10 10 10 10 8 10 10 2 10 2 2 2 10
left_child=1 -1 4 -4 -2 -6 -7 -8 9 13 12 26 17 14 28 -13 -15 18 20 -20 25 24 23 -23 -19 -11 -12 -28 -5 -30
right_child=2 -3 3 8 5 6 7 -9 -10 10 11 15 -14 16 -16 -17 -18 21 19 -21 -22 22 -24 -25 -26 -27 27 -29 29 -31
leaf_value=-0.014206118044100925 -0.0097445648112829287 -0.0038671316968675751 0.022428982975405166 -0.0020409993121139921 0.0075390192818876496 -0.022121882000168951 -0.0025392219937673387 0.017919550526318839 0.0018042744918232323 0.0076943993426106614 0.017476362361081046 0.0047586672877600565 -0.020380249401231385 0.014186505365319294 -0.028024635910148754 -0.022004740394510724 -0.009105319701083683 -0.001784983967158127 0.0071317960403654498 -0.025513667283702291 0.023382764511744106 -0.0069756857736986092 -0.014869392924680447 0.010564623367292764 0.024255495010325256 -0.014166339534253038 0.016430312823259061 -0.0095372791786978058 -0.021998188789669429 0.000663092787587401
leaf_weight=232.12690129177645 70.123395437374711 2414.1492538424209 34.985686730593443 312.98135467525572 915.04195622261614 49.132654940709472 120.91115080565214 58.535981476306915 5477.3137862966396 133.88420833833516 183.52767005190253 70.759368957951665 52.293667334131896 81.519979724660516 46.272908506914973 37.602500844746828 51.568082279525697 81.446709418669343 50.371937794610858 49.170978747308254 93.819975601509213 204.32429494522512 170.35276203649119 96.592020157724619 40.378918998874724 40.135513281449676 45.53784042596817 52.058371378108859 114.95473960600793 77.534616783261299
leaf_count=14987 454 50901 228 2100 4851 283 571 294 30924 842 932 386 343 437 288 207 290 511 328 309 535 1125 997 517 175 257 237 274 508 377
internal_value=0.000151565 -0.00477405 0.00163056 0.00111852 0.00483644 0.00573051 -0.00150927 0.00413447 0.00101996 -0.00103837 0.00111167 0.0076213 -0.00139177 -0.00544078 -0.00799821 -0.00452847 0.00516154 -0.000357937 0.00479083 -0.00899401 0.00991397 -0.00354725 -0.00623399 -0.00134537 0.00684609 0.00265249 0.0123045 0.00257905 -0.0061649 -0.0128702
internal_weight=11459.4 2646.28 8813.13 7599.39 1213.75 1143.62 228.58 179.447 7564.4 2087.09 1402.26 389.486 1012.77 684.832 551.744 108.362 133.088 960.477 367.383 99.5429 267.84 593.095 471.269 300.916 121.826 174.02 281.124 97.5962 505.471 192.489
internal_count=115468 65888 49580 43127 6453 5999 1148 865 42899 11975 7975 2036 5939 4000 3273 593 727 5596 2271 637 1634 3325 2639 1642 686 1099 1443 511 2985 885
is_linear=0
shrinkage=0.05


Tree=69
num_leaves=31
num_cat=0
split_feature=9 9 9 8 1 0 36 1 33 6 20 12 12 16 6 1 4 34 12 12 5 3 12 12 3 4 1 4 4 8
split_gain=31.1895 8.72044 5.44489 4.85775 4.79622 5.36105 4.69783 7.41927 5.74225 6.22946 8.09779 8.39333 8.13065 8.57519 7.6405 9.76432 7.63966 7.52456 6.65251 8.55808 7.7199 7.02277 7.04003 6.62209 13.9154 8.98729 7.59149 6.73301 6.62056 6.51036
threshold=-0.155 -0.90499999999999992 -0.60499999999999987 0.080322580645161304 0.30782020019055917 16.377557290381194 4.5000000000000009 0.87037110556745034 55.250000000000007 0.14616070204305501 0.29666299963329673 0.11370440936309201 0.087082912032355922 1.0000000180025095e-35 0.083364083640836417 0.91694487913756773 0.057702397287916707 11.500000000000002 0.0739497887148894 0.069098143236074286 0.21677311128178181 0.98567458689752019 0.13900966183574884 0.07278747742323903 0.85134934229734149 0.11717115585774056 0.40681912081165106 0.084237997244080279 0.14179791649487378 0.19399641577060936
decision_type=2 2 2 10 8 10 2 10 2 10 10 10 8 8 8 10 10 8 10 10 8 10 10 8 8 10 8 8 8 10
left_child=1 -1 3 -3 5 -4 8 -8 -2 14 12 -12 -11 -14 23 18 -17 -15 19 -16 21 29 -23 24 25 -10 27 -25 -19 -20
right_child=6 2 4 -5 -6 -7 7 -9 9 10 11 -13 13 17 15 16 -18 28 20 -21 -22 22 -24 26 -26 -27 -28 -29 -30 -31
leaf_value=-0.021494226303311575 0.0074946803620494287 -0.012315010858563527 0.0023293339680470521 -0.0045117338694111563 -0.0043217181673251524 -0.024051102970512786 0.0010697642795459671 -0.0067094971593507843 0.019647467692155959 -0.019926989830621938 -0.0084513778538782749 0.019593282055964351 -0.0082629437974997173 0.02518968562884635 0.0080832776506943992 0.0055938801275547834 -0.023958724895719014 -0.0093100749861231742 0.00070806851645764061 0.028849258832159937 0.013811295674345039 0.017734828704746297 -0.0031847933386535722 -0.004943126664252076 -0.032421121975843063 -0.014903330277072482 -0.0021633885321360779 0.020305719372543007 0.01009397393084554 0.020077366196236263
leaf_weight=74.435127820004709 573.54704528022557 315.42113489680924 526.42107163788751 542.4251955691725 1154.5155755295418 19.989964663982391 4588.8156146071851 328.43252895120531 36.244984751567245 75.848988426849246 41.104929991066456 76.02085860259831 269.17362500587478 38.408880110830069 255.37400471605361 38.045618701726198 51.431697191670537 84.667514133267105 1140.0125075965188 61.578512854874134 183.42052058875561 138.829100869596 56.618150337599218 39.213508427143097 49.468468215316534 39.152920035645366 429.96657188795507 80.828007914125919 91.428889891132712 45.099010547623038
leaf_count=5507 2968 13148 9075 19920 17853 385 26710 1924 207 391 252 379 1435 176 1417 191 330 473 6238 302 895 724 288 242 322 221 2330 443 487 235
internal_value=0.000150966 -0.0046239 -0.00413313 -0.00738092 -0.00249515 0.00136423 0.00157768 0.000550172 0.00287469 0.00207702 -0.00220405 0.0097511 -0.00470661 -0.0023198 0.00317211 0.00474474 -0.011393 0.005138 0.00551243 0.0121178 0.0041738 0.00289337 0.0116747 -0.00141947 -0.0118143 0.00170579 0.000940438 0.0120578 0.000764467 0.00144516
internal_weight=11445.9 2633.21 2558.77 857.846 1700.93 546.411 8812.73 4917.25 3895.48 3321.94 676.654 117.126 559.528 483.679 2645.28 1970.41 89.4773 214.505 1880.93 316.953 1563.98 1380.56 195.447 674.874 124.866 75.3979 550.008 120.042 176.096 1185.11
internal_count=115468 65888 60381 33068 27313 9460 49580 28634 20946 17978 3593 631 2962 2571 14385 10620 521 1136 10099 1719 8380 7485 1012 3765 750 428 3015 685 960 6473
is_linear=0
shrinkage=0.05


Tree=70
num_leaves=31
num_cat=0
split_feature=9 33 32 12 39 6 13 5 31 33 9 5 0 32 14 10 3 14 33 6 0 6 9 13 10 4 13 0 0 8
split_gain=25.3955 7.25738 9.08553 6.74516 8.04195 11.4876 7.62002 6.51799 6.16249 6.55096 6.03228 5.88302 8.41053 7.21474 11.6781 9.09681 8.23756 6.87914 9.31545 8.06313 11.1822 6.18176 6.72203 10.8212 11.6374 9.36464 8.92173 9.47259 8.62958 10.7629
threshold=-0.55499999999999983 56.650000000000013 35.500000000000007 0.062718531468531485 11.500000000000002 0.072147180363613242 0.069883720930232582 0.21677311128178181 14.500000000000002 62.050000000000004 -0.87499999999999989 0.16595457180075887 13.643030132860286 34.500000000000007 0.15391422736555485 0.088463691963132071 0.88212926646513989 0.072178730911296105 59.750000000000007 0.078917999386556734 14.881479662944479 0.083364083640836417 1.0950000000000002 0.1064701778862923 0.13014663816733882 0.1647791401600657 0.1623310810810811 14.555029589872836 14.881479662944479 0.13680926916221037
decision_type=2 2 10 8 2 10 8 8 2 2 2 8 8 10 10 10 8 8 2 8 8 8 2 8 8 10 10 10 10 10
left_child=10 2 7 4 5 -3 -7 -2 -5 11 -1 13 -13 14 15 16 -10 18 -15 20 -19 -21 25 -24 28 -23 27 -27 29 -25
right_child=1 3 -4 8 -6 6 -8 -9 9 -11 -12 12 -14 17 -16 -17 -18 19 -20 21 -22 22 23 24 -26 26 -28 -29 -30 -31
leaf_value=-0.015585776627471818 -0.0014421020434087157 -0.030873007178177449 0.0038632741969765643 -0.0019773023225026546 0.0032409165082759464 0.00073316408933619818 -0.018401956722720641 -0.028012891716214447 0.015303582710522469 0.015088367757078325 -0.0056044411343706474 -0.018764346007078624 -0.00043018522911657931 -0.013093359045648408 -0.012421884123673193 0.015898732215452207 -0.011064098945102381 -0.0039925498029947911 0.0085259853510782687 -0.013609949260274302 0.018787367088953937 0.0027871133190135529 0.017685527408910873 0.0023686106210170283 -0.011974556984112199 -0.024761032213634095 0.0084422878163115372 -0.0026448062802179192 -0.0059829636690677986 0.030885973622580672
leaf_weight=180.97152142901905 746.49774168990552 58.70851837284863 2820.7193647520617 2171.6164722503163 146.77971233520657 146.51125117391348 80.676614141091704 23.816841504536569 50.053560765460134 84.515563771128654 925.47530276619364 64.854469883255661 1761.915660279803 166.97881215810776 60.096379010006785 295.61527573876083 72.560478430241346 82.184453813359141 71.018067602068186 69.172370258718729 156.37975551746786 503.12546853907406 147.51157849468291 70.296836592257023 108.44835563004017 100.79844752326608 56.483536716550589 93.164968097582459 69.225309365428984 62.506310440599918
leaf_count=11972 6409 459 19572 24374 1236 1078 599 161 215 321 30600 301 8566 814 289 1273 335 367 303 330 653 2095 633 348 592 488 239 430 363 271
internal_value=-3.73295e-05 0.000732915 0.00254899 -0.000233074 -0.00627259 -0.0111568 -0.0060619 -0.00226363 0.000180497 0.00131047 -0.007237 0.00102383 -0.00108109 0.00274381 0.0081881 0.0111496 -0.000300272 0.0012619 -0.00664216 0.00250007 0.0109398 0.000927991 0.00175801 0.00653532 0.00123771 -0.00114542 -0.00904553 -0.0141381 0.00833002 0.0157908
internal_weight=11448.7 10342.2 3591.03 6751.2 432.676 285.896 227.188 770.315 6318.52 4146.91 1106.45 4062.39 1826.77 2235.62 478.326 418.229 122.614 1757.29 237.997 1519.3 238.564 1280.73 1211.56 457.988 310.477 753.572 250.447 193.963 202.028 132.803
internal_count=115686 73114 26142 46972 3372 2136 1677 6570 43600 19226 42572 18905 8867 10038 2112 1823 550 7926 1117 6809 1020 5789 5459 2207 1574 3252 1157 918 982 619
is_linear=0
shrinkage=0.05


Tree=71
num_leaves=31
num_cat=0
split_feature=9 31 33 19 8 19 1 4 40 19 6 19 35 8 6 4 32 5 16 9 40 6 4 1 39 33 2 7 19 9
split_gain=23.8411 6.21971 6.77643 7.1373 7.14659 6.72138 6.6161 9.61926 6.51712 6.2624 6.12193 7.5241 6.81337 10.7789 7.35556 11.7914 5.9066 7.15871 6.0131 5.31395 5.07216 4.95808 7.66923 6.05714 4.85801 4.81489 4.77821 5.96256 5.75708 4.86574
threshold=-0.60499999999999987 11.500000000000002 54.750000000000007 -0.010949050949050928 0.11451990632318503 0.025884402358406208 0.29871192907959548 -0.12064148325955483 inf -0.14634146341463414 0.16132975786733972 0.062176232571325478 19.500000000000004 0.13182720953326715 0.096792563744580798 -0.070005224660397103 42.500000000000007 0.084357175973346868 -249.99999999999997 -0.91499999999999992 1.0000000180025095e-35 0.12832595870206492 0.037846363713871636 0.85000809450353831 9.5000000000000018 58.050000000000004 -0.021126240379193452 -0.18076923076923077 0.07342041154822998 0.35500000000000004
decision_type=2 2 2 2 8 2 8 8 8 2 10 2 2 10 10 10 10 8 10 2 10 10 10 10 2 2 2 2 2 2
left_child=19 6 3 4 9 -5 8 20 26 -3 11 -7 14 -14 -13 -16 17 -9 25 -1 -8 23 -23 -20 -22 -18 -2 -28 29 -29
right_child=1 2 -4 5 -6 10 7 16 -10 -11 -12 12 13 -15 15 -17 18 -19 21 -21 24 22 -24 -25 -26 -27 27 28 -30 -31
leaf_value=-0.02341425630065775 -0.0026530290163785963 0.022763817903218967 0.00091426538654941275 -0.012358263805124975 0.027967062580986059 0.016602051507777708 -0.0031934904650120113 0.00086465882894582651 -0.0098004934834715479 3.6266118222811011e-05 0.019666867557217398 0.0031817924791373224 0.023780160498556052 -0.0088206868114276728 0.0015876579303893284 -0.035209680872847114 0.014122407802936257 -0.0094628122928712213 -0.0026006676029472781 -0.0068534954047581656 -0.0069773044807693169 0.01410263663112616 -0.0040803239788085657 -0.028581085146015456 -0.024251025005280768 -0.0011777531933968577 -0.011930996907640753 0.0096349459315933431 -0.0025972583861035132 0.038704481829610171
leaf_weight=51.325428151874803 197.15403705043718 45.550885017961264 7030.1253817928955 63.175150644034147 63.377848498523235 75.187675943598151 108.65106001868844 289.91744824871421 96.987613572040573 90.581906836479902 61.785728456452489 84.374550176784396 55.778567621484399 46.484275810420513 41.913916484452784 45.300586683675647 134.15562613680959 398.3608830277808 532.358555090148 861.39316755020991 69.70371101051569 115.93256746977568 116.03265716787428 23.421456621959805 97.830412756185979 83.378079704940319 40.700131995603442 374.37680754298344 101.89174753800035 14.970668487250803
leaf_count=4202 3079 187 36117 314 284 324 1526 3910 1478 459 278 396 240 216 194 226 1599 5347 6882 34297 1014 1402 1474 318 1512 1115 630 5183 1411 72
internal_value=-3.36635e-05 0.00064014 0.00137327 0.00616433 0.0140979 0.00282501 -0.00137992 -0.00295507 0.00237594 0.00764105 0.00515983 0.00259185 -0.00125474 0.00896122 -0.0073432 -0.0175255 -0.00154404 -0.00511266 0.00089926 -0.00778477 -0.0116075 -0.00113285 0.00500723 -0.00369552 -0.0170642 0.00825804 0.00399571 0.00645995 0.00798367 0.0107527
internal_weight=11412.2 10499.5 7703.64 673.511 199.511 474 2795.82 1969.74 826.081 136.133 410.825 349.04 273.852 102.263 171.589 87.2145 1693.56 688.278 1005.28 912.719 276.185 787.745 231.965 555.78 167.534 217.534 729.093 531.939 491.239 389.347
internal_count=115686 77187 39235 3118 930 2188 37952 26099 11853 646 1874 1596 1272 456 816 420 22047 9257 12790 38499 4052 10076 2876 7200 2526 2714 10375 7296 6666 5255
is_linear=0
shrinkage=0.05


Tree=72
num_leaves=31
num_cat=0
split_feature=31 34 2 5 7 19 2 14 7 6 10 7 0 6 31 6 16 13 10 6 3 6 10 0 2 31 13 19 13 10
split_gain=21.433 6.56108 7.43066 6.98015 7.8488 6.18632 5.88689 10.3167 9.53783 11.4044 5.8548 9.73765 7.50692 7.49524 6.61436 6.55018 8.45432 5.7216 5.88775 7.45709 6.61575 5.3402 6.64291 8.37796 9.33927 9.31758 6.13606 7.43278 6.05638 5.82253
threshold=6.5000000000000009 7.5000000000000009 0.063861219154834559 0.083360691617421767 0.05000000000000001 0.12983661627729434 0.0037221498527731625 0.056978421984652729 -0.015384615384615384 0.10209817146989923 0.096640792634449524 0.12692307692307694 14.473400819510578 0.12448965988435069 11.500000000000002 0.1774468787845426 1.0000000180025095e-35 0.066987179487179499 0.12069546817959868 0.11176908915578156 0.98567458689752019 0.16231125275058808 0.14635508924921656 14.84516069248358 -0.026681750857598933 24.500000000000004 0.13652714192282542 0.20680023116933152 0.096225071225071249 0.097485474236828643
decision_type=2 8 2 10 2 2 2 8 2 8 8 2 8 10 2 10 8 8 10 10 8 10 10 8 2 2 10 2 10 10
left_child=5 2 3 4 -2 -1 17 8 -8 -10 11 12 -9 14 -13 -12 -17 18 20 -20 -3 22 23 24 29 28 27 -26 -25 -5
right_child=1 6 -4 21 -6 -7 7 10 9 -11 15 13 -14 -15 -16 16 -18 -19 19 -21 -22 -23 -24 25 26 -27 -28 -29 -30 -31
leaf_value=-0.0040145579818586154 0.0027703320974770528 -0.0070245456870618077 -0.017873590749620284 0.027543074019592058 0.016925592850794625 -0.013404193225826319 -0.036837756864529857 0.0056102383273926703 -0.016712800679569019 0.011831109801717688 0.00582336453957013 -0.0022673963911320478 -0.0078163990054702041 -0.0097425880011056034 0.024577919231745154 -0.018030643264553198 0.0076775197461277636 -0.00011449412322133695 -0.030505173652611458 0.0018378506048507322 0.017790721832791911 0.017302083143278638 0.015761811420476553 -0.0021211101319629669 -0.0012729756569632264 0.0099358617557631559 -0.016184135305565742 0.024682786082701913 -0.015714568136029547 0.0070402201532582392
leaf_weight=1557.4761612988077 182.57109108287841 159.97961423080415 37.176657432690263 59.320877378806472 211.22691626753658 197.68326567846816 26.788295106962323 146.13545547891408 80.58810493722558 61.850388702936471 1524.0575390728191 32.116780862212181 361.94898901134729 34.455440809950233 80.348111987113953 67.98239317163825 60.386459279805422 5538.2525614667684 50.684938257560134 27.486272105947137 32.277395612560213 56.455492863431573 73.894936457276344 170.77594726998359 147.39742255490273 84.942415380850434 50.101552110165358 33.931295901536942 157.51753024384379 83.186574483290315
leaf_count=48392 1206 1075 253 288 1326 6576 240 937 626 450 9274 341 2464 216 376 429 349 35063 378 195 203 316 403 1147 925 384 275 148 995 436
internal_value=9.60423e-06 0.000935426 0.00416978 0.00479472 0.010363 -0.00507211 0.000409012 0.00245011 -0.00946608 -0.00431831 0.00332404 -0.000676331 -0.00395462 0.0106608 0.0169117 0.00490975 -0.00593717 -0.000461255 -0.00756276 -0.0191328 -0.00285839 0.00240485 0.00142812 8.25586e-05 0.0055051 -0.00482431 -0.000695521 0.00358402 -0.00864335 0.0155748
internal_weight=11389 9633.84 1348.5 1311.32 393.798 1755.16 8285.34 2476.66 169.227 142.438 2307.43 655.005 508.084 146.92 112.465 1652.43 128.369 5808.68 270.428 78.1712 192.257 917.524 861.069 787.174 373.938 413.236 231.43 181.329 328.293 142.507
internal_count=115686 60718 8102 7849 2532 54968 52616 15702 1316 1076 14386 4334 3401 933 717 10052 778 36914 1851 573 1278 5317 5001 4598 2072 2526 1348 1073 2142 724
is_linear=0
shrinkage=0.05


Tree=73
num_leaves=31
num_cat=0
split_feature=9 8 34 4 31 1 12 32 11 2 19 11 34 1 32 9 40 39 2 4 8 10 3 2 40 9 7 10 6 39
split_gain=21.7094 5.76973 6.88084 10.7613 6.30278 8.53274 8.51084 8.49353 9.61057 8.14589 7.81587 6.04169 6.12317 5.95478 7.09467 7.0894 6.27403 5.88243 5.79849 5.61913 5.47387 5.35938 5.58417 6.41509 5.48826 5.024 4.99144 5.20626 8.98519 6.0604
threshold=-0.60499999999999987 0.068337484433374854 7.5000000000000009 -0.19361093394077447 16.500000000000004 0.92907505800718992 0.12736185383244208 57.500000000000007 0.12571196848569113 -0.026143634836426195 -0.032332735961768271 0.13778153470461166 28.500000000000004 0.57003081171495984 41.500000000000007 0.53500000000000003 inf 16.500000000000004 -0.062632902747268168 0.42869852567361472 0.097800095648015326 0.14584060246568972 0.5863424046149156 -0.001041397234617258 inf -0.91499999999999992 -0.049999999999999982 0.13128797232375342 0.083364083640836417 9.5000000000000018
decision_type=2 8 8 10 2 10 10 8 10 2 2 10 10 10 10 2 8 2 2 10 10 10 8 2 8 2 2 10 10 2
left_child=25 -2 3 -3 5 6 7 8 13 10 -10 12 -8 16 -15 -16 -4 19 -9 -5 -12 24 -23 -24 -20 -1 -11 28 -28 -29
right_child=1 2 4 17 -6 -7 11 18 9 26 20 -13 -14 14 15 -17 -18 -19 21 -21 -22 22 23 -25 -26 -27 27 29 -30 -31
leaf_value=-0.022843291564022396 -0.0080312286303724414 -0.011883722479549374 0.001026347427276859 0.0053053136568220818 0.001540788792254031 -0.020140303235502088 0.0073121982371331523 -0.018756819813755498 0.012759913073023319 0.019318904835420016 -0.029777329761266177 -0.0027258452259263017 -0.0041827728947234277 -0.01506992150595759 -0.0079565441739453853 0.011852082149854323 -0.010963358683365461 0.02574973524971207 -0.0044857361831445132 -0.01217469671718268 -0.00066733522308687256 0.026539750717009189 0.0105644803329338 -0.013557135683349967 -0.01545632411214819 -0.0065566000245645606 0.031276342086447466 0.010525618594138295 0.0049071303215476678 -0.0064874072336629889
leaf_weight=50.137273086467758 189.13311937730759 99.094809963367879 887.02995985653251 1242.0640134075657 4616.6203590142541 58.217014709487557 646.26896077767015 79.391237971372902 31.489003940485418 82.192337961867452 38.287551104091108 339.74390171281993 141.15480889379978 178.02359476895072 136.75132864620537 67.44668248295784 124.4152498235926 33.928151565836743 755.59739949880168 47.742630310356617 27.929455579258502 23.772343089804053 62.058419935405254 49.587517188861966 134.25927941501141 851.86646346107591 45.771700714714825 90.229385909624398 109.80342504754663 124.67226379923522
leaf_count=4202 1637 1007 9924 8589 20966 641 6184 958 329 718 426 3286 1562 1885 1485 342 1479 219 8431 279 258 238 638 501 1527 34297 448 872 1095 1263
internal_value=-1.91583e-05 0.000622491 0.000781803 0.00400913 0.000262982 -0.00113027 -0.000865244 -0.00223776 -0.000248379 0.00534587 -0.00774714 0.00284708 0.00525159 -0.00245761 -0.00777425 -0.00141375 -0.000448475 0.00519887 -0.00573877 0.00465829 -0.0174991 -0.00473073 0.00453604 -0.00014913 -0.00614095 -0.00746188 0.00817192 0.0056989 0.0126652 0.000655743
internal_weight=11364.7 10462.7 10273.5 1422.83 8850.71 4234.09 4175.88 3048.71 1944.04 550.375 97.706 1127.17 787.424 1393.67 382.222 204.198 1011.45 1323.73 1104.67 1289.81 66.217 1025.27 135.418 111.646 889.857 902.004 452.669 370.477 155.575 214.902
internal_count=115686 77187 75550 10094 65456 44490 43849 32817 20524 5409 1013 11032 7746 15115 3712 1827 11403 9087 12293 8868 684 11335 1377 1139 9958 38499 4396 3678 1543 2135
is_linear=0
shrinkage=0.05


Tree=74
num_leaves=31
num_cat=0
split_feature=9 9 5 1 5 7 4 6 7 4 5 16 6 5 20 10 10 11 1 6 8 6 10 10 6 8 32 4 32 34
split_gain=20.3647 5.46165 5.05892 9.42398 9.21906 7.80309 6.49983 6.63031 7.19391 13.1238 9.0314 8.32616 7.81352 6.58724 6.18108 6.04802 8.55036 6.82824 8.25216 5.33356 6.97247 5.65188 5.25279 5.20477 5.13513 5.35007 5.13321 6.87701 6.67546 5.03919
threshold=-0.55499999999999983 -0.87499999999999989 0.057421005258420588 0.52739511043857135 0.064976850435456576 -0.10769230769230768 0.18817788329628363 0.1192735503987528 0.015384615384615384 0.26382978723404266 0.17811829399141635 150.00000000000003 0.12334067547723937 0.098373876255949247 0.42674796747967486 0.14266116162832712 0.15925291730086252 0.085242493439214764 0.65459614331530747 0.14085264273814938 0.12861869313482219 0.13178821199865187 0.18670682730923696 0.093030615248748907 0.11684029661783325 0.16823899371069184 69.500000000000014 0.14668296658516708 48.500000000000007 16.500000000000004
decision_type=2 2 10 10 10 2 8 8 2 8 8 10 10 10 8 10 10 10 8 10 8 8 10 10 10 10 10 8 10 8
left_child=1 -1 3 -2 5 -4 29 22 9 -9 13 14 -11 19 -12 17 -17 18 -15 21 -21 -10 24 -5 25 -8 27 28 -25 -6
right_child=2 -3 4 23 6 -7 7 8 10 12 11 -13 -14 15 -16 16 -18 -19 -20 20 -22 -23 -24 26 -26 -27 -28 -29 -30 -31
leaf_value=-0.014614636361596359 0.0023799077587604162 -0.0049753076834392722 0.03070739314335106 -0.020020471780280515 0.0027967159670298923 0.0062949249460032154 -0.0035464516990549701 -0.019814905805130931 -0.0028813480479560399 0.022368488781364611 0.0086707982495630564 0.012542706269881861 -0.001762680423099079 0.0034856179679917834 -0.012321569203049292 0.036032079659384784 0.0050193244395988056 0.0037953801623984785 0.03787254280127577 -0.028169474199011058 0.0020269852329941559 0.021493844046236624 0.017271035596542614 -0.019035097383541352 -0.017550158208377058 0.0084858099952796057 -0.02431325925375076 0.0087214163413232848 0.0055685187008824924 -0.00012753329756902556
leaf_weight=175.45290081179701 325.39851599093527 904.57227796060033 36.247326883487403 88.480782861821353 3614.0090618028771 337.59349527768791 1716.4467453965917 97.349790039472282 53.354762933216989 38.355529978871346 44.407492646947503 65.145602541044354 267.47333032358438 32.880564991384745 166.68793599121273 52.578797566704452 38.498403217643499 218.76636300887913 37.170178477652371 30.778174097649753 50.455359687097371 42.90504243876785 31.300840302370489 77.527666378766298 61.843850234523416 97.641139150597155 32.103948809206486 78.727923012338579 42.782891802489758 2487.0795324947685
leaf_count=11972 3394 30600 308 715 25258 2803 11832 641 395 225 262 384 1829 236 1023 323 237 1379 194 222 362 258 198 604 417 582 236 475 302 18020
internal_value=-1.04347e-05 -0.00654124 0.000676767 -0.00360988 0.000964218 0.00866194 0.000652949 -0.00119387 0.00165744 -0.00382583 0.00430938 -0.0030832 0.00126373 0.00797314 -0.00790547 0.0116885 0.022923 0.00814578 0.0217319 2.10032e-05 -0.009414 0.00798319 -0.00304289 -0.0097079 -0.00338184 -0.00289883 -0.00576027 -0.00276776 -0.010286 0.00160466
internal_weight=11344 1080.03 10264 645.022 9618.97 373.841 9245.13 3144.04 1236.81 403.179 833.629 276.241 305.829 557.388 211.095 379.894 91.0772 288.817 70.0507 177.493 81.2335 96.2598 1907.23 319.623 1875.93 1814.09 231.142 199.038 120.311 6101.09
internal_count=115686 42572 73114 5726 67388 3111 64277 20999 7970 2695 5275 1669 2054 3606 1285 2369 560 1809 430 1237 584 653 13029 2332 12831 12414 1617 1381 906 43278
is_linear=0
shrinkage=0.05


Tree=75
num_leaves=31
num_cat=0
split_feature=9 9 2 5 35 31 6 2 6 35 11 34 32 5 15 6 16 7 9 36 8 10 7 8 6 9 2 32 40 16
split_gain=23.9864 6.64816 6.53959 5.72426 7.79197 5.52024 5.10077 10.392 6.78892 6.14616 5.60266 6.73793 6.44493 5.54784 5.11356 5.61586 4.99344 5.0489 5.72838 4.8526 6.66733 7.41031 5.81813 5.47626 5.63364 4.77881 4.71701 4.69265 4.9236 4.69261
threshold=-0.55499999999999983 0.44500000000000012 0.065396526982865091 0.22930933778487658 19.500000000000004 25.500000000000004 0.16531435154707047 -0.021126240379193452 0.12602182871143783 15.500000000000002 0.084219958498396544 37.500000000000007 19.500000000000004 0.17715125521767594 1.0000000180025095e-35 0.17586389514100362 -149.99999999999997 0.05000000000000001 0.16500000000000001 6.5000000000000009 0.12034482758620692 0.1282084222731705 0.038461538461538457 0.10084745762711866 0.14162469919869017 -0.86499999999999988 -0.012765318414048515 62.500000000000007 1.0000000180025095e-35 -149.99999999999997
decision_type=2 2 2 10 2 2 10 2 8 2 10 8 8 8 10 10 8 2 2 2 10 10 2 10 10 2 2 10 8 10
left_child=25 3 -3 5 -5 6 8 29 10 -9 -2 12 -12 -13 27 -16 17 -14 -19 22 21 23 -10 24 26 -1 -21 -11 -29 -8
right_child=1 2 -4 4 -6 -7 7 9 19 14 11 13 16 -15 15 -17 -18 18 -20 20 -22 -23 -24 -25 -26 -27 -28 28 -30 -31
leaf_value=-0.013978204046688331 -0.0048126020993409166 0.0023770907989276871 -0.013682098612444848 -0.019154332573712365 0.0068773715768087182 0.014335927411541447 -0.0022405294371533944 0.017910937423726733 0.019716657580363676 -0.007138493543001158 0.029119951148515497 -0.0043698863318328901 -0.00027970212858888412 -0.025643795442101811 0.0021388131007359693 -0.030160229351359497 -0.00048770384071354411 0.0039873069478515164 0.01829360675309671 -0.0010055457677610171 -0.014448047588789776 0.016530051840301031 0.004748380674188344 0.020864110064309063 0.0031570035401659226 -0.00523894472925407 -0.030220443553026367 0.025657082818294697 -0.0011316722227650035 -0.031227186855832829
leaf_weight=190.0621875920333 702.98455643700436 5671.1183564690873 64.10997112467885 88.243146657943726 42.635286724194884 65.57441459223628 19.224675020202994 34.804889623075724 73.812032382003963 105.5036488622427 20.524001688696444 239.08364274725318 238.98643271904439 35.151355900801718 21.941447912249714 34.806782215833664 1533.8440126730129 181.78410062752664 113.75740656070411 22.760861504822969 72.503208179026842 69.109704902395606 538.91082385089248 19.679209144786 59.601133004762232 883.90552108455449 35.159034428186715 28.317583611235023 43.500689974054694 51.008209744468331
leaf_count=13191 8305 26469 266 773 342 211 214 321 655 971 269 3009 2646 355 203 352 15670 2102 650 278 785 696 4921 196 694 29358 443 235 391 540
internal_value=0.000322915 0.00106929 0.00219758 -0.000370876 -0.0106742 -6.17568e-05 -0.000281485 -0.00616677 0.00022279 -0.00169329 -0.000893885 0.000271856 0.00123923 -0.00709677 -0.00460832 -0.0176719 0.000962571 0.00512418 0.00949397 0.00406319 -0.00140525 0.00317837 0.00655154 -0.00354707 -0.00763478 -0.00678555 -0.0187398 -0.000427579 0.009431 -0.0232927
internal_weight=11302.4 10228.4 5735.23 4493.21 130.878 4362.33 4296.76 339.108 3957.65 268.875 3066.12 2363.13 2088.9 274.235 234.07 56.7482 2068.37 534.528 295.542 891.536 278.813 206.31 612.723 137.2 117.521 1073.97 57.9199 177.322 71.8183 70.2329
internal_count=115511 72962 26735 46227 1115 45112 44901 3227 41674 2473 33006 24701 21337 3364 2152 555 21068 5398 2752 8668 3092 2307 5576 1611 1415 42549 721 1597 626 754
is_linear=0
shrinkage=0.05


Tree=76
num_leaves=31
num_cat=0
split_feature=9 31 1 33 1 32 14 0 11 33 4 12 14 35 3 14 12 32 14 4 6 31 19 12 19 4 14 32 1 6
split_gain=22.4177 5.41296 6.97678 6.57599 6.71516 7.07309 7.61855 7.12079 6.89215 7.34983 8.92925 6.56295 6.54899 6.42721 7.00423 6.32048 6.90037 6.01567 5.92074 5.56591 5.51478 5.35322 5.37398 5.24052 13.3026 13.1767 12.4606 11.0644 9.6032 9.12941
threshold=-0.55499999999999983 16.500000000000004 0.96976192012730367 61.45000000000001 0.54553948042440592 39.500000000000007 0.10184242287093613 16.562393359928322 0.094351183869774341 53.150000000000013 -0.12594271908052038 0.045715778474399171 0.22595731324544885 16.500000000000004 0.90997320306675233 0.15391422736555485 0.11370440936309201 86.500000000000014 0.21056301842472291 0.13020111957525393 0.051480551570221592 9.5000000000000018 0.074905728953704967 0.13586239961644495 0.1177754944772669 -0.17388280824817073 0.092881274131274144 53.500000000000007 0.81596580710298394 0.18053048535900526
decision_type=2 2 10 2 10 10 8 8 8 2 10 10 10 2 10 10 10 10 10 8 8 2 2 10 2 10 8 10 10 10
left_child=-1 2 3 4 8 6 -6 13 11 10 -10 -2 18 -7 -15 21 -17 -13 -11 -8 -3 -5 -23 -22 25 -25 -27 -26 -29 -28
right_child=1 20 -4 15 5 7 19 -9 9 12 -12 17 -14 14 -16 16 -18 -19 -20 -21 23 22 -24 24 27 26 29 28 -30 -31
leaf_value=-0.006565661915977964 -0.018403500913578105 -0.010040504733469818 -0.026530040641091563 -0.00017485940945069625 -0.0012053029062857961 -0.013286904259328217 -0.022341394328426231 0.0040706351022273832 0.0026324239391920753 0.001988798448316227 0.030697204136659263 -0.00060986970208792715 -0.018778510099490751 0.0013265878911663076 -0.0088887193414735974 0.01211234509129013 -0.024649910751393389 -0.027007506956482116 0.01817111812865857 -0.0067804802557849628 0.003496727771467686 0.033130002762708999 0.0100546771676818 0.016963325768596407 -0.0055694953986347197 -0.01929950789337085 -0.00070399860509561592 0.0032839310496978083 0.018017376638507991 -0.016023883304675732
leaf_weight=1066.9309805498924 59.357784158550203 91.036561788991094 24.925633813254535 44.962094888091087 198.66155976895243 143.06868552323431 115.13020955491811 458.83917146129534 63.54369112290442 1681.4840651382692 51.161259487271309 893.63444672664627 36.811813108623028 552.88253189995885 240.92362758982927 25.581627892330289 25.477073007263243 22.116240920498967 58.490359254181385 114.7316443901509 3467.2188971126452 46.249095119535923 55.521046586334705 77.041153097525239 149.18921772297472 124.74180787615478 835.64627838041633 236.70807937067002 207.59194765053689 110.05304572172463
leaf_count=42549 784 396 275 706 2041 1304 1188 4171 693 17417 442 9900 325 4917 2228 185 219 238 467 1064 15057 267 335 349 708 567 3902 1148 1082 587
internal_value=0.000330707 0.00105117 -0.000144257 -9.72368e-06 -0.000386285 -0.00275774 -0.00837656 -0.00103261 0.00112286 0.00288316 0.01515 -0.00229174 0.00209125 -0.00353195 -0.0017738 0.00892085 -0.00623114 -0.0012474 0.00253278 -0.0145744 0.0021596 0.0141933 0.0205412 0.00237285 0.0001346 -0.00300863 -0.00444604 0.00621188 0.0101679 -0.00248681
internal_weight=11279.7 10212.8 4913.55 4888.63 4690.84 1824.24 428.523 1395.71 2866.6 1891.49 114.705 975.108 1776.79 936.875 793.806 197.791 51.0587 915.751 1739.97 229.862 5299.23 146.732 101.77 5208.19 1740.97 1147.48 1070.44 593.489 444.3 945.699
internal_count=115511 72962 49166 48891 47179 16913 4293 12620 30266 19344 1135 10922 18209 8449 7145 1712 404 10138 17884 2252 23796 1308 602 23400 8343 5405 5056 2938 2230 4489
is_linear=0
shrinkage=0.05


Tree=77
num_leaves=31
num_cat=0
split_feature=9 13 9 14 12 14 11 7 38 13 18 14 10 11 14 14 10 4 18 35 0 8 11 10 39 13 9 0 11 17
split_gain=20.8892 8.86594 5.24788 8.01028 6.02416 9.1229 7.71381 7.45006 7.22435 12.4615 6.86687 7.50609 7.87587 6.43051 6.52486 10.2178 9.72612 9.24042 8.63331 9.13513 10.865 6.73186 8.26201 6.69878 6.81945 6.34737 6.53307 7.27926 8.58486 6.28529
threshold=-0.55499999999999983 0.044610281923714766 0.44500000000000012 0.2470926301555105 0.077221228384019097 0.21434553720985886 0.1105594125149567 0.46153846153846162 1250.0000000000002 0.081725417439703171 0.10263157894736843 0.17381463314939713 0.12621834210476321 0.05007836990595612 0.15203690532637903 0.15607258620578554 0.07580701181968405 0.066933606406553714 0.12132352941176472 19.500000000000004 15.662321909843007 0.17192118226600989 0.11766257954369085 0.14805724862881145 6.5000000000000009 0.098199935711989719 2.0050000000000003 15.471408285411499 0.090960802564898149 1.0000000180025095e-35
decision_type=2 8 2 10 10 10 10 2 2 8 8 10 10 8 10 10 10 8 10 2 10 8 10 10 2 8 2 8 10 8
left_child=-1 -2 3 -3 5 7 -7 10 9 -6 25 12 -12 -10 17 -16 -17 18 -15 20 -20 22 -21 -18 -25 26 27 28 -4 -11
right_child=1 2 4 -5 8 6 -8 -9 13 29 11 -13 -14 14 15 16 23 -19 19 21 -22 -23 -24 24 -26 -27 -28 -29 -30 -31
leaf_value=-0.0063532489416593943 -0.023036957860262941 -2.2805841419656351e-06 0.013821333058666202 -0.026173633234630757 -0.028135714839321702 0.0046907474903659825 0.031182894750300994 0.023639724002312148 0.019959481089680223 -0.003992131051052528 0.004745178342963975 -0.005588945551814513 0.018131476683856684 0.011039872582688166 0.02254222973147757 -0.014475791245528455 0.0061420122542479878 0.0023974993065144397 -0.015676260516773084 -0.0062669092425141409 0.0056735646158605655 -0.013824766283244553 0.017668499241452248 -0.020027497589075589 0.0011302560041167578 0.013739182273813667 0.0096648524232119844 -0.017275124697663864 -0.011812573479649638 0.0062978311807509839
leaf_weight=1060.3435541563667 38.152406961657107 4420.2548983581364 58.761253276839852 29.431861703284085 46.225864635780454 50.98886670358479 59.589490549638867 45.680856849998236 50.498914239928126 595.96044288761914 389.4533111685887 114.0543617028743 153.06533978506923 76.291792996227741 74.706002324819565 70.932172963395715 1116.85815579677 1475.730341793038 300.88715871796012 63.746136387810111 74.307545615360141 50.950856152921915 82.990709256380796 47.564841014333069 191.08197743166238 52.005561565980315 60.566571844741702 124.38741955347359 73.537287397310138 197.60831800661981
leaf_count=42549 390 45647 279 286 231 250 241 192 210 2894 1766 521 657 321 338 356 5217 7043 1332 266 321 214 356 257 952 234 319 635 322 915
internal_value=0.000325639 0.00102088 0.00111133 -0.000175388 0.00211607 0.00529374 0.0189671 0.00388267 0.00128436 -0.00289981 0.00300288 0.00607074 0.00852197 0.00224011 0.00199333 0.0045168 0.00357276 0.000210628 -0.00476066 -0.00686485 -0.0114479 0.00183343 0.00727036 0.00451723 -0.00308671 -0.00245203 -0.00510618 -0.00859149 -0.000427108 -0.0014298
internal_weight=11246.6 10186.3 10148.1 4449.69 5698.43 1182.09 110.578 1071.51 4516.34 839.795 1025.83 656.573 542.519 3676.55 3626.05 1501.14 1426.44 2124.9 649.174 572.882 375.195 197.688 146.737 1355.5 238.647 369.258 317.253 256.686 132.299 793.569
internal_count=115511 72962 72572 45933 26639 5416 491 4925 21223 4040 4733 2944 2423 17183 16973 7120 6782 9853 2810 2489 1653 836 622 6426 1209 1789 1555 1236 601 3809
is_linear=0
shrinkage=0.05


Tree=78
num_leaves=31
num_cat=0
split_feature=9 13 9 17 3 5 32 5 13 5 32 0 11 10 5 7 9 13 38 38 0 2 7 6 37 5 13 2 11 11
split_gain=19.809 6.72247 5.15631 6.53209 6.47257 7.40665 6.41978 6.07856 7.38677 6.40669 5.61119 6.51448 5.61916 5.12858 5.05038 4.99361 4.63055 4.61139 5.56524 6.24725 5.37349 4.35218 6.14805 4.76257 3.69001 3.6728 3.70775 5.37444 6.33855 6.30104
threshold=-0.55499999999999983 0.044610281923714766 0.029999999999999954 1.0000000180025095e-35 1.8313065311938364e-10 0.14745108090431833 82.500000000000014 0.11268421969013968 0.22611077297626295 0.14745108090431833 43.500000000000007 14.462643910951511 0.12455388644196895 0.12396906778219911 0.043609179163949872 0.015384615384615384 -0.86499999999999988 0.11558704453441297 1750.0000000000002 1350.0000000000002 13.558861259585994 -0.008845709330709715 -0.12307692307692307 0.16003766478342754 4.5000000000000009 0.25028735632183913 0.055867665418227221 -0.0077327966755355634 0.12414379544921418 0.10623133602348385
decision_type=2 8 2 10 8 10 10 10 8 10 10 8 10 10 10 2 2 8 2 2 10 2 2 10 2 10 10 2 10 10
left_child=16 -2 21 4 5 -4 7 17 9 -9 11 -11 -12 -13 15 -6 -1 18 19 -5 -19 23 -23 -3 -25 26 27 28 29 -16
right_child=1 2 3 6 14 -7 -8 8 -10 10 12 13 -14 -15 25 -17 -18 20 -20 -21 -22 22 -24 24 -26 -27 -28 -29 -30 -31
leaf_value=-0.013295047337475347 -0.020072680115026494 -0.0027786148161045398 -0.028315622598925994 -0.0022912986260873172 0.026172364588005786 0.00024601297136273129 0.02241317878497831 0.016782547951374592 0.027754304167166455 0.026286260526768235 -0.014940338293234594 0.010895852911294466 0.0051558449439189228 -0.0077804598423193445 5.5512520118180004e-05 0.0040964570196904337 -0.0046205672536618536 0.0027445319580674879 -0.013554055841492019 0.01911624445869595 -0.023384639761166837 -0.01642214320173822 0.0013648110773334314 -0.023813304758159477 0.003245139204180663 -0.011955664775948982 0.00098497142922723455 0.0097651339574887919 -0.012374012422302903 0.021447614201775024
leaf_weight=187.01778810168616 37.560041094198823 759.23286830866709 39.437781458720565 72.198488939553499 39.763097191229463 53.477329285815358 55.506351661868393 106.95397812314332 43.414083803072572 39.667730236425996 69.931909551844001 93.659805765375495 69.209358153864741 60.50389345549047 158.18047306872904 72.001300867646933 867.35143651720136 36.171671945601702 39.21002356801182 64.548169087618589 43.14727608114481 50.450764111243188 1311.4637336134911 48.69352262513712 16.99811630602926 52.361540706828237 6301.3587135835551 302.91866432782263 74.217731731012464 43.997289562597871
leaf_count=13191 390 11437 278 425 207 299 270 534 208 174 380 507 345 334 910 388 29358 204 231 360 249 904 17096 712 264 282 33373 1528 440 233
internal_value=0.000363941 0.00104114 0.00111951 0.00171216 0.00123356 -0.011877 0.00601391 0.00478152 0.00807792 0.00613615 0.00271643 0.00821576 -0.00494443 0.00356605 0.00140648 0.0119505 -0.0061592 -0.00145989 0.00305209 0.00781365 -0.011469 -0.00103008 0.000705911 -0.00389612 -0.0168118 0.0012365 0.0013369 0.00516488 0.000123181 0.00471079
internal_weight=11210.6 10156.2 10118.7 7931.84 7137.71 92.9151 794.123 738.616 483.341 439.927 332.973 193.831 139.141 154.164 7044.8 111.764 1054.37 255.276 175.957 136.747 79.3189 2186.84 1361.91 824.925 65.6916 6933.03 6880.67 579.314 276.395 202.178
internal_count=115511 72962 72572 42159 37938 577 4221 3951 2482 2274 1740 1015 725 841 37361 595 42549 1469 1016 785 453 30413 18000 12413 976 36766 36484 3111 1583 1143
is_linear=0
shrinkage=0.05


Tree=79
num_leaves=31
num_cat=0
split_feature=9 8 8 34 13 9 31 5 8 32 31 3 9 13 16 6 32 40 35 13 3 0 13 6 38 3 31 8 16 3
split_gain=18.5106 4.7537 7.03595 8.28281 4.49919 4.67696 5.06247 4.98183 5.06139 5.62782 4.47477 6.24315 4.39774 4.24745 6.44433 3.8864 3.98687 3.8622 8.164 12.3183 6.33412 9.21453 7.77525 5.52743 5.40733 5.17959 6.2155 4.76804 4.53179 6.46505
threshold=-0.55499999999999983 0.24417344173441738 0.20722186076772939 26.500000000000004 0.044610281923714766 0.29000000000000009 23.500000000000004 0.041715003866976026 0.19399641577060936 103.50000000000001 31.500000000000004 0.85134934229734149 -0.86499999999999988 0.057307060755336627 1.0000000180025095e-35 0.035928286852589648 19.500000000000004 inf 17.500000000000004 0.17416582406471184 0.014982227827768953 15.644252060794988 0.10027932960893857 0.11979431049069376 1250.0000000000002 0.88212926646513989 16.500000000000004 0.11566332218506133 -149.99999999999997 0.5863424046149156
decision_type=2 10 10 10 8 2 2 10 10 10 2 10 2 8 8 10 8 8 2 8 8 10 8 8 2 10 2 8 10 10
left_child=12 2 4 10 -2 6 15 -7 9 13 11 -4 -1 14 -9 -6 -17 20 25 24 21 22 -15 -24 -20 26 -19 -28 -26 -30
right_child=1 -3 3 -5 5 7 -8 8 -10 -11 -12 -13 -14 17 -16 16 -18 18 19 -21 -22 -23 23 -25 28 -27 27 -29 29 -31
leaf_value=-0.012954134512261899 -0.016289845580781 0.015311810516206087 0.0080166678115473917 -0.030432127599157366 0.012801521588885013 0.014643906237914809 0.01533057551305516 0.00097914697909741596 0.014364770930409006 -0.015742254567106186 0.01097582648262203 -0.018584940281079331 -0.0044641995962570753 0.00040947317268254707 0.026469411959253755 0.015094094625116048 -0.00095106860478544753 0.0038987734076707534 -0.01930383161830207 0.013328371092667041 0.0013950979573336061 0.013361728201373263 -0.03967995883176377 -0.012727477723740369 0.0097489125234265905 0.0044175523051291658 0.031159956071316053 0.011038176012325063 0.013961588453301563 -0.0070909999239658341
leaf_weight=185.2803843190195 37.030752598308027 57.806073368061334 34.103135548532009 36.001661075279117 53.651882325299084 76.590892432257533 50.944122824817896 57.620861012488604 79.341238321736455 46.135503576137125 38.483612732030451 62.436816522851586 862.97816490137484 49.459001831710339 43.5247124992311 39.174336946569383 3304.7506613023579 67.103230960667133 48.121309441514313 145.60898152645677 5010.6388484425843 36.889573896303773 34.965342609211802 41.719210343435407 72.299909105524421 190.14949905313551 71.362386476248503 50.116152495145798 42.33647521212697 263.04021334555
leaf_count=13191 390 396 172 250 564 353 191 298 372 268 248 394 29358 251 192 558 38203 425 248 715 24503 204 215 230 350 952 285 206 215 1314
internal_value=0.000360574 0.00101439 0.000932429 -0.00912268 0.00110591 0.00117114 -0.000314313 0.00196819 0.00181531 0.00165653 -0.00344089 -0.00918781 -0.0059648 0.00178548 0.0119481 -0.000548896 -0.000763098 0.00161763 0.00454773 0.000774434 0.00107952 -0.00861937 -0.0150476 -0.0250168 -0.0035186 0.0102407 0.0161122 0.0228587 -0.00150734 -0.00417233
internal_weight=11189.7 10141.4 10083.6 171.025 9912.58 9875.54 3448.52 6427.02 6350.43 6271.09 135.024 96.54 1048.26 6224.96 101.146 3397.58 3343.92 6123.81 950.138 571.407 5173.67 163.033 126.144 76.6846 425.798 378.731 188.582 121.479 377.677 305.377
internal_count=115511 72962 72566 1064 71502 71112 39516 31596 31243 30871 814 566 42549 30603 490 39325 38761 30113 4710 2842 25403 900 696 445 2127 1868 916 491 1879 1529
is_linear=0
shrinkage=0.05


Tree=80
num_leaves=31
num_cat=0
split_feature=9 9 36 16 13 13 34 33 2 40 12 7 34 3 12 3 13 33 34 10 2 37 2 2 7 11 32 32 4 10
split_gain=13.5691 6.30692 5.05177 4.94336 5.48878 4.94226 4.60905 4.37952 4.45321 7.51934 7.80129 4.19297 4.09785 4.81345 3.82563 3.92847 3.69621 3.6432 10.0404 8.67001 4.06332 7.47666 4.35934 8.10605 5.91267 6.52352 6.18696 8.23095 7.39654 8.27355
threshold=-0.015000000000000069 -0.91499999999999992 4.5000000000000009 1.0000000180025095e-35 0.12104562104562107 0.17673086933888602 20.500000000000004 62.550000000000004 -0.073975344859019826 1.0000000180025095e-35 0.095119047619047631 0.08846153846153848 9.5000000000000018 0.88212926646513989 0.1937129690585912 8.1721445410272367e-27 0.11915683704674532 61.150000000000013 11.500000000000002 0.12621834210476321 -0.064571301199057865 3.5000000000000004 -0.014867485843993543 -0.014586164655173558 0.1076923076923077 0.16347463844057852 60.500000000000007 33.500000000000007 -0.0095364245102530151 0.14635508924921656
decision_type=2 2 2 8 10 10 8 2 2 8 8 2 10 10 10 8 10 2 10 10 2 2 2 2 2 10 10 8 8 10
left_child=1 -1 3 4 -3 6 -6 8 9 16 -11 -7 -12 -14 15 -4 -2 20 -19 -20 21 -10 24 -24 26 -26 27 -22 -29 -30
right_child=7 2 14 -5 5 11 -8 -9 17 10 12 -13 13 -15 -16 -17 -18 18 19 -21 22 -23 23 -25 25 -27 -28 28 29 -31
leaf_value=-0.021160914418590519 -0.003050860793094877 -0.000641829908989039 -0.031014083822010041 -0.0036687754891999019 0.01787872524349856 -0.023559998780739434 0.00091210154662250097 0.012332361355664186 0.024767171027570787 0.0054958811120468711 -0.030703493787969195 0.0067522965367536811 0.00050087505762244882 -0.020765538528265622 0.0094096712259814572 -0.0047732377810075048 0.017544212014998853 0.024716767575664211 -0.015417813200911346 0.015577755895828363 0.008312823196850538 0.0015449910539323828 0.023725817664440735 0.0014320406044778294 -0.0061940888813232274 0.012555688076860775 0.0043952088724528264 -0.020381158398649693 -0.00047659247698216592 -0.01330121937347256
leaf_weight=47.128088136785664 44.808652302250266 479.42836822825484 14.393522930098696 632.48343325546011 124.95414947811514 19.368118248414248 58.893701122608036 83.048816105350852 50.029419153928757 54.767025999724865 38.193333778530359 27.759625594131649 46.51381167396903 62.173349764198065 47.361885983264074 1571.837019301136 42.400322420522571 59.40529359318316 50.923046071082354 40.507832784205675 188.25314712896943 112.83390482049435 41.135760515928268 4634.6317931124941 648.43373890034854 49.965217888355255 676.08312453748658 57.768353324383497 1023.4673110907897 143.37766826339066
leaf_count=4157 275 10503 596 13246 1948 312 1088 401 265 312 201 401 272 380 869 38167 216 245 280 179 1106 618 208 24680 3607 293 3672 395 5767 818
internal_value=-0.000152383 -0.00301297 -0.00272563 -0.000453713 0.00240871 0.0087406 0.0124436 0.000909048 0.000791427 -0.00530459 -0.0106098 -0.00570517 -0.0166151 -0.0116644 -0.00459325 -0.00501135 0.0069623 0.00101785 0.0087128 -0.00168544 0.000865652 0.00867853 0.000695156 0.00162817 -0.000869976 -0.00485268 0.000461563 -0.00142076 -0.00291705 -0.00205244
internal_weight=11172.3 3023.61 2976.48 1342.89 710.404 230.976 183.848 8148.72 8065.67 288.856 201.648 47.1277 146.88 108.687 1633.59 1586.23 87.209 7776.82 150.836 91.4309 7625.98 162.863 7463.12 4675.77 2787.35 698.399 2088.95 1412.87 1224.61 1166.84
internal_count=115477 71287 67130 27498 14252 3749 3036 44190 43789 1656 1165 713 853 652 39632 38763 491 42133 704 459 41429 883 40546 24888 15658 3900 11758 8086 6980 6585
is_linear=0
shrinkage=0.05


Tree=81
num_leaves=31
num_cat=0
split_feature=9 9 6 16 19 10 19 13 6 6 19 6 14 31 10 33 19 12 12 18 14 34 34 8 4 33 14 17 14 4
split_gain=12.3285 6.0906 5.09545 8.22658 5.07305 7.37643 7.08509 6.95513 11.2999 7.44142 8.10387 8.19425 7.40373 6.9559 8.19923 8.86783 6.94245 6.88687 6.30505 11.8457 5.60764 5.15839 10.2155 5.14979 8.04082 4.90638 5.73589 5.09616 12.9206 9.2749
threshold=-0.015000000000000069 -0.85499999999999987 0.21676599262806162 1.0000000180025095e-35 -0.019193928676687257 0.13571205217546684 -0.041695411021275428 0.10948202054794522 0.14818680893837474 0.057308253715498948 -0.032332735961768271 0.12981256826337964 0.11090903679993654 22.500000000000004 0.12857401562580847 58.95000000000001 -0.024009915259122602 0.081165540540540551 0.13652714192282542 0.12132352941176472 0.14063840051457979 17.500000000000004 12.500000000000002 0.095695970695970703 0.050290570237064881 60.250000000000007 0.048400560073240353 1.0000000180025095e-35 0.25036302032913849 0.14897770811563912
decision_type=2 2 8 10 2 8 2 8 10 10 2 10 8 2 10 2 2 10 8 10 10 10 10 8 10 2 10 8 8 8
left_child=1 -1 4 -4 5 7 18 8 9 -2 11 -11 21 14 15 -14 -12 -13 19 -7 -10 22 -9 24 -21 27 -27 -6 29 -29
right_child=2 -3 3 -5 25 6 -8 12 20 10 16 17 13 -15 -16 -17 -18 -19 -20 23 -22 -23 -24 -25 -26 26 -28 28 -30 -31
leaf_value=-0.011106330285042584 0.018066370044093394 -0.0022737358150723549 0.015665225596131715 -0.0086964503629806417 -0.0012557199149100273 -0.021701031462041932 0.0092747078825168097 0.025362513279326357 0.03021219029973049 0.0026987773305690256 -0.027514171745398715 0.00095448209711015248 0.0021583186327010853 0.015574895573241612 0.021736979696216449 -0.023108715279435685 0.0016243477310368621 -0.028618435667030474 -0.020515250267063134 0.011370330474031274 0.0051493838356051784 0.031368821440865606 -0.0062849124797283024 0.014369091475620283 -0.019601515820439536 0.016046729023465055 0.0022434408166159023 0.011444876103998202 -0.012799623407147964 0.0010085387570558354
leaf_weight=209.77956512523815 55.686253985390067 2803.4576293072896 130.96938571985811 47.121172077953815 4420.5915538924746 60.628259737044573 85.397852960973978 60.592921668663621 49.742341086268425 654.59326262958348 49.575804963707924 38.008407091721892 141.18464210536331 109.25797040574253 36.879119858145714 46.052524893544614 34.784538675099611 40.840175461024046 67.316953957080841 42.277608992531896 40.481341127306223 51.550434434786439 44.026203885674477 70.287577621638775 41.552208688110113 86.821987168863416 565.26299908291548 322.21450772788376 120.98894948977977 627.44675504136831
leaf_count=14983 325 56304 693 283 24070 342 433 298 251 3742 300 209 806 445 195 302 193 231 365 214 190 252 242 341 237 435 2870 1721 703 3502
internal_value=-0.000156312 -0.00288866 0.000854873 0.00921934 0.000667828 0.00298586 -0.00334318 0.00458617 0.00212085 0.000380785 -0.000823472 0.000864551 0.00943939 0.00523084 0.000188061 -0.00405632 -0.0154994 -0.014363 -0.0071634 -0.00297796 0.0189671 0.0184233 0.0120445 0.00438752 -0.00398159 -1.91729e-05 0.00408128 -0.000506102 0.00258898 0.00454953
internal_weight=11155.4 3013.24 8142.13 178.091 7964.04 1820.72 367.46 1453.26 963.712 873.488 817.802 733.442 489.544 333.374 224.116 187.237 84.3603 78.8486 282.063 214.746 90.2237 156.17 104.619 154.117 83.8298 6143.33 652.085 5491.24 1070.65 949.661
internal_count=115477 71287 44190 976 43214 9913 1932 7981 5441 5000 4675 4182 2540 1748 1303 1108 493 440 1499 1134 441 792 540 792 451 33301 3305 29996 5926 5223
is_linear=0
shrinkage=0.05


Tree=82
num_leaves=31
num_cat=0
split_feature=31 11 8 8 19 8 33 18 8 5 10 14 32 37 19 31 1 2 11 14 1 18 7 34 10 11 14 37 19 5
split_gain=10.577 6.25119 4.6187 5.45735 6.32098 5.7221 5.58623 5.19835 4.86161 4.43403 5.10384 4.35664 4.04964 4.73247 4.0108 4.27222 3.84614 3.84311 6.5434 7.94166 7.79792 9.45885 9.32916 8.38169 7.62703 12.566 8.87393 7.19238 8.36183 8.43489
threshold=7.5000000000000009 0.22926223241590218 0.24283374283374287 0.20722186076772939 0.11111111111111115 0.21680376028202117 61.150000000000013 0.74166666666666681 0.097167584579071611 0.1345649055626118 0.11077955612937694 0.11090903679993654 62.500000000000007 4.5000000000000009 0.12983661627729434 1.0000000180025095e-35 0.67183148844929252 -0.014867485843993543 0.10914973617516309 0.073201527469820157 0.84997231855422184 0.37171052631578955 0.12692307692307694 17.500000000000004 0.10480724500667778 0.11540595919064289 0.070014005602240914 4.5000000000000009 -0.048865768377963519 0.096652496398143065
decision_type=2 10 10 10 2 10 2 10 10 10 10 8 10 2 2 2 8 2 8 10 10 10 2 10 8 8 10 2 2 8
left_child=14 2 3 6 5 -5 17 -7 12 11 -11 -10 13 -8 15 -1 -16 -2 20 24 22 -22 -19 -23 -20 -26 -27 28 -24 -30
right_child=1 -3 -4 4 -6 7 8 -9 9 10 -12 -13 -14 -15 16 -17 -18 18 19 -21 21 23 27 -25 25 26 -28 -29 29 -31
leaf_value=-0.033406232945824794 -0.00084570665670626152 -0.020702754497300142 0.015488283147891338 -0.032903675797158173 0.0059129000980264849 -0.021685320375266732 -0.0065109339482060076 0.0059243804501790294 0.010115300708762091 -0.0092731761582157575 0.013087603474254493 0.031776957167441396 -0.013406282425567696 0.016927398143516317 -0.0056480274208356718 -0.0024008132910769576 -0.019837282190164521 -0.0016541400008100674 -0.017031952085038882 0.0042497099275348874 -0.026084404733696182 0.011906442143119792 -0.0034011123638941192 -0.015900539099479378 0.020208498334442378 -0.00094292841747926697 -0.027746213592585348 -0.0067425311047126339 0.024341681995484126 0.0065389261932043618
leaf_weight=11.180996643961405 3314.4930866886862 34.373626771382987 52.213193886447698 33.463672496378422 48.865403288044035 33.562411949038506 41.65361468680203 34.64828662481159 51.543295050039887 39.676532438024879 71.516762036830187 42.229012798517942 41.468343187123537 44.59249035269022 178.85827931540553 1752.4344372479245 65.155568813439459 1605.5172624490224 73.859299594536424 2322.9535875245929 64.498658446595073 54.570806221105158 93.811332984827459 53.832860381342471 68.231471663340926 520.13958631642163 32.82924254052341 83.814866190776229 113.33704915735871 161.11839894577861
leaf_count=1707 20314 217 336 228 294 217 241 192 275 210 362 219 278 240 5335 50770 2077 10219 511 13598 396 283 641 324 390 3209 211 549 682 952
internal_value=-0.000142719 0.000579617 0.000660021 0.000574435 -0.00886599 -0.0159688 0.000734193 -0.0076607 0.007091 0.0118622 0.00510872 0.0198703 -0.000566149 0.00560757 -0.00342867 -0.00259738 -0.00943678 0.000487226 0.00132899 0.00284672 -0.000724599 -0.0109231 0.000132396 -0.0019024 -0.00184222 -3.61977e-05 -0.00253421 0.00647708 0.00948577 0.0138906
internal_weight=11140.4 9132.81 9098.44 9046.23 150.54 101.674 8895.69 68.2107 332.68 204.966 111.193 93.7723 127.714 86.2461 2007.63 1763.62 244.014 8563.01 5248.51 3018.01 2230.5 172.902 2057.6 108.404 695.06 621.2 552.969 452.082 368.267 274.455
internal_count=115477 55588 55371 55035 931 637 54104 409 1825 1066 572 494 759 481 59889 52477 7412 52279 31965 17919 14046 1003 13043 607 4321 3810 3420 2824 2275 1634
is_linear=0
shrinkage=0.05


Tree=83
num_leaves=31
num_cat=0
split_feature=9 9 1 32 1 36 12 4 8 34 13 0 16 1 32 1 6 0 9 19 34 16 4 6 32 8 12 1 12 19
split_gain=11.3402 5.62459 5.42258 8.987 8.60979 7.96227 8.28273 7.09474 8.85597 6.61803 12.5717 6.2883 5.51604 7.2057 6.63415 5.9844 5.90145 7.22124 6.12255 5.47611 6.73168 7.07579 6.42122 5.38217 9.11232 11.2951 6.691 5.30931 5.19594 5.16644
threshold=-0.015000000000000069 -0.85499999999999987 0.58665013595026438 55.500000000000007 0.83788322219730571 10.500000000000002 0.074914965986394563 0.096050043123915921 0.11566332218506133 19.500000000000004 0.065318976026005698 13.854161856796781 -1.0000000180025095e-35 0.74388545329144873 40.500000000000007 0.75586553759723207 0.15003320053120853 14.753280719146302 1.7250000000000003 0.16774048852098031 17.500000000000004 1.0000000180025095e-35 -0.057971014492753568 0.055831403085111635 42.500000000000007 0.097167584579071611 0.050252525252525264 0.69922146534833396 0.15694376924323453 -0.0078280584576733061
decision_type=2 2 8 10 10 2 10 10 8 10 10 10 8 8 10 8 10 10 2 2 10 10 8 10 8 8 8 10 8 2
left_child=1 -1 23 4 5 12 -7 8 -8 10 -5 27 14 19 -4 -15 17 18 -17 22 21 -21 -14 24 -2 -26 -25 -12 -18 -13
right_child=2 -3 3 9 -6 6 7 -9 -10 -11 11 29 13 15 -16 16 28 -19 -20 20 -22 -23 -24 26 25 -27 -28 -29 -30 -31
leaf_value=-0.010702560912582664 0.023300394349335393 -0.0021647057935722147 -0.0020687433459171119 -0.018746604124851449 -0.0086391424387066498 0.0048283337434066511 0.0088529112459594071 -0.032351503282174551 -0.025690484089908584 -0.0017144528292353069 0.0013140180559145093 0.012844678029348173 -0.015529311229279117 0.016940434700903239 0.0089367062707539375 -0.002334865905237014 0.0018824708298994634 0.011936233798590842 -0.020721565124579948 -0.024117722483492449 -0.028892881933121031 0.001805394859704565 -0.00056120107561943226 -0.012648457825676052 -0.01900956333643343 0.015382219681380552 0.0022089459647560775 0.014959774039644467 0.02249429130123104 0.0016905928688952087
leaf_weight=207.21498390118359 80.035133086144924 2792.4083119323477 240.67062058951706 56.679375126957893 437.88979570288211 57.402228366583586 37.58491496834904 51.508184732869267 36.644497167319059 703.56042093411088 99.992495944723487 119.40500998869538 83.820155773311853 62.036160123534501 317.68676816206425 326.60299446247518 76.526677665300667 76.724119950085878 52.562186756171286 39.120379282161593 47.684359431266785 80.469847608357668 493.53489926084876 77.569375602528453 42.0342136323452 55.258239287883043 3282.0564566981047 248.26624745875597 50.919676722958684 795.17092988733202
leaf_count=14983 438 56304 1305 322 2423 343 214 308 246 4004 511 584 445 305 1510 1765 415 380 331 208 273 427 2646 538 264 295 18137 1196 248 4109
internal_value=-0.000126976 -0.0027545 0.000842539 -0.000290736 -0.0022534 -0.000941527 -0.0109091 -0.0180936 -0.00819997 0.00220193 0.00429013 0.00532408 -4.60609e-06 -0.00169076 0.00419299 0.00217616 0.00060602 -0.00205302 -0.00488374 -0.00504223 -0.0130083 -0.00667458 -0.00273426 0.00231401 0.0108037 0.0005236 0.00186591 0.0110418 0.0101177 0.00314685
internal_weight=11129 2999.62 8129.42 4592.46 2569.39 2131.5 183.14 125.738 74.2294 2023.07 1319.51 1262.83 1948.36 1390 558.357 645.372 583.336 455.889 379.165 744.63 167.275 119.59 577.355 3536.95 177.328 97.2925 3359.63 348.259 127.446 914.576
internal_count=115477 71287 44190 24518 13792 11369 1111 768 460 10726 6722 6400 10258 7443 2815 3444 3139 2476 2096 3999 908 635 3091 19672 997 559 18675 1707 663 4693
is_linear=0
shrinkage=0.05


Tree=84
num_leaves=31
num_cat=0
split_feature=9 9 9 32 32 10 10 0 8 36 37 2 3 0 5 5 2 19 3 14 13 10 10 2 32 8 19 32 14 10
split_gain=11.205 5.44774 4.12654 4.45985 3.99562 4.11839 5.28572 4.92328 4.96857 3.95243 4.13533 4.0313 3.64926 3.9307 3.29671 13.5784 9.05699 6.68074 5.79296 5.16995 5.1233 6.98739 9.79875 10.6412 9.61952 8.77538 8.23074 8.1463 8.30766 7.38054
threshold=0.029999999999999954 -0.91499999999999992 0.044999999999999984 104.50000000000001 95.500000000000014 0.13433050945904668 0.14856894625791242 15.546623260826427 0.16172624237140368 4.5000000000000009 5.5000000000000009 -0.051401869158878503 0.93453790764670075 14.65173218720412 0.085445150496020014 0.089181243278973185 -0.073975344859019826 -0.048865768377963519 0.93453790764670075 0.098925672296387504 0.092688048873615897 0.10191553218112882 0.12930271610723842 0.013941793865631703 72.500000000000014 0.13536417773705914 0.17669683257918556 81.500000000000014 0.06456575682382136 0.086512129420280137
decision_type=2 2 2 10 10 10 10 8 8 2 2 2 8 10 10 10 2 2 8 10 10 8 10 2 10 8 2 8 10 10
left_child=1 -1 12 4 14 7 -7 8 -6 10 -3 -11 13 -2 16 17 -4 -16 19 -19 -18 26 24 27 25 -23 29 28 -24 -22
right_child=2 9 3 -5 5 6 -8 -9 -10 11 -12 -13 -14 -15 15 -17 20 18 -20 -21 21 22 23 -25 -26 -27 -28 -29 -30 -31
leaf_value=-0.019859141950324739 0.0070555904926777853 0.00061938025012894186 -0.015870771414035541 -0.013928729602197773 0.03049923531155126 -0.013971971977842843 0.011937601586761522 0.00031685807830898191 0.0074118308328303519 -0.013696629348445273 -0.007315977426647316 -0.003388769880360595 -0.0047826981300677154 0.031322666669115123 0.0073116738821681878 0.00055574816930976489 0.0002192802306301585 -0.017499996614130941 -0.030279197663446535 0.0038270210052441032 0.014555235354920718 0.024562949597834092 -0.012647684428318682 -0.013868366386458459 -0.004649581605594675 0.0068464700428360007 -0.013249355743977481 0.026437123153272946 0.011137944103871719 -0.0040753179195917406
leaf_weight=45.214841863955371 39.416326326318085 1237.5722877699882 64.37398773431778 51.370492049492896 48.01353732869029 41.927812576293945 37.104468789882958 53.93806080147624 45.28053710795939 100.74511226685718 189.29047011001967 1621.6529265037971 25.665704911574721 28.937637317925692 36.485310209915042 5570.1781315850094 773.10144602321088 86.125914210453629 51.724287092685699 42.408332876861095 101.6341004986316 184.24963873624802 57.952404456213117 78.688202792778611 56.602879852056503 112.61780034005642 89.620588945224881 45.455765958875418 100.15352338925004 111.45423245057464
leaf_count=4157 324 24718 392 329 237 238 214 304 238 2134 3572 38585 229 196 193 29068 4366 501 304 215 588 865 332 389 288 574 532 227 526 642
internal_value=-0.000126488 -0.00262689 0.000880189 0.000755323 0.000852167 0.00739932 -0.00180782 0.0123416 0.0192937 -0.00237948 -0.00043334 -0.00399169 0.0112929 0.0173291 0.00065629 7.79878e-05 0.00254073 -0.0122001 -0.0161494 -0.0104634 0.00323322 0.00571618 0.00869337 0.00174662 0.0142404 0.0178421 -0.000536219 0.0077827 0.00241952 0.00481067
internal_weight=11129 3194.48 7934.48 7840.46 7789.09 226.264 79.0323 147.232 93.2941 3149.26 1426.86 1722.4 94.0197 68.354 7562.83 5786.92 1775.9 216.744 180.259 128.534 1711.53 938.429 635.72 282.25 353.47 296.867 302.709 203.562 158.106 213.088
internal_count=115477 73166 42311 41562 41233 1231 452 779 475 69009 28290 40719 749 520 40002 30281 9721 1213 1020 716 9329 4963 3201 1474 1727 1439 1762 1085 858 1230
is_linear=0
shrinkage=0.05


Tree=85
num_leaves=31
num_cat=0
split_feature=9 9 33 12 11 11 15 8 9 11 19 10 6 11 16 3 10 0 32 7 11 11 0 39 7 19 12 18 18 0
split_gain=14.143 5.42745 4.58365 7.06472 5.52166 6.09185 10.0684 5.90857 7.70673 8.6448 6.26592 5.77669 5.56249 5.12641 4.72723 4.73428 4.61706 5.02729 4.88769 8.86018 7.94913 7.63838 7.25324 7.23827 6.06861 5.02374 4.5427 8.12758 4.78299 4.20019
threshold=-0.155 -0.87499999999999989 56.650000000000013 0.050252525252525264 0.18189137754355147 0.06798058252427186 1.0000000180025095e-35 0.088562091503267992 1.3050000000000004 0.13198537344280542 0.36946729338033696 0.052120941281620085 0.096792563744580798 0.14204945019818441 -1.0000000180025095e-35 0.78248278404414939 0.16001092299290007 15.808602986072678 32.500000000000007 -0.061538461538461535 0.14710806002197011 0.087634657708791849 14.70271632724678 10.500000000000002 -0.18076923076923077 0.058283408477961055 0.07854152897113903 0.15192307692307697 0.12132352941176472 15.50146661839157
decision_type=2 2 2 8 10 8 8 8 2 10 2 10 10 10 8 10 10 10 10 2 8 8 10 2 2 2 10 10 10 10
left_child=1 -1 4 14 5 6 11 8 9 26 16 -2 -13 -11 -4 -16 18 -18 20 24 -9 22 23 -21 -20 -26 28 -28 -7 -6
right_child=2 -3 3 -5 29 7 -8 10 -10 13 -12 12 -14 -15 15 -17 17 -19 19 21 -22 -23 -24 -25 25 -27 27 -29 -30 -31
leaf_value=-0.012246475847787923 0.0056533615913913473 -0.0028113360733937037 -0.027795320936895115 0.00026342769705951449 -0.018700971215253964 -0.0048622561498690925 0.012102921259445775 -0.0080715858210196317 -0.0067393070760921065 -0.016901796113298163 -0.018014416495519322 -0.0072842603428689831 -0.029406779590104012 0.0072733460506998445 0.0090696735360856467 -0.018516568868973529 0.0051281806443752402 0.026302595211852589 0.0019519994416505591 0.012626223911048024 0.017119741515869254 0.00057399001115904496 0.02162856076437096 -0.011125150044344109 0.036539566722372803 0.012428322243373958 0.037368784624168247 0.013305837204454005 0.014558789572614762 0.0030796935079950606
leaf_weight=163.10422463394934 34.358470096252859 2326.5805271796416 35.673096092417836 5635.0336883477867 53.181157778948545 44.501753162592649 58.98361736908555 213.30437538959086 70.293155859224498 36.427248246967793 36.946441646665335 60.150742772966623 53.854975723661482 55.095976861193776 30.568982470780611 31.661470947787166 87.151313155889511 41.323169919662178 54.221102481707931 81.060812044888735 36.703911706805229 1320.1552853081375 89.137889328412712 53.083281683735549 39.190380848944187 48.141821827739477 51.4459163043648 110.38813151791692 110.22742142155766 37.9147590380162
leaf_count=12009 222 53929 261 32726 319 318 354 1380 354 227 218 383 360 298 204 233 457 205 341 411 222 7079 460 367 195 257 278 605 658 198
internal_value=-0.00011038 -0.00342945 0.000849349 3.20722e-05 0.00247778 0.00287384 -0.00537136 0.0035368 0.00855178 0.0111857 0.00239461 -0.0123184 -0.0177347 -0.00234863 -0.0132841 -0.00496559 0.00276004 0.0119388 0.00215061 0.00311858 -0.00437323 0.00202056 0.0105734 0.00322737 0.0150909 0.0232483 0.0150986 0.0209553 0.00897309 -0.00963571
internal_weight=11099.9 2489.68 8610.18 5732.94 2877.24 2786.15 207.348 2578.8 478.38 408.086 2100.42 148.364 114.006 91.5232 97.9035 62.2305 2063.47 128.474 1935 1684.99 250.008 1543.44 223.282 134.144 141.553 87.3322 316.563 161.834 154.729 91.0959
internal_count=115528 65938 49590 33424 16166 15649 1319 14330 2738 2384 11592 965 743 525 698 437 11374 662 10712 9110 1602 8317 1238 778 793 452 1859 883 976 517
is_linear=0
shrinkage=0.05


Tree=86
num_leaves=31
num_cat=0
split_feature=9 36 16 18 36 33 38 36 5 7 19 33 12 12 14 13 13 5 4 14 4 9 1 14 6 33 10 12 12 18
split_gain=13.0517 5.18443 9.42072 7.3759 5.91878 6.14839 5.44551 6.24178 9.28538 7.03955 5.66657 5.23936 4.77865 4.7329 4.73111 5.18582 5.18127 6.69039 5.96389 8.33621 4.66461 5.38662 4.58211 4.57743 4.48745 4.38922 4.38096 4.32452 4.71981 4.95147
threshold=-0.36499999999999994 4.5000000000000009 550.00000000000011 0.60555555555555574 3.5000000000000004 58.050000000000004 2050.0000000000005 8.5000000000000018 0.15824545824545827 1.0000000180025095e-35 0.20317042606516297 54.850000000000001 0.047847985347985351 0.044281045751633996 0.12936664386960081 0.15105309346204479 0.12778327560613559 0.082709568257454374 0.059529815962712063 0.074115688722430309 0.1647791401600657 -0.87499999999999989 0.51657675279257831 0.095266106442577034 0.10689245638463431 62.550000000000004 0.093864149996931559 0.077221228384019097 0.13652714192282542 0.68990384615384626
decision_type=2 2 10 10 2 2 2 2 10 2 2 2 8 10 10 10 8 8 8 10 10 2 10 10 10 2 8 8 10 10
left_child=20 2 11 4 5 23 12 9 22 -8 27 14 13 -3 15 16 18 -18 19 -2 21 -1 -9 -4 -21 -14 -22 -11 -29 -30
right_child=1 6 3 -5 -6 -7 7 8 -10 10 -12 -13 25 -15 -16 -17 17 -19 -20 24 26 -23 -24 -25 -26 -27 -28 28 29 -31
leaf_value=-0.012138781531910565 -0.014860211405817871 -0.0017420873402383505 -0.014770323174018822 0.0069525513494763814 -0.028518533526020452 -0.023211802064299653 0.02712785193601417 -0.003739039866547353 0.013442104934579339 0.020045447744303956 0.022407508137510052 0.0018715584985379658 -0.00089048859427052855 -0.027678909485661714 0.017644982732536198 -0.014125803188674081 0.034880813008619165 0.0037325003793749869 0.016117744739229539 -0.0013600862885748478 0.00044281303520893436 -0.0024794601872297332 -0.031211182659334941 0.0080564927857715487 0.021858521373143577 0.014364662808970589 -0.02049955035814682 -0.0075110773330872918 0.018018149182771705 -0.0070575628536739239
leaf_weight=160.65628135815496 69.668241449631751 37.72507194057107 34.921047365292907 64.467120390385389 44.754906374961138 43.131384648382664 44.156202571466565 29.365395471453667 38.506788064725697 29.694981552660465 41.778210431337357 3533.5285474453121 4672.5811840896495 32.952089071273804 94.474710991606116 32.176959928125143 33.786749397404492 35.199882593005896 63.968094878830016 49.236457569524646 36.534022312611341 1420.460481395945 31.416637840680778 59.18131734803319 36.043563537299633 47.632012153975666 78.909760859794915 105.41321776621044 51.395188877359033 31.90886745415628
leaf_count=11943 545 321 253 344 302 279 247 250 247 208 229 21616 31421 279 489 176 202 205 397 316 942 39988 224 337 188 301 2025 735 314 205
internal_value=-0.000133373 0.000595912 0.00190341 -0.00758064 -0.0127288 -0.00757947 -0.00045988 0.00511749 -0.00576839 0.00866886 0.00553623 0.00249544 -0.000929777 -0.0138347 0.00781321 0.00491126 0.00703891 0.0189876 0.00327353 -0.00202901 -0.00416937 -0.00346094 -0.0179387 -0.000414456 0.00845325 -0.000736548 -0.013872 0.00230907 -0.000481776 0.00841312
internal_weight=11085.6 9389.06 4194.54 246.456 181.989 137.234 5194.53 403.635 99.2888 304.347 260.19 3948.08 4790.89 70.6772 414.555 320.08 287.903 68.9866 218.916 154.948 1696.56 1581.12 60.782 94.1024 85.28 4720.21 115.444 218.412 188.717 83.3041
internal_count=115528 60630 25649 1515 1171 869 34981 2659 721 1938 1691 24134 32322 600 2518 2029 1853 407 1446 1049 54898 51931 474 590 504 31722 2967 1462 1254 519
is_linear=0
shrinkage=0.05


Tree=87
num_leaves=31
num_cat=0
split_feature=9 36 16 37 32 13 33 38 9 4 13 13 8 10 40 1 36 2 4 8 4 33 1 34 1 1 8 32 38 19
split_gain=12.2309 4.99203 6.73326 6.31895 12.1837 7.79519 5.63726 5.36613 4.90493 4.88303 6.4085 4.86818 4.50402 5.11193 4.43369 4.34464 5.19467 4.5622 5.73806 4.25252 4.14587 4.07526 6.53511 7.35176 5.67673 10.6271 5.78487 7.62787 7.01988 9.03094
threshold=-0.155 4.5000000000000009 550.00000000000011 4.5000000000000009 61.500000000000007 0.1064701778862923 54.350000000000001 2050.0000000000005 -0.87499999999999989 -0.0095364245102530151 0.095413165266106451 0.094467108618052034 0.072077922077922088 0.10622897701549387 1.0000000180025095e-35 0.22655976928822733 9.5000000000000018 -0.0091334131774585322 -0.1346014694422798 0.22886904761904764 -0.14953746399064466 58.250000000000007 0.19876698534464857 18.500000000000004 0.85000809450353831 0.90819441218477071 0.16530054644808745 86.500000000000014 1850.0000000000002 0.1095390460953905
decision_type=2 2 10 2 8 10 2 2 2 10 8 10 8 10 10 8 2 2 8 10 10 2 8 10 8 10 10 10 2 2
left_child=8 2 6 4 5 -4 9 19 -1 10 20 -11 13 -8 -12 16 -10 -17 -19 -3 -2 22 23 -14 26 -26 28 -28 29 -23
right_child=1 7 3 -5 -6 -7 12 -9 15 11 14 -13 21 -15 -16 17 -18 18 -20 -21 -22 24 -24 -25 25 -27 27 -29 -30 -31
leaf_value=-0.011692751588843935 0.004430020153656909 -0.00068049356460885642 0.0022838867745950549 -0.01891148823985403 0.020419133798852025 -0.025362261048307511 0.020886707878143007 0.0054526142054109787 0.0031860523134415717 0.029854729020500237 0.021624781017308345 0.0069816538401265968 -0.00064017227144438991 -0.0024949991291566068 0.0014445177343786306 -0.0077699901292694806 -0.0088784287079099865 -0.008856182463807304 -0.00037496823849423829 -0.018076517987701511 -0.018677166092627571 0.013296635185429676 -2.3887514639048618e-05 0.028237898777081313 0.025349563455189236 -0.0021296159333059573 -0.01825100514100975 0.0066800224194109754 -0.0023637484909534798 -0.0008458874429743469
leaf_weight=160.51728541863849 42.285838185809553 4357.3966075563803 56.041736822575331 69.253308398649096 47.071016330271959 46.782121935859323 64.549773406237364 369.55687625333667 492.65680520620663 47.985319141298532 60.509740646928549 45.151112169027328 43.875166213139892 36.647824021056294 49.469398777931929 534.45021072193049 108.95665708417073 254.17573779379018 925.90588244108949 35.416171646676958 35.884768417105079 302.59897860325873 2150.1530972309411 44.283363357186317 82.028420231305063 61.610475990921259 68.932041690684855 55.288574306294322 245.51800272800028 180.04351634345949
leaf_count=12009 253 26194 307 371 244 260 371 2157 14032 245 266 231 293 218 266 11231 4063 6636 17967 231 197 1624 11900 245 389 370 370 278 1313 997
internal_value=-0.000144455 0.000747316 0.0020897 -0.0064205 -0.000649509 -0.0102944 0.00260534 -0.000333937 -0.00324045 0.00940284 0.00476785 0.0187662 0.00203211 0.0124192 0.0125476 -0.00265468 0.00100109 -0.00393745 -0.00220172 -0.000820746 -0.0061775 0.00170711 0.000523171 0.0138657 0.00436772 0.013563 0.00281817 -0.00715461 0.00451948 0.00802095
internal_weight=11075 8598.33 3835.96 219.148 149.895 102.824 3616.82 4762.37 2476.66 281.286 188.15 93.1364 3335.53 101.198 109.979 2316.15 601.613 1714.53 1180.08 4392.81 78.1706 3234.33 2238.31 88.1585 996.02 143.639 852.381 124.221 728.16 482.642
internal_count=115528 49590 21008 1182 811 567 19826 28582 65938 1458 982 476 18368 589 532 53929 18095 35834 24603 26425 450 17779 12438 538 5341 759 4582 648 3934 2621
is_linear=0
shrinkage=0.05


Tree=88
num_leaves=31
num_cat=0
split_feature=31 36 11 5 11 38 31 38 1 4 16 5 16 11 2 5 16 11 1 34 8 2 8 4 31 13 36 40 32 19
split_gain=9.07605 4.17649 5.7199 8.72953 6.34442 5.05205 5.56234 5.06178 4.7147 7.0511 10.3718 8.80295 6.41344 7.63199 5.22995 4.67993 5.68795 5.34817 4.63065 5.47555 7.248 7.10238 4.93741 5.29662 6.56027 5.95342 4.60996 6.1453 6.65023 6.26099
threshold=4.5000000000000009 4.5000000000000009 0.19359959037378396 0.17715125521767594 0.1860725831682136 1350.0000000000002 16.500000000000004 2150.0000000000005 0.31128242809932061 0.052192066805845524 150.00000000000003 0.18033191861595285 550.00000000000011 0.14776495064940773 -0.031198797666297146 0.22479252332939037 -549.99999999999989 0.18425027826363494 0.74035697118201815 7.5000000000000009 0.087337909992372245 -0.00073024906644479333 0.10275263951734541 0.050290570237064881 14.500000000000002 0.14595037453183524 10.500000000000002 1.0000000180025095e-35 61.500000000000007 0.006250244150162094
decision_type=2 2 8 8 10 2 2 2 10 8 10 10 10 10 2 10 10 8 10 10 10 2 10 10 2 10 2 8 8 2
left_child=-1 2 4 -4 -2 -3 8 15 9 12 11 -11 13 -7 -12 16 -8 -18 26 -20 21 -21 -22 24 25 -24 27 29 -29 -10
right_child=1 5 3 -5 -6 6 7 -9 18 10 14 -13 -14 -15 -16 -17 17 -19 19 20 22 -23 23 -25 -26 -27 -28 28 -30 -31
leaf_value=-0.0046934271479988632 0.0012919388429450615 -0.002984162208302386 0.020935913219018557 -0.004043135194499432 -0.016587034339997545 0.0026274610478214545 0.013728952950926108 0.013570619065021182 -0.0033332610399902339 0.0092197070061402538 -0.035336571306587738 -0.025603812967575482 0.032667099850933516 0.034576921880116365 -0.0086805717894985687 -0.0059538124632386854 0.0023281158686035814 -0.013626580675538711 0.019946359496953808 -0.0025534406239186278 -0.023378461702045827 0.026966902597756855 0.010143960102186704 -0.014257084013974814 0.028912749018918188 -0.021372581484068072 0.0021014207632146027 -0.0068479539363219492 0.0029714718283019672 -0.020409937744507171
leaf_weight=1003.9280693994951 4361.1822568955831 1616.4017331274226 89.059467517770827 57.597094109281898 50.18989079631865 158.4123846963048 106.11534409038723 94.322059612721205 94.110000868327916 144.46520393062383 25.590018386021256 20.754997100681067 26.685784924775362 21.192372221499681 65.503608780913055 180.28062622714788 1461.0068875262514 54.483997073024511 40.226243312936276 40.406066593714058 32.359341913834214 41.100445790216327 37.685120126232505 51.957599031738937 22.856868537142873 24.874424405395985 235.62484395783395 520.01636419352144 257.96161611378193 124.92808403540403
leaf_count=42960 30473 12149 633 353 345 1831 471 417 1067 1607 344 216 250 182 729 908 6542 259 282 369 318 352 401 451 122 270 1987 5209 2700 1331
internal_value=-0.000160211 0.000292296 0.00141148 0.0111258 0.00108852 -0.00063532 0.000342468 0.00227953 -0.00150635 0.00291477 -0.00262316 0.00484517 0.00979559 0.00639732 -0.0161688 0.00168848 0.00253811 0.00175452 -0.00284827 0.00281943 7.72263e-05 0.0123325 -0.00580779 -0.0016689 0.00598832 -0.00238739 -0.00418844 -0.00567492 -0.00359203 -0.0130729
internal_weight=11061.3 10057.4 4558.03 146.657 4411.37 5499.32 3882.92 1896.21 1986.71 462.604 256.314 165.22 206.291 179.605 91.0936 1801.89 1621.61 1515.49 1524.11 291.466 251.24 81.5065 169.733 137.374 85.4164 62.5595 1232.64 997.016 777.978 219.038
internal_count=115528 72568 31804 986 30818 40764 28615 8597 20018 5159 2896 1823 2263 2013 1073 8180 7272 6801 14859 2565 2283 721 1562 1244 793 671 12294 10307 7909 2398
is_linear=0
shrinkage=0.05


Tree=89
num_leaves=31
num_cat=0
split_feature=31 19 36 0 31 12 0 38 7 10 10 5 6 7 8 6 32 0 0 33 0 19 12 36 5 5 6 36 18 6
split_gain=8.52778 3.77999 3.47282 5.77531 5.65169 4.75595 9.55807 4.23133 5.60543 10.8316 7.55839 6.72886 8.48018 6.98697 5.94979 5.79471 10.9351 7.60825 5.49107 5.16896 4.85832 4.84877 5.28764 4.79704 4.7684 8.58172 7.37951 4.6632 8.91963 7.99371
threshold=4.5000000000000009 0.068636859323882235 4.5000000000000009 13.101993238275377 15.500000000000002 0.051414221517314306 14.818747697185293 1350.0000000000002 0.030769230769230761 0.077932846589563023 0.12069546817959868 0.079508001858635644 0.068996032956972861 -0.088461538461538425 0.094044811320754734 0.11295988679709611 68.500000000000014 14.394554747097981 16.840037193597333 59.250000000000007 16.28234151580229 -0.053197267244089963 0.085188850404090397 9.5000000000000018 0.11268421969013968 0.096158401049447964 0.074098155372537708 5.5000000000000009 0.36602870813397131 0.10274830912898686
decision_type=2 2 2 8 2 8 8 2 2 8 8 10 8 2 8 10 8 10 8 2 8 2 10 2 8 10 10 2 8 8
left_child=1 -1 3 4 -2 6 -4 8 10 -10 23 13 -13 -12 21 16 20 -17 -15 27 -14 -11 -23 24 25 26 -7 28 -16 -30
right_child=2 -3 5 -5 -6 7 -8 -9 9 14 11 12 15 18 19 17 -18 -19 -20 -21 -22 22 -24 -25 -26 -27 -28 -29 29 -31
leaf_value=-0.0029679069479102566 0.02472904671301587 -0.010507493370189833 -0.027234543338983026 0.0010634261777027858 -0.0019725539217888741 -0.02658859555778742 0.0010684790084717966 0.00056766295456088208 0.010177148539520432 -0.014064573860653559 0.032762707097709912 0.027376189881741619 0.012661886496320827 -0.0097330289185730175 -0.016350826610981771 0.013184776512608052 -0.02593832002877848 -0.0082543820322018967 0.022138307262872841 -0.026892838618948336 -0.012767989635725664 0.018845958767075191 -0.0064470728822077468 -0.0098951886920190524 -0.0056792110828103835 0.027777770100333461 0.0055246336193797785 -0.016652854759712319 -0.014888167123197977 0.016920893187781359
leaf_weight=789.98539453890407 50.954633953049779 210.5461918344954 49.637912173755467 4473.1168193626218 32.429855566471815 21.814130997285247 74.749106648378074 3794.4563693474047 83.752905706875026 39.969790415372699 38.998435875400901 28.867104436270893 49.691924020648003 29.181617738679051 82.177625415846705 108.78826265595853 54.880767368711531 66.786610141396523 25.171786919236183 53.042417230084538 30.194134643301368 44.603273605927825 38.498459769412875 216.76279081404209 193.44876528996974 35.241825797595084 99.436260203830898 144.21959265880287 29.424178089015186 60.078262242488563
leaf_count=33425 446 9535 467 31206 152 227 657 27853 613 370 250 197 318 242 672 699 422 469 200 352 228 278 288 1740 1400 259 852 1097 233 381
internal_value=-0.000152346 -0.00455449 0.000285896 0.00130647 0.0143443 -0.000560544 -0.0102261 -0.000336636 -0.00251521 -0.0064448 -0.000251021 0.00472634 0.00145485 0.0166138 -0.00927426 -0.000956278 -0.00875468 0.00502957 0.00502701 -0.0124499 0.00305028 0.000245638 0.00712848 -0.0040502 -0.000429659 0.00605961 -0.00025285 -0.0100248 -0.00445693 0.00646358
internal_weight=11050.9 1000.53 10050.4 4556.5 83.3845 5493.87 124.387 5369.49 1575.03 575.767 999.264 432.561 339.209 93.3518 492.014 310.342 134.767 175.575 54.3534 368.942 79.8861 123.072 83.1017 566.704 349.941 156.492 121.25 315.9 171.68 89.5024
internal_count=115528 42960 72568 31804 598 40764 1124 39640 11787 4284 7503 3025 2333 692 3671 2136 968 1168 442 2735 546 936 566 4478 2738 1338 1079 2383 1286 614
is_linear=0
shrinkage=0.05


Tree=90
num_leaves=31
num_cat=0
split_feature=31 33 10 10 4 8 14 8 4 14 33 4 0 4 31 3 0 13 8 38 38 31 11 2 2 7 4 0 4 33
split_gain=10.0201 4.3433 9.86673 7.50758 7.02182 6.88832 9.57095 5.1579 5.77614 4.91401 7.08076 5.03033 6.20545 4.866 5.31576 7.98336 4.54716 4.51636 7.29863 4.50225 4.41881 4.38199 4.11824 5.77207 6.60112 4.89027 4.3162 6.63857 6.42308 4.11415
threshold=7.5000000000000009 55.250000000000007 0.096640792634449524 0.14690996027013384 0.31528877894900159 0.12613636363636366 0.10272575210972142 0.079156223893066008 -0.1463250941234244 0.082775542632533172 53.250000000000007 0.0081688261135516357 14.202928899157635 -0.018472703784725784 19.500000000000004 0.88212926646513989 14.953457366276693 0.057307060755336627 0.067117117117117139 1450.0000000000002 2050.0000000000005 19.500000000000004 0.13086178626543213 0.0066195952874090634 0.019178890609021063 -0.015384615384615384 -0.12064148325955483 15.332552105136619 0.018824465237991386 54.050000000000004
decision_type=2 2 8 10 10 8 8 8 8 8 2 10 10 10 2 8 8 8 8 2 2 2 8 2 2 2 8 10 8 2
left_child=-1 2 7 4 9 29 -7 -2 -9 10 16 12 -12 14 15 -10 -4 18 -3 -20 22 -8 23 -11 -25 -26 -24 28 -28 -5
right_child=1 17 3 5 -6 6 21 8 13 20 11 -13 -14 -15 -16 -17 -18 -19 19 -21 -22 -23 26 24 25 -27 27 -29 -30 -31
leaf_value=-0.0033721990249388741 -0.020020143754256002 -0.0089523952450329698 0.027688654031035993 -0.027873083199068879 -0.012150481319971483 0.022467952454456975 -0.020382304926121905 0.012535022463589819 -0.019097324119276674 -0.011814485123666627 -0.030904595095584055 0.0054909067674659626 0.0010435951412239249 0.0016218634446738059 -0.027873507432333064 0.0078818206938148314 0.0046052303520920049 -7.1714914359008116e-05 0.0042320447421218431 0.024294104512994616 0.024641869071415568 0.0053372717622001079 0.0005247683005252735 0.023397323995898851 0.020831839022586198 0.00074388457946304091 0.03848882255667823 0.0021896665682943923 0.014330173540635815 -0.004390364342440463
leaf_weight=1965.2394608697505 41.663021020591259 43.21736535616219 33.044479258358479 33.424356563016772 40.909940464422107 45.370371501892805 32.658030966296792 61.464963110163808 54.469904942438006 37.974058052524924 31.71839733235538 52.80952401086688 29.183899761177599 165.16245929524302 35.092393293976784 55.215658563189209 60.202844213694334 7580.404949371703 51.101815886795521 61.767052140086889 58.242709970101714 33.598826855421066 36.829007603228092 61.236667836084962 37.467405488714576 158.31454932875931 53.052348138764501 40.045660743489861 57.152261754497886 42.202193785458803
leaf_count=60102 288 326 184 208 269 238 236 422 428 214 233 320 207 1007 160 418 385 46262 294 384 307 168 220 315 195 915 251 230 327 252
internal_value=-0.000133703 0.000563768 0.00313867 0.00588147 0.00801954 -0.00311803 0.00477535 -0.00333829 -0.00146697 0.00912376 0.00257244 -0.00580253 -0.0155953 -0.00424374 -0.0109352 -0.00551604 0.0127854 0.000101637 0.00852056 0.0152109 0.0116331 -0.00733992 0.0100615 0.00638122 0.0090696 0.00458818 0.0158646 0.0196247 0.0259601 -0.0147689
internal_weight=11090.2 9125 1388.51 975.438 788.184 187.254 111.627 413.068 371.405 747.274 206.959 113.712 60.9023 309.94 144.778 109.686 93.2473 7736.49 156.086 112.869 540.315 66.2569 482.072 294.993 257.019 195.782 187.079 150.25 110.205 75.6266
internal_count=115765 55663 8397 5674 4572 1102 642 2723 2435 4303 1329 760 440 2013 1006 846 569 47266 1004 678 2974 404 2667 1639 1425 1110 1028 808 578 460
is_linear=0
shrinkage=0.05


Tree=91
num_leaves=31
num_cat=0
split_feature=9 7 4 33 10 9 5 10 37 12 9 0 5 14 14 8 19 18 8 13 0 12 12 2 9 31 12 18 2 14
split_gain=10.0802 5.85405 4.38955 3.90114 8.66554 5.48754 5.52298 6.81738 8.6538 8.88623 10.1093 10.1075 8.672 9.74302 8.16813 7.75342 7.01144 11.6049 14.1566 6.96737 6.50353 6.42782 8.36808 8.26445 6.90314 8.29485 6.23218 9.252 7.884 7.49371
threshold=-0.65499999999999992 0.3115384615384616 -0.12340264720839418 55.45000000000001 0.093030615248748907 0.099999999999999964 0.16595457180075887 0.096301182448939718 5.5000000000000009 0.10027932960893857 0.58000000000000018 15.943562187528004 0.12429642536564763 0.06456575682382136 0.10717020345657406 0.074350469872857941 -0.13253012048192767 0.095454545454545472 0.088562091503267992 0.13172353961827649 14.452416213933015 0.081165540540540551 0.075093984962406032 -0.003399625416921518 1.2050000000000001 16.500000000000004 0.062284482758620696 0.07417582417582419 -0.031767682135784854 0.12728667038482991
decision_type=2 2 10 2 8 2 10 8 2 10 2 10 8 10 10 8 2 10 10 10 10 8 10 2 2 2 8 8 2 8
left_child=1 -1 -3 4 -2 -5 7 8 9 11 -11 15 13 -12 20 -7 17 -9 -19 -15 -10 22 -17 24 25 -23 -18 28 -28 -30
right_child=3 2 -4 5 -6 6 -8 16 14 10 12 -13 -14 19 -16 21 26 18 -20 -21 -22 23 -24 -25 -26 -27 27 -29 29 -31
leaf_value=-0.0076392479969212071 -0.0033512531512031856 -0.0028109460257139535 0.02135900619617509 -0.0023750586291640344 0.0044482202153601352 0.014300183037938089 -0.0012589366989573917 -0.034832084834568393 0.017510784931335205 -0.0020385356363404562 0.028278240639768717 0.020296982748834871 0.028034278928556918 0.012070288322067876 0.028177961288157229 -0.0042895099638737694 -0.010803192802528271 0.018698573443607269 -0.019527133083883683 -0.012696484685969699 -0.008224119991651983 -0.0089577698826504241 -0.024413465280672442 0.015148554061325646 -0.017493819511227117 0.015378692441000522 -0.0072340289747660647 0.00024441179598541938 0.019870261885588457 0.002383940884558049
leaf_weight=609.77196734817699 485.93443663977087 46.782476638909429 31.38852106500417 2143.952176235849 1333.1641644900665 63.628273863345385 2553.1825202256441 36.57882965169847 54.941789149306715 128.76469362527132 44.130811532959342 54.36555808968842 86.184637108817697 61.40329316072166 71.463301194831729 186.69149360246956 108.56466735992581 45.163634452968836 52.232131259515882 52.82789077796042 44.379747278988361 76.99530528858304 71.420486905612051 76.04374023526907 65.853948201052845 64.214797394350171 58.126633105799556 2108.6388352350332 159.26433282066137 99.575590807013214
leaf_count=31185 4845 2368 1030 31729 10785 323 13264 238 288 878 191 284 372 274 352 1026 652 250 272 259 262 618 421 399 319 264 311 10998 797 511
internal_value=-0.000126398 -0.00598781 0.00689418 0.000261785 0.00236475 -0.000184672 0.000546277 0.0017368 0.00486113 0.00313665 0.00930055 -0.000353959 0.0152711 0.00832503 0.015287 -0.00221013 0.000327749 -0.0108197 -0.00180139 0.00061653 0.00601168 -0.00415116 -0.00985788 0.00105172 -0.00412531 0.00210915 0.000917084 0.00144166 0.00940641 0.0131433
internal_weight=11075.6 687.943 78.171 10387.7 1819.1 8568.59 6424.64 3871.45 1203.31 1032.52 373.311 659.214 244.547 158.362 170.785 604.848 2668.14 133.975 97.3958 114.231 99.3215 541.22 258.112 283.108 207.064 141.21 2534.17 2425.61 316.967 258.84
internal_count=115765 34583 3398 81182 15630 65552 33823 20559 6530 5628 1974 3654 1096 724 902 3370 14029 760 522 533 550 3047 1447 1600 1201 882 13269 12617 1619 1308
is_linear=0
shrinkage=0.05


Tree=92
num_leaves=31
num_cat=0
split_feature=37 0 4 12 12 2 1 0 18 6 14 7 19 12 1 32 37 4 5 11 32 14 19 11 7 3 5 18 1 18
split_gain=4.56125 7.45076 5.52721 6.15739 7.89391 6.47248 5.03249 4.80129 4.64774 4.46489 7.05757 10.5439 5.88615 8.9933 5.86585 9.92353 8.93658 9.97096 8.42372 7.75751 8.17556 9.47432 6.94487 6.47339 6.06605 5.68439 6.68052 5.88962 9.01927 5.36938
threshold=7.5000000000000009 13.558861259585994 0.057702397287916707 0.087082912032355922 0.076678098971092609 -1.0000000180025095e-35 0.96976192012730367 14.302187341919224 0.29705882352941182 0.083364083640836417 0.19620797838732873 0.1076923076923077 0.17669683257918556 0.082235130917288027 0.628063276616185 56.500000000000007 4.5000000000000009 0.20098039215686284 0.19590279106415109 0.14616662407360084 85.500000000000014 0.070554161455821579 0.15521000986449304 0.13117804705724609 0.3115384615384616 0.98567458689752019 0.15075429631261314 0.24264705882352944 0.29185749526019605 0.57738095238095244
decision_type=2 8 10 8 10 2 10 8 10 8 10 2 2 8 8 10 2 10 10 10 8 8 2 8 2 10 8 10 10 10
left_child=6 -2 -3 4 -4 7 9 -5 -9 10 14 12 13 -12 19 18 22 -18 29 23 21 -21 -17 24 25 -1 27 28 -27 -16
right_child=1 2 3 5 -6 -7 -8 8 -10 -11 11 -13 -14 -15 15 16 17 -19 -20 20 -22 -23 -24 -25 -26 26 -28 -29 -30 -31
leaf_value=-0.00088245594888995227 0.024376173484234168 -0.017029414887395188 -0.0065371544424657401 -0.035347992952866586 0.029270141349200141 0.006880465866422155 -0.0093321154016111751 0.0049539099821696705 -0.019508961691424243 0.00074013728747553478 0.023956075328458989 -0.012600353260868308 0.029855646619689653 -0.0010111868679705605 -0.0072403366254854776 0.0026619432861192433 0.00029955826682910927 -0.035380402098706694 -0.04040653014799666 -0.032316272269393848 -0.039175563678925322 -0.00034561536442831545 0.027371663844542461 0.0090399614622260604 0.0099401573420668712 0.0061699296594533741 -0.037837933705047476 0.0099515126255613866 -0.035036676130389403 -0.026179209686234862
leaf_weight=889.91764070146019 19.229787834919989 105.55138423829339 32.811397338751704 23.448627920821309 28.991804502904415 47.247079400345683 141.01790462387726 32.535781932761893 48.151843749452382 8124.4130989728728 55.006050414405763 57.658979228232056 36.435393253341317 104.75719681661576 427.2350349612534 81.484613991808146 79.764474633149803 25.951245470903814 22.220798505470157 28.81261021096725 22.165299433632754 118.39362998399884 43.678765757009387 189.95247923315037 114.75213033624459 23.666452664881945 21.679185055661947 32.668931870604865 30.25639477185905 41.017514932202175
leaf_count=14548 184 1830 354 223 240 361 1054 253 425 80194 282 360 163 681 3975 629 641 154 143 580 315 1444 233 2566 1711 612 182 632 344 452
internal_value=-0.000129427 -0.00584855 -0.00767204 -0.00303909 0.01026 -0.00846852 5.09985e-05 -0.0154324 -0.00964476 0.000176159 -0.00169597 0.0061967 0.0117208 0.00758497 -0.00260935 -0.00630316 0.00224445 -0.00845921 -0.0103268 -0.000799532 -0.0108659 -0.00660322 0.011285 0.00050906 -0.000946962 -0.00219855 -0.013016 -0.00680154 -0.0169513 -0.00889932
internal_weight=11050.9 337.968 318.738 213.187 61.8032 151.383 10712.9 104.136 80.6876 10571.9 2447.47 253.858 196.199 159.763 2193.62 721.352 230.879 105.716 490.473 1472.26 169.372 147.206 125.163 1302.89 1112.94 998.189 108.271 86.5918 53.9228 468.253
internal_count=115765 3870 3686 1856 594 1262 111895 901 678 110841 30647 1486 1126 963 29161 6227 1657 795 4570 22934 2339 2024 862 20595 18029 16318 1770 1588 956 4427
is_linear=0
shrinkage=0.05


Tree=93
num_leaves=31
num_cat=0
split_feature=31 1 36 1 32 19 10 14 14 7 2 16 17 0 32 32 36 14 34 1 11 14 32 12 32 3 1 1 34 36
split_gain=9.26788 6.3337 4.98333 4.29238 8.76408 10.7958 7.41455 7.47252 9.32369 17.0421 8.40569 8.41626 7.62069 9.19788 8.84363 8.56889 6.53677 7.67004 6.41749 6.13456 5.68208 10.6773 5.54737 5.7731 7.84882 5.95415 5.52671 5.42031 6.86022 5.28559
threshold=7.5000000000000009 0.48982199499641332 13.500000000000002 0.43494228769395921 30.500000000000004 -0.091817505578973418 0.17097391047588251 0.19159152638576205 0.12728667038482991 -0.038461538461538443 -0.0031276474291316793 1.0000000180025095e-35 1.0000000180025095e-35 14.215029670828862 63.500000000000007 42.500000000000007 4.5000000000000009 0.11769953298000736 12.500000000000002 0.34553552298231799 0.10985154452440399 0.1332176815213216 70.500000000000014 0.10215677179962897 43.500000000000007 0.85134934229734149 0.41753702312529334 0.54553948042440592 12.500000000000002 2.5000000000000004
decision_type=2 8 2 8 8 2 8 10 8 2 2 8 8 10 8 8 2 10 10 10 8 10 10 10 8 10 10 8 10 2
left_child=1 -1 -3 6 5 -5 7 8 16 18 11 20 13 15 -15 -12 17 22 -10 -13 -11 -22 23 29 -25 -26 -18 28 -7 -2
right_child=3 2 -4 4 -6 27 -8 -9 9 10 12 19 -14 14 -16 -17 26 -19 -20 -21 21 -23 -24 24 25 -27 -28 -29 -30 -31
leaf_value=-0.0014206920110189079 -0.0044117123686848708 -0.0084331718846599787 0.020173328618577513 -0.029668020917684092 0.00027445676013394821 -0.012563062363436826 0.019533996869896042 0.0087527234314856549 -0.0027099879888327905 0.0025815247506969577 -0.010738695123362644 -0.012980381236316577 0.017506037562449266 -0.0028249511700349653 -0.033401259411866016 0.019006140705608146 -0.0011550483066970203 0.027237599942469787 0.020105689989665151 -0.033587606520364091 0.0063541113183485714 -0.024061353924138357 -0.0085548677860954134 -0.0029052049692692913 0.011657543233969111 0.03891158448459596 0.016794702402457947 -0.010957673306058336 0.016112679988840629 0.01212099056872034
leaf_weight=1371.9257623119047 100.10201177140698 562.7138869788032 15.64737262483686 51.145682555623353 6688.0857282052748 33.437907584942877 61.914470794610679 340.3317694067955 46.176464287564158 115.57448087446392 41.378123786300421 102.2761956024915 51.62803054228425 60.187883576378226 38.953471008688211 58.365346550941467 499.04497712291777 49.308173272758722 92.678763940930367 55.828291730955243 45.743530657142401 78.151518657803535 54.061345005407929 32.605457175523043 37.626619873568416 42.875680336728692 46.914956908673048 120.34791529364884 55.4333331938833 93.500515379011631
leaf_count=44800 715 14953 349 343 39833 234 381 1877 300 807 280 724 334 374 263 337 3666 287 531 412 296 531 390 217 261 236 323 705 307 699
internal_value=-0.000143093 -0.00327074 -0.00765923 0.000527683 -7.59071e-05 -0.00907583 0.00248273 0.00197598 0.000652758 -0.00337798 -0.00678382 -0.0113039 0.00038973 -0.00405345 -0.0148386 0.00666663 0.00397056 0.00874102 0.0125183 -0.020257 -0.00539281 -0.0128316 0.00621301 0.00881603 0.0177907 0.0261731 0.000387394 -0.00404187 0.0053234 0.00357277
internal_weight=11044 1950.29 578.361 9093.68 6948.45 260.365 2145.23 2083.31 1742.98 786.942 648.087 397.574 250.513 198.885 99.1414 99.7435 956.04 410.08 138.855 158.104 239.47 123.895 360.772 306.71 113.108 80.5023 545.96 209.219 88.8712 193.603
internal_count=115765 60102 15302 55663 41422 1589 14241 13860 11983 5189 4358 2770 1588 1254 637 617 6794 2805 831 1136 1634 827 2518 2128 714 497 3989 1246 541 1414
is_linear=0
shrinkage=0.05


Tree=94
num_leaves=31
num_cat=0
split_feature=9 33 31 32 8 31 19 11 12 11 34 11 14 33 4 4 14 17 2 35 19 34 19 9 19 19 13 14 4 16
split_gain=9.52788 4.02893 5.48735 5.20756 8.02288 7.3376 7.27109 5.29993 5.43685 4.95657 5.10935 4.53077 4.91893 4.8148 6.06942 6.98162 4.67336 4.94349 5.55558 5.33744 6.03662 7.30556 4.91623 4.6249 4.74392 7.33604 4.62432 4.47252 4.14937 4.19632
threshold=-0.65499999999999992 55.45000000000001 14.500000000000002 36.500000000000007 0.089087301587301604 11.500000000000002 0.069944458833347697 0.13198537344280542 0.082235130917288027 0.16119810782154803 22.500000000000004 0.13265701936321467 0.056431861029562186 53.750000000000007 -0.060052219321148785 0.0099132742058325746 0.10184242287093613 1.0000000180025095e-35 0.077975318356260384 19.500000000000004 -0.035587639311043598 16.500000000000004 0.079455266955266932 0.91000000000000003 -0.074332939787485161 -0.0118703768932723 0.11791443850267382 0.18051188551377759 -0.12594271908052038 -1.0000000180025095e-35
decision_type=2 2 2 10 10 2 2 8 10 10 10 10 10 2 8 10 10 8 2 2 2 10 2 2 2 2 10 10 8 8
left_child=-1 3 -3 6 5 28 -2 8 -8 11 -11 16 -13 -14 -15 -16 17 18 19 20 -6 26 -23 24 -18 -26 -22 -27 29 -5
right_child=1 2 -4 4 9 -7 7 -9 -10 10 -12 12 13 14 15 -17 23 -19 -20 -21 21 22 -24 -25 25 27 -28 -29 -30 -31
leaf_value=-0.0058733579541975188 0.0010839475430270934 -0.001840910403459603 0.00077551441099900896 0.0064840795753970462 0.017945467600234861 0.014266916212617879 -0.023518581268420324 -0.037502170418293221 0.0027224039906049912 -0.017033570774841418 0.0078037970555201869 -0.0072544490182358387 0.02520349400589246 -0.012309163253077453 0.032841233867270961 0.0025837178515094681 -0.01891043260951077 -0.011584751781003785 -0.016481192029873071 0.021726459573754832 -0.0021324181565606283 -0.032624888389105371 -0.0012979657725195009 -0.015753487898141915 0.023075414564349993 0.0033248709016986894 0.021166056405944458 -0.017982802994317783 0.0062792373128676476 -0.021975972500458414
leaf_weight=678.61904679372674 371.59313282091171 3221.0887360463385 5303.31084001204 21.991785016842186 60.275282707065344 285.08045807573944 34.361349608749151 19.477308861911297 46.38549504801631 67.974501547403634 29.776088401675224 38.127297173254192 52.296628412790596 30.237348427996039 30.498019896447659 50.854370427317917 29.79621502943337 43.117948630824685 23.878526356071234 60.46946096746251 50.422045999206603 23.928739258088171 26.276279930491 70.521930355578661 34.775558306835592 81.983289659954607 36.872011123225093 35.202084004878998 129.29453051183373 31.509384393692017
leaf_count=34583 3908 40316 25236 331 602 1351 380 242 492 471 210 311 327 248 197 342 272 416 212 436 463 239 220 339 256 647 272 220 1706 520
internal_value=-0.000134128 0.00024249 -0.000213146 0.00238012 0.00396543 0.00925296 -0.00213961 -0.0140913 -0.00844429 0.00114546 -0.00946779 0.00247632 0.00892145 0.0126847 0.00681774 0.0139269 0.000221846 0.00418317 0.00659304 0.0087266 0.0047519 -0.00103174 -0.016229 -0.00488512 -0.000668184 0.00290872 0.00770859 -0.00307588 0.00143339 -0.0102774
internal_weight=11020 10341.4 8524.4 1816.98 1345.16 467.876 471.817 100.224 80.7468 877.284 97.7506 779.533 202.014 163.886 111.59 81.3524 577.519 325.24 282.122 258.244 197.774 137.499 50.205 252.279 181.757 151.961 87.2941 117.185 182.796 53.5012
internal_count=115765 81182 65552 15630 10608 3908 5022 1114 872 6700 681 6019 1425 1114 787 539 4594 2860 2444 2232 1796 1194 459 1734 1395 1123 735 867 2557 851
is_linear=0
shrinkage=0.05


Tree=95
num_leaves=31
num_cat=0
split_feature=9 34 4 31 1 2 14 7 6 14 17 8 4 10 32 32 34 6 10 9 31 36 32 18 10 3 10 17 10 14
split_gain=10.9521 5.46662 7.05326 5.37498 6.40202 7.46441 7.30959 6.11078 5.93259 5.47764 6.3601 5.33647 5.19162 5.13204 5.01575 4.9505 5.34039 6.12682 6.11574 4.86161 4.79222 7.37509 14.6346 7.06798 6.39051 6.99973 7.16695 5.78486 7.92607 8.34406
threshold=-0.65499999999999992 7.5000000000000009 0.40912560721721031 14.500000000000002 0.31128242809932061 -0.0026548693357893202 0.15795414043008202 -0.18076923076923077 0.11045643873654983 0.12813165354589129 1.0000000180025095e-35 0.082650273224043724 -0.19361093394077447 0.12621834210476321 54.500000000000007 40.500000000000007 24.500000000000004 0.11596749955426507 0.086939185909437638 0.58000000000000018 30.500000000000004 1.5000000000000002 89.500000000000014 0.080128205128205135 0.16914684736554619 0.9944653727869458 0.13174299349465221 1.0000000180025095e-35 0.11952298970693755 0.18488489145658268
decision_type=2 8 8 2 10 2 8 2 10 8 8 8 10 10 8 8 10 8 8 2 2 2 10 8 10 8 8 8 10 8
left_child=-1 2 12 4 5 6 -3 -7 9 -9 13 -6 -2 -11 -4 -13 -17 18 -18 -20 21 22 23 -5 25 -22 -27 28 29 -25
right_child=1 3 14 20 11 7 -8 8 -10 10 -12 15 -14 -15 -16 16 17 -19 19 -21 24 -23 -24 27 -26 26 -28 -29 -30 -31
leaf_value=-0.0061751083721339802 -0.010428533771618197 0.0011277880513149211 -0.025003101312153022 0.01936264754532761 -0.010315843503261458 -0.016790820740086521 -0.011170035134346355 0.0060129666647438492 -3.5478806584858333e-05 0.035483255275677306 0.0042644729383907436 -0.0064440806709218715 0.0049004759678059383 0.0064026915726796184 -0.0016369097421662345 0.00073368173524818007 -0.032610080122567983 0.00020768602652769197 -0.011528672001912528 0.015066897132219606 -0.0014286634558499283 0.00088156579541003087 0.031126923563857541 0.013423702869330218 0.012957002941942065 -0.021825407753072724 0.0014154980888763876 0.013650091398777731 -0.0097317737760770993 -0.011306318668516878
leaf_weight=675.28461532935034 57.73359761852771 423.90960431867279 34.061115439981222 66.431956503540277 228.84685876313597 28.535307367797941 169.00263642519712 202.07688688766211 190.22216350072995 58.306305384263396 44.454761392436922 537.22966641047969 1276.2989992196672 20.507381118834019 70.510870950296521 1220.861967401579 30.965837111696601 200.50467898277566 146.10605242243037 19.473294140771031 755.94424212584272 3898.8093796242028 57.026324601843953 116.72507811151445 64.351557374931872 92.133655932731926 51.834039949811995 80.924515854567289 148.34058562666178 48.191230937838554
leaf_count=34580 796 6567 240 281 2831 489 2209 3058 2452 595 580 6637 9495 218 523 13759 461 2455 2054 113 4830 17242 227 479 457 594 329 322 719 216
internal_value=-5.78205e-06 0.000397112 0.00325687 -6.50526e-05 -0.00158388 0.00150332 -0.00237756 0.00573233 0.00697893 0.0110801 0.0193868 -0.00305628 0.00423707 0.0279165 -0.00924773 -0.00228541 -0.000904523 -0.00594173 -0.012215 -0.00840085 0.00092883 0.00162607 0.00723356 0.00427544 -0.0022646 -0.00335308 -0.0134578 0.00173277 -0.00134586 0.00619719
internal_weight=11015.6 10340.3 1438.6 8901.72 3521 1137.02 592.912 544.103 515.567 325.345 123.268 2383.99 1334.03 78.8137 104.572 2155.14 1617.91 397.05 196.545 165.579 5380.71 4416.45 517.64 460.613 964.263 899.912 143.968 394.181 313.257 164.916
internal_count=115808 81228 11054 70174 44478 16168 8776 7392 6903 4451 1393 28310 10291 813 763 25479 18842 5083 2628 2167 25696 19486 2244 2017 6210 5753 923 1736 1414 695
is_linear=0
shrinkage=0.05


Tree=96
num_leaves=31
num_cat=0
split_feature=31 13 0 33 10 10 2 2 0 5 10 6 6 34 2 8 31 40 34 6 13 8 2 14 0 31 14 10 2 10
split_gain=7.88322 4.66423 6.35263 4.80709 7.06255 6.43877 6.25126 6.08225 4.617 6.55303 7.06568 7.90601 10.7147 4.41309 5.88729 5.56309 5.50667 4.79559 4.33818 7.0303 5.52381 8.75129 8.70669 8.22574 7.53525 5.59076 5.15875 5.19586 4.35974 5.45181
threshold=11.500000000000002 0.057307060755336627 13.488813636278744 53.250000000000007 0.12396906778219911 0.096640792634449524 0.05819575511790679 0.051093016500660622 16.46210392168167 0.096652496398143065 0.092181569843597821 0.14547317436661703 0.1100354862490785 14.500000000000002 -0.0099215048305865278 0.17445652173913045 1.5000000000000002 1.0000000180025095e-35 7.5000000000000009 0.13943789113697716 0.14909495077802479 0.10741758241758244 -0.025093065415646095 0.074641527138374936 14.679302380400523 16.500000000000004 0.11630508298215494 0.12281550103498592 -0.015738842339599792 0.096802863649100387
decision_type=2 8 10 2 10 8 2 2 10 8 8 8 10 8 2 10 2 10 8 8 10 10 2 10 10 2 8 8 2 10
left_child=13 2 -2 4 5 -3 7 8 18 -10 -11 12 -12 -1 15 17 -16 -15 19 20 21 23 -23 25 -22 -5 -21 -28 29 -25
right_child=1 3 -4 6 -6 -7 -8 -9 9 10 11 -13 -14 14 16 -17 -18 -19 -20 26 24 22 -24 28 -26 -27 27 -29 -30 -31
leaf_value=-0.00024538474804299747 0.024682751534278711 0.002915269583781065 0.0022777169835289861 0.0015863132178274679 -0.0037600190911863379 0.023550220741319444 -0.01798059788327435 0.019446927143757398 -0.0084728421532105341 0.027276389579742669 0.011135453368063469 0.016937188504105846 -0.013075039074073811 -0.012523258541254821 -0.01456397900308622 -0.034169470996100508 -0.0008003654450694786 -0.0030943498045893718 -0.00033378815213584717 -0.02292048255695113 -0.015285401331205692 0.027487278900056974 0.0061490920262115209 0.002991000673608401 0.011940843515195686 0.022987751277720514 0.010831806530469605 -0.013790616854292446 0.0048147206517331733 -0.015501600856099671
leaf_weight=1774.8886521083768 47.892160339280963 69.415068477392197 93.215616323053837 52.383682480081916 86.108233023434877 83.013323210179806 45.609353136271238 42.504765382036567 67.486042909324169 44.013998560607433 95.457072950899601 101.58451483305544 87.672809720039368 230.4561894077342 77.949580234300811 19.51070988131687 1073.2432648340473 325.0674162650248 5765.0021958909929 37.971633329987526 68.135275650769472 88.599234146997333 103.82814817130566 74.675557544454932 40.530688486993313 73.099492821842432 45.384725328534842 40.586089810356498 158.70087767392397 85.473175708204508
leaf_count=36519 243 352 509 329 409 343 227 188 377 226 497 559 447 5026 7269 361 20634 6739 30669 206 341 373 488 333 201 269 234 208 778 454
internal_value=-3.71284e-05 0.000877525 0.00988201 0.000704824 0.00768677 0.0141532 0.00047087 0.00058985 0.000475846 0.00571896 0.00863245 0.00575028 -0.000455238 -0.00199604 -0.00379605 -0.00792754 -0.00173233 -0.00700589 0.00016272 0.00345519 0.00528861 0.00706667 0.0159738 0.00320925 -0.00513044 0.0140536 -0.00757155 -0.00079223 -0.00105854 -0.00687871
internal_weight=10999.5 7498.34 141.108 7357.24 238.537 152.428 7118.7 7073.09 7030.59 396.214 328.728 284.714 183.13 3501.12 1726.23 575.034 1151.19 555.524 6634.37 869.369 745.426 636.76 192.427 444.333 108.666 125.483 123.942 85.9708 318.85 160.149
internal_count=115808 39260 752 38508 1104 695 37404 37177 36989 2106 1729 1503 944 76548 40029 12126 27903 11765 34883 4214 3566 3024 861 2163 542 598 648 442 1565 787
is_linear=0
shrinkage=0.05


Tree=97
num_leaves=31
num_cat=0
split_feature=9 37 19 4 8 38 9 19 14 14 37 6 38 31 14 13 9 11 37 5 14 18 31 5 19 18 5 10 31 19
split_gain=10.1421 4.32477 6.04617 5.71062 4.44426 5.14308 5.67482 5.07033 4.28639 4.08736 7.51473 4.7243 5.96452 5.60288 5.08815 4.5978 4.54113 4.4984 5.98211 4.40798 4.35688 5.11258 6.42309 4.025 3.92567 3.86282 3.82185 3.70788 3.61889 9.37193
threshold=-0.65499999999999992 7.5000000000000009 0.15952235150030625 0.26382978723404266 0.17192118226600989 1950.0000000000002 0.044999999999999984 0.041763565891472877 0.1453139325111644 0.054097090721294552 3.5000000000000004 0.067424970431697234 1550.0000000000002 17.500000000000004 0.049393231959955416 0.13004065040650412 0.17000000000000001 0.12904443091905055 4.5000000000000009 0.052660465653706169 0.051308376770389096 0.24264705882352944 14.500000000000002 0.037983271215842544 0.13333333333333339 0.2817460317460318 0.063247059383780183 0.093864149996931559 33.500000000000007 -0.076712904581756988
decision_type=2 2 2 10 10 2 2 2 8 8 2 8 2 2 10 8 2 10 2 10 10 10 2 8 2 10 10 10 2 2
left_child=24 9 3 4 5 7 -7 25 -4 10 11 -2 13 14 -13 17 -14 20 -19 -17 21 26 -23 -11 -1 -3 27 -12 -25 -30
right_child=1 2 8 -5 -6 6 -8 -9 -10 23 15 12 16 -15 -16 19 -18 18 -20 -21 -22 22 -24 28 -26 -27 -28 -29 29 -31
leaf_value=-0.0049093954251906201 -0.017015029587662409 0.01921900853621198 -0.0083552484617731362 0.015651892895616512 0.017702329230292382 -0.0022050791474235048 -0.034024278410689383 -0.01577495231035932 -0.033032687140128976 0.018386799633585017 -0.002201851343386537 0.012027566040140622 0.0071373129439754783 0.024545776798160657 -0.014324687959799066 -0.035939867229850278 -0.021964792313944825 -0.0025984149239626653 -0.038986114061193872 -0.010661165060148581 -0.018972614838919349 0.0013325266125555303 0.034994641328573793 0.00097390660488589969 -0.019396846545869508 -0.0031045551214081602 0.01061653170560704 -0.030829628281134887 -0.028873695458281775 -0.0014857267357912189
leaf_weight=618.04379940108629 25.623559179715812 31.584420472383499 45.491000220179558 40.095195972360671 19.433886928483844 25.162304868455976 31.622301062569022 42.466990914195776 28.697358544915915 32.278154858853668 24.521838579792529 56.810930069535971 25.413606680929661 51.015901004895568 27.033930909819901 27.355674587190151 28.367184996604919 24.567302964627743 20.907158028334379 46.660339361056685 29.124103581532836 42.703349960036576 21.209281090646982 8790.4787387093529 50.586802975274622 50.1435517501086 20.447362226434052 20.994422189425677 32.798169767484069 655.62122367834672
leaf_count=31224 292 377 373 269 140 416 201 412 206 294 282 731 379 217 363 299 168 235 254 429 317 672 91 67595 3356 544 198 264 195 5015
internal_value=-3.77629e-05 0.000348935 -0.00542244 -0.00157328 -0.00501939 -0.00745928 -0.0199246 -0.00175987 -0.0179009 0.000530488 -0.00390976 0.00312972 0.00586602 0.0114805 0.00353086 -0.00932579 -0.00821287 -0.0054605 -0.0193279 -0.020004 -0.0014944 0.00242501 0.0125032 0.000760528 -0.00600548 0.00552256 -0.00733986 -0.0154064 0.000700506 -0.00279056
internal_weight=10987.3 10318.6 314.697 240.509 200.413 180.98 56.7846 124.195 74.1884 10003.9 492.756 214.265 188.642 134.861 83.8449 278.491 53.7808 204.475 45.4745 74.016 159 129.876 63.9126 9511.18 668.631 81.728 65.9636 45.5163 9478.9 688.419
internal_count=115808 81228 2938 2359 2090 1950 617 1333 579 78290 5191 2150 1858 1311 1094 3041 547 2313 489 728 1824 1507 763 73099 34580 921 744 546 72805 5210
is_linear=0
shrinkage=0.05


Tree=98
num_leaves=31
num_cat=0
split_feature=9 1 31 9 8 9 4 31 1 10 6 33 9 34 6 37 6 1 9 32 10 9 6 32 9 38 32 32 10 9
split_gain=9.36992 4.47334 5.48654 7.72564 8.8109 6.26662 5.99816 6.12326 5.91215 11.5494 5.23816 4.18012 4.17173 6.71973 8.42534 5.13531 4.78677 4.88333 7.14253 4.1515 4.44174 4.09331 5.48578 4.91118 4.90748 6.75235 4.49714 4.565 4.90116 4.68321
threshold=-0.65499999999999992 0.36798821771296353 16.500000000000004 1.8750000000000002 0.11922530206112296 0.70499999999999996 0.016949152542372833 15.500000000000002 0.33181408652014283 0.12201713187160833 0.11117353308364546 59.550000000000004 0.18000000000000002 9.5000000000000018 0.12906001887735277 8.5000000000000018 0.045506316007454965 0.40681912081165106 -0.19500000000000001 25.500000000000004 0.04550904730760847 0.44 0.17076189326249702 36.500000000000007 0.81000000000000016 1450.0000000000002 33.500000000000007 39.500000000000007 0.084851739738957807 0.34000000000000002
decision_type=2 8 2 2 8 2 8 2 10 8 8 2 2 10 8 2 10 8 2 8 8 2 10 8 2 2 8 8 10 2
left_child=-1 2 6 4 5 -4 7 11 9 -6 -7 -2 13 16 -15 19 -3 18 -18 -14 -21 22 26 -23 25 -25 -8 28 -28 -29
right_child=1 12 3 -5 8 10 21 -9 -10 -11 -12 -13 15 14 -16 -17 17 -19 -20 20 -22 23 -24 24 -26 -27 27 29 -30 -31
leaf_value=-0.0057803290739632295 0.0064747914646403684 0.028192049038300943 0.025470157111602987 -0.010009183316473644 0.0086415486678345175 0.015594568170746821 -0.011541659451567704 -0.025000754301685198 0.015067326269552497 -0.021378218701059822 -0.0033975344450919045 -0.016570540639998587 -0.011653299935983869 -0.0067620043294386797 0.0014508913349682892 -0.015192964244799743 -0.0037527690400653135 5.5515182193370314e-05 0.033007315221889932 0.015913519085354971 0.0006177071787776614 0.019681755184334286 -0.023367878909168735 0.017080560158093172 -0.012644040402508092 -0.008108881494925094 -0.01117942793026791 -0.0010073673110375344 0.018618410733099919 -0.020717353695263313
leaf_weight=663.17959569190862 579.59902154514566 17.257414838299155 94.327092543244362 58.938583774492145 71.042560392990708 109.37886085547507 109.78875080961734 16.701818730682135 51.978614268824458 58.358536744490266 54.343471668660641 20.368673657532781 68.352018443867564 944.12444116920233 466.60483728582039 51.907222272828221 24.663435999304056 540.0121707431972 28.465148100629449 47.839828280732036 6013.06227204483 44.187714468687773 31.822856740094721 64.080014683306217 47.327855068258941 45.492023320868611 18.422215985134244 547.0925045167096 54.996192456223071 31.894770054146647
leaf_count=34580 8151 213 367 289 300 389 1572 83 185 269 207 340 383 12971 5622 303 451 7131 235 237 30790 229 469 333 241 281 248 7992 680 267
internal_value=-1.94528e-05 0.000351022 0.00240415 0.00698917 0.00926908 0.0152049 0.000986448 0.00486112 0.00082421 -0.00489705 0.00929062 0.00569241 -0.000177172 -0.00214914 -0.00404555 0.000467624 0.00223379 0.00147854 0.0159425 0.00060025 0.00073844 -0.0014147 -0.0030285 0.00495759 0.000810822 0.00662243 -0.0021793 -0.000603775 0.0111415 -0.00209313
internal_weight=10975.6 10312.4 2110.14 498.368 439.429 258.049 1611.77 616.67 181.38 129.401 163.722 599.968 8202.29 2021.13 1410.73 6181.16 610.398 593.141 53.1286 6129.25 6060.9 995.105 794.017 201.088 156.9 109.572 762.194 652.406 73.4184 578.987
internal_count=115808 81228 22892 2006 1717 963 20886 8574 754 569 596 8491 58336 26623 18593 31713 8030 7817 686 31410 31027 12312 11228 1084 855 614 10759 9187 928 8259
is_linear=0
shrinkage=0.05


Tree=99
num_leaves=31
num_cat=0
split_feature=9 7 36 8 39 20 31 13 0 14 31 0 38 32 14 1 16 1 39 1 6 20 1 1 40 6 35 14 8 18
split_gain=8.84414 4.05246 3.69874 6.0154 4.96563 8.49159 8.50923 7.98371 7.88441 8.31718 9.28707 8.57564 9.34307 9.09635 9.88855 7.6332 6.63057 4.90057 4.88531 8.71896 7.72368 11.0355 7.85028 9.93327 6.99914 6.3868 5.3599 6.39465 5.99234 5.27694
threshold=-0.65499999999999992 0.3115384615384616 4.5000000000000009 0.24283374283374287 7.5000000000000009 0.32515060240963861 33.500000000000007 0.094467108618052034 16.66743834305646 0.18760119512527743 27.500000000000004 14.728599257653745 1850.0000000000002 67.500000000000014 0.08763869107277876 0.5902614795058867 -149.99999999999997 0.96976192012730367 10.500000000000002 0.19876698534464857 0.072586618876941469 0.386051763071044 0.57297950920529817 0.40292719072480937 1.0000000180025095e-35 0.064197323326536812 19.500000000000004 0.058890222755768981 0.11200716845878138 0.26491228070175443
decision_type=2 2 2 10 2 8 2 10 10 10 2 8 2 8 8 10 8 10 2 8 10 10 8 10 10 10 2 10 10 10
left_child=1 -1 3 18 5 -4 8 -8 9 10 11 12 -7 14 -13 -11 -15 -6 -2 24 22 26 23 -21 -20 -25 -22 -28 -29 -26
right_child=2 -3 4 -5 17 6 7 -9 -10 15 -12 13 -14 16 -16 -17 -18 -19 19 20 21 -23 -24 25 29 -27 27 28 -30 -31
leaf_value=-0.0070043991866678814 0.00016818656230852067 0.0054322399877201576 0.021251703741017685 0.022289635416813294 -0.00098372769432797987 0.02920946368289731 0.012832614029361551 -0.017284286736976674 0.028580026169531248 -0.022581970037588557 0.02114780833811003 -0.015596964977760454 -0.0024415777007824667 -0.032059825682561043 0.012579655382168124 0.0014737844074164954 -0.0052244961641671507 -0.020250569242384671 0.0006675790154048372 0.0028349248536777868 -0.0018927022143439363 0.030831793643924146 -0.00049244130962453091 0.018221231917931412 0.01606653535498408 0.049083231413164646 -0.013055074986203381 0.0020265084284414379 0.020744428499837902 0.042848460842851627
leaf_weight=586.19174275535624 3181.5138107575476 73.741747722029686 59.459094719029963 34.231236096471548 4806.388069851324 55.150651917327195 28.58116480987519 95.6402716813609 30.862087527289987 55.156517351046205 81.438696675002575 40.157584143802524 40.3927545347251 28.951675333082676 138.64052627794445 82.006719071418047 112.32148697134107 33.23213329538703 48.57858354691416 50.026724530849606 834.11073684110306 29.628500264137983 81.085513274185359 36.955027623102069 58.925845462828875 30.682309147901833 32.868043751455843 88.969538755714893 82.32207010500133 26.738096138462424
leaf_count=31165 22934 3415 412 222 40558 374 170 698 195 342 295 442 338 240 1107 483 948 276 670 538 6357 191 560 284 745 169 282 660 476 262
internal_value=-3.34533e-06 -0.00561471 0.000356007 0.00140749 -0.000497371 0.00303021 0.00165755 -0.0103549 0.00390121 0.00270029 0.00570815 0.00268278 0.0158284 -0.00124127 0.00625126 -0.00819959 -0.010724 -0.00111603 0.0012515 0.00371178 0.00242763 0.000743239 0.011478 0.0197271 0.0158284 0.0322212 -0.000115381 0.00714601 0.0110223 0.0244259
internal_weight=10964.9 659.933 10305 4616.64 5688.38 848.759 789.3 124.221 665.079 634.217 497.053 415.615 95.5434 320.071 178.798 137.163 141.273 4839.62 4582.4 1400.89 1266.65 1067.9 198.75 117.664 134.243 67.6373 1038.27 204.16 171.292 85.6639
internal_count=115808 34580 81228 34350 46878 6044 5632 868 4764 4569 3744 3449 712 2737 1549 825 1188 40834 34128 11194 9517 7966 1551 991 1677 453 7775 1418 1136 1007
is_linear=0
shrinkage=0.05


Tree=100
num_leaves=31
num_cat=0
split_feature=9 2 9 31 32 0 5 11 5 14 2 4 34 4 2 32 18 31 16 0 11 16 15 2 2 8 36 34 18 9
split_gain=7.52359 5.04766 4.68647 3.26032 6.62153 5.28835 4.10732 7.47198 3.66995 5.10053 7.8849 6.41685 10.613 6.46111 4.96495 5.84515 8.27418 5.10869 4.88359 4.74151 4.58684 4.4951 4.46815 10.8347 6.76578 6.42383 6.00863 8.27944 6.04048 5.91107
threshold=-0.22500000000000001 -0.02717694563697956 -0.90499999999999992 32.500000000000007 103.50000000000001 13.748696739926473 0.22930933778487658 0.1360274582734263 0.25028735632183913 0.1931919824361685 -0.014586164655173558 0.13020111957525393 21.500000000000004 0.094224924012158082 -0.031198797666297146 71.500000000000014 0.43303571428571436 23.500000000000004 -149.99999999999997 13.558861259585994 0.12455388644196895 150.00000000000003 1.0000000180025095e-35 0.015178182392806472 0.011910341604267124 0.12390350877192984 7.5000000000000009 28.500000000000004 0.17914438502673799 0.78000000000000014
decision_type=2 2 2 2 10 8 10 10 10 10 2 10 10 10 2 10 8 2 10 10 8 10 10 2 2 10 2 8 8 2
left_child=1 -1 -3 4 8 -5 -7 -8 9 22 14 13 20 -12 15 16 21 18 -16 -20 -13 -11 -2 24 26 -25 28 -28 -24 -30
right_child=3 2 -4 5 -6 6 7 -9 -10 10 11 12 -14 -15 17 -17 -18 -19 19 -21 -22 -23 23 25 -26 -27 27 -29 29 -31
leaf_value=-0.0090017825968053741 0.00014156648278453488 -0.015836552622363782 -0.0011330333291744621 -0.022950954502614977 -0.017813190911702026 -0.00017819383744296187 -0.025220904181320742 0.0053190724733051843 -0.01322421330967539 2.2366900479252557e-06 0.0083547017687237816 0.017242852389094683 -0.021010761944957847 0.02834622257611491 0.014119229777330766 0.015249592553751138 -0.017278015046069795 -0.016750009268162554 -0.017868647474678433 0.0032293234018359717 -0.0045170389372000434 0.01878345591233609 0.0051862303465417424 0.0089217075591509678 -0.021180720834735718 0.029508534958744601 0.011492941973580507 -0.012146833813184467 -0.00039837169670689726 -0.01321268305683725
leaf_weight=261.28715916967485 5369.3513753041625 55.88200019299984 1793.0846311973874 29.513274383731186 45.83598150126636 712.07915875315666 46.336083637550473 35.275150869973004 43.579388173297048 114.61779392696917 557.84650005307049 54.59533871896565 48.450891103595495 43.57307743281126 40.233157446607947 80.353182338178158 55.018908662721515 75.193815814331174 48.572065253742039 58.950708787888288 43.525829615071416 44.123459711670876 267.50391825661063 207.33319977670908 32.894124230369925 46.366784473881125 245.23193017020822 43.62792376242578 285.23619831353426 131.47612789459527
leaf_count=7074 32553 5369 49500 212 253 4951 336 259 248 584 2948 243 249 215 220 401 302 314 301 348 211 206 1751 1271 223 235 1630 374 2051 538
internal_value=0.000184767 -0.00249669 -0.00157742 0.000827296 0.00113622 -0.00216866 -0.00139588 -0.0120205 0.00124564 0.00132552 0.00423488 0.00751687 -0.00186406 0.0098031 -0.000512895 0.00375292 -0.000568722 -0.00614032 -0.000740986 -0.00630142 0.00759032 0.00522263 0.000770314 0.00345036 0.00112163 0.0126842 0.00187555 0.00792251 -0.000677338 -0.00444139
internal_weight=10916.9 2110.25 1848.97 8806.7 7983.49 823.204 793.69 81.6112 7937.66 7894.08 1265.05 747.992 146.572 601.42 517.063 294.113 213.76 222.95 147.756 107.523 98.1212 158.741 6629.02 1259.67 1005.97 253.7 973.076 288.86 684.216 416.712
internal_count=115370 61943 54869 53427 47669 5758 5546 595 47416 47168 6542 3866 703 3163 2676 1493 1092 1183 869 649 454 790 40626 8073 6567 1506 6344 2004 4340 2589
is_linear=0
shrinkage=0.05


Tree=101
num_leaves=31
num_cat=0
split_feature=9 2 9 34 19 9 11 8 4 16 38 9 14 2 7 19 9 2 34 8 19 12 10 10 33 3 5 12 3 5
split_gain=7.05188 4.42974 4.56532 3.24643 8.0334 7.61313 5.06497 3.85187 8.36501 6.88739 7.97086 7.14359 6.50983 5.86938 6.34486 6.88652 5.12061 4.38731 4.3032 5.5421 4.76451 5.29325 4.09195 7.35599 9.14605 7.99751 8.15411 7.51322 7.13967 10.6642
threshold=-0.22500000000000001 -0.02717694563697956 -0.84499999999999986 6.5000000000000009 0.20000000000000004 1.1650000000000003 0.13483555540996497 0.17108013937282232 -0.023791834713082809 -1.0000000180025095e-35 1450.0000000000002 1.0050000000000001 0.16328248471105616 -0.017336530208082342 0.038461538461538457 0.116421743472678 0.9900000000000001 1.0000000180025095e-35 14.500000000000002 0.18808962264150947 0.028571428571428581 0.17792998477929986 0.11214619492656877 0.12396906778219911 53.050000000000004 0.98567458689752019 0.087508967001434734 0.11330480451274073 0.98567458689752019 0.094529668617062981
decision_type=2 2 2 8 2 2 10 10 10 10 2 2 8 2 2 2 2 2 10 10 2 10 10 10 2 8 10 10 8 10
left_child=1 -1 -3 4 5 6 -2 22 -9 13 11 12 -11 14 -10 -16 17 -15 19 -12 -20 -22 -5 24 -24 27 -27 -26 -25 -30
right_child=3 2 -4 7 -6 -7 -8 8 9 10 18 -13 -14 16 15 -17 -18 -19 20 -21 21 -23 23 28 25 26 -28 -29 29 -31
leaf_value=-0.0085390540467256398 0.0087909120490588626 -0.0089098287521791088 -0.00071106397835117303 -0.00031614302028633957 0.019026880428852408 -0.017084687105782211 -0.0098858921228096776 -0.020586357965758046 0.01281410489587272 -0.01728579685631183 -0.022928626664486224 -0.02775119257761427 0.010644191719893096 0.033290968315429902 -0.024116499334359193 0.0059852133910055991 -0.00018617725106087645 0.0094256851384242561 0.022476268526811696 0.0047830438690504105 0.011780103708678583 -0.011647654552015177 0.027020181101275517 -0.00057014784076695043 0.0023683311226968973 -0.025200987196378994 0.00029588438284587306 0.011446429733654151 -0.0072789415849118149 0.0087483983146348834
leaf_weight=258.60302240261808 183.4325514677912 189.18566331884358 1656.2120025015902 3590.6970205763355 83.759786392562091 46.568459760397673 45.25645119510591 61.735847681760788 42.560976253822446 48.694325128570199 36.196780893951654 60.8361437888816 36.501133970916271 36.563723483122885 44.314501287415624 33.261098756454885 47.166349040344357 40.687376670539379 33.133583704009652 35.972613866440952 50.08751692250371 46.487525549717247 46.698150794953108 2392.45196595788 507.62449922319502 38.407525174319744 170.83419966790825 413.6320759919472 131.05951638706028 498.75648779422045
leaf_count=7074 1138 15282 39587 22703 427 239 283 386 229 302 209 386 194 196 278 186 309 241 186 221 284 314 250 14188 3063 278 1013 2298 858 2768
internal_value=0.00019013 -0.00241041 -0.00155158 0.000811658 0.00546831 0.00134249 0.00509486 0.000613677 -0.00307135 -0.00124625 -0.00576607 -0.0146644 -0.00531948 0.00518377 -0.00269905 -0.0112102 0.0127954 0.0207214 0.000670707 -0.00911583 0.0061159 0.000502878 0.000923137 0.00198277 0.00533578 0.00444005 -0.00438421 0.00644428 0.000676742 0.00541324
internal_weight=10907.4 2104 1845.4 8803.38 359.017 275.257 228.689 8444.36 654.199 592.464 347.91 146.032 85.1955 244.554 120.137 77.5756 124.417 77.2511 201.878 72.1694 129.709 96.575 7790.16 4199.46 1177.2 1130.5 209.242 921.257 3022.27 629.816
internal_count=115370 61943 54869 53427 2087 1660 1421 51340 3921 3535 2096 882 496 1439 693 464 746 437 1214 430 784 598 47419 24716 6902 6652 1291 5361 17814 3626
is_linear=0
shrinkage=0.05


Tree=102
num_leaves=31
num_cat=0
split_feature=9 1 8 35 18 2 1 2 4 31 9 18 7 10 10 1 0 9 2 13 4 13 4 19 4 10 37 0 10 19
split_gain=6.74325 8.53828 5.67484 5.99287 7.55171 6.17723 9.84444 6.85193 7.75844 5.73291 5.61429 5.38306 7.43998 6.89905 6.99863 6.68446 5.75711 6.38715 5.60813 8.23085 8.94405 6.35298 8.30766 5.56313 5.12095 6.82912 6.98061 6.71797 5.70275 6.65896
threshold=-0.26499999999999996 0.5634615325598491 0.11200716845878138 19.500000000000004 0.18465909090909094 0.021932553144793168 0.66134776816013752 0.0047986670659470581 0.11717115585774056 16.500000000000004 0.38999999999999996 0.14642857142857144 0.061538461538461549 0.12228725484319385 0.091434130072262379 0.89977804574115927 15.917761940531845 0.82500000000000007 0.0090090090090090523 0.15694376924323453 0.10025245772208639 0.13356807511737093 0.044776119402985121 0.14000000000000001 0.12359550561797755 0.11829865890588746 4.5000000000000009 16.162735660612523 0.075025354969574048 0.14246682279469167
decision_type=2 8 8 2 10 2 10 2 10 2 2 8 2 10 8 10 8 2 2 10 10 8 10 2 8 10 2 8 10 2
left_child=-1 -2 3 5 -5 7 10 24 9 -9 -7 12 13 14 -4 -13 -14 -18 19 21 -21 -17 -23 -22 25 -3 27 -27 -26 -30
right_child=1 2 11 4 -6 6 -8 8 -10 -11 -12 15 16 -15 -16 18 17 -19 -20 20 23 22 -24 -25 28 26 -28 -29 29 -31
leaf_value=-0.0024356181598005934 0.0026022963452790749 -0.0030532119207238965 -0.0067469829894125193 0.022424006059802774 0.00033408623995102486 -0.016038557122986862 -0.021457902134389726 -0.00042922192463245266 -0.0095380230560734441 0.019208176639127657 0.0071056794583632572 0.0023726750186220851 -0.02700454621677156 -0.0091065844734383415 0.018132770117095919 -0.0024353975112023675 0.0057061034798711373 -0.016894458550532562 0.0067706463036757703 0.010921178098689028 -0.021833215872088557 -0.044271348541896155 -0.012832462041884349 0.0052665912732566458 -0.012702803720291814 -0.032112317078759833 -0.00078462645315884895 -0.0092293269432964457 0.0032002304918134702 -0.009317914178651408
leaf_weight=2008.7148471219116 3711.141771457158 248.63367136660963 44.193382309749722 46.359374428167939 233.86549983546138 40.295491175726056 119.82682820037007 61.466197144240141 61.472771234810352 94.010569714009762 74.922879911959171 2534.7409856603481 48.989764607511461 89.261464300565422 78.427244452759624 49.473752372898161 56.418611230328679 70.108228348195553 84.361220313236117 86.015250004827976 52.8894102005288 33.885281197726727 55.31380305532366 29.500759299844503 98.26006302703172 72.901027269661427 54.892593452706933 57.271371613256633 458.08392091281712 138.31046530231833
leaf_count=60620 24552 1470 298 252 1413 366 730 515 334 408 329 14530 294 528 451 298 415 367 489 472 403 227 358 202 584 413 315 333 2600 804
internal_value=0.000180682 0.000772153 -0.00054051 -0.00275031 0.00398856 -0.00394523 -0.0114239 -0.00263859 0.00549925 0.0114447 -0.000988589 0.00070029 -0.00483841 0.0014681 0.00916592 0.00143356 -0.0124516 -0.00681682 -0.00464761 -0.00778446 -0.000356221 -0.0168054 -0.0247756 -0.0121298 -0.00420327 -0.00846624 -0.0157386 -0.0220446 -0.00154173 0.000297134
internal_weight=10894 8885.29 5174.15 1860.57 280.225 1580.35 235.045 1345.3 216.95 155.477 115.218 3313.58 387.399 211.882 122.621 2926.18 175.517 126.527 391.439 307.078 168.405 138.673 89.1991 82.3902 1128.35 433.699 185.065 130.172 694.654 596.394
internal_count=115370 54750 30198 10866 1665 9201 1425 7776 1257 923 695 19332 2353 1277 749 16979 1076 782 2449 1960 1077 883 585 605 6519 2531 1061 746 3988 3404
is_linear=0
shrinkage=0.05


Tree=103
num_leaves=31
num_cat=0
split_feature=9 34 12 13 32 20 10 10 3 2 9 6 4 32 39 5 36 5 9 4 5 12 16 12 5 9 11 2 35 13
split_gain=6.64209 4.00759 9.26822 5.70198 7.35806 6.82691 6.31105 9.91604 6.51527 5.63006 5.03622 4.84613 6.49706 4.78139 4.67424 4.38697 8.30232 5.31677 6.37419 3.77709 3.73866 7.64764 4.0569 3.837 5.31405 9.86016 6.0212 5.3917 5.11019 4.52273
threshold=-0.85499999999999987 8.5000000000000018 0.040956108470785575 0.15415884928080054 63.500000000000007 0.43792808219178087 0.11609078352880588 0.078964982737969439 0.5863424046149156 -0.014286617415963701 0.029999999999999954 0.092569639344361312 0.11067961165048545 77.500000000000014 9.5000000000000018 0.051434450323339216 2.5000000000000004 0.057421005258420588 0.17000000000000001 0.046511627906976792 0.077771692831933817 0.092637759710930453 -249.99999999999997 0.1213537241574625 0.11113356687325969 0.47500000000000003 0.12001283697047498 -0.0026548693357893202 18.500000000000004 0.077193932827735665
decision_type=2 8 8 10 10 8 8 10 10 2 2 10 10 10 2 10 2 10 2 10 10 8 8 8 10 2 10 2 2 10
left_child=-1 3 9 4 15 -5 7 -6 -9 -3 -4 14 -13 -7 -8 16 -2 18 -17 -10 21 -19 -23 28 25 27 -26 -25 29 -22
right_child=1 2 10 5 6 13 11 8 19 -11 -12 12 -14 -15 -16 17 -18 20 -20 -21 23 22 -24 24 26 -27 -28 -29 -30 -31
leaf_value=-0.0092927826034595526 -0.018978584818226556 -0.052386087408990423 -0.0019717784337849645 -0.026819942946989878 -0.0094458718295408924 -0.0076207782861205291 -0.022102403068408064 0.044194481197393692 0.0021079662125735046 -0.0099247226201543901 0.00072672785568252715 0.023427275380411703 -0.0018498949528226874 0.010014325051733776 0.0066438856347650361 0.003566818057228225 0.018918516387624627 -0.00044069285523429545 -0.033203767468508526 0.023693547897889359 0.0055972408898034443 -0.0013022425591402199 0.022993329329873791 -0.023718197265696749 0.01154992990776478 -0.045277979433993427 -0.013251971714842792 0.01579981120149607 0.010379346349427497 -0.0035860832090223124
leaf_weight=181.70742811303353 17.661821015179157 12.883235310669987 2349.8879326530732 31.441879406105727 27.807895375415683 109.76409775717184 29.529048127122223 29.308145102113485 28.794467096216977 19.811569047626108 6543.9339495683089 47.483267767820507 54.714024177752435 59.147719597443938 27.136848560068756 22.772582513280213 79.520438435021788 137.59338383399881 24.429328383877873 68.424370619468391 207.37524308287539 21.978243973571807 78.739708594279364 16.102309635374695 52.802394788945094 22.075356811285019 45.607863218989223 18.603037257445976 137.18211332801729 379.29614897025749
leaf_count=14926 250 163 47727 271 261 826 246 204 344 337 35655 375 378 405 222 492 1055 1759 139 511 1933 228 838 225 378 105 294 223 971 3629
internal_value=0.000186601 0.000347552 -8.39438e-05 0.0025172 0.00352788 -0.00542757 0.0103874 0.0175884 0.0235299 -0.0266564 1.374e-05 0.00339172 0.00989447 -0.00144551 -0.00833603 0.00182516 0.0120311 0.00097347 -0.0154638 0.0173003 0.00166785 0.00722261 0.0176917 0.000161939 -0.00697238 -0.019153 5.55821e-05 -0.00253544 0.00169151 -0.000339983
internal_weight=10883.5 10701.8 8926.52 1775.29 1574.94 200.354 313.198 154.335 126.527 32.6948 8893.82 158.863 102.197 168.912 56.6659 1261.74 97.1823 1164.56 47.2019 97.2188 1117.36 238.311 100.718 879.044 155.191 56.7807 98.4103 34.7053 723.854 586.671
internal_count=115370 100444 83882 16562 15060 1502 2541 1320 1059 500 83382 1221 753 1231 468 12519 1305 11214 631 855 10583 2825 1066 7758 1225 553 672 448 6533 5562
is_linear=0
shrinkage=0.05


Tree=104
num_leaves=31
num_cat=0
split_feature=5 33 7 11 11 5 20 1 13 0 6 12 33 11 10 13 38 13 33 4 6 1 2 5 1 4 36 13 6 1
split_gain=4.19871 5.79878 7.25448 5.3427 6.89219 4.58033 6.03997 5.25815 6.68732 6.26493 5.42567 5.276 5.03955 4.95642 6.04644 5.11745 4.94316 6.67687 6.74109 6.01031 5.99922 7.81442 5.44118 4.94118 4.88264 4.83271 5.15754 4.28422 8.33427 4.44903
threshold=0.057421005258420588 58.050000000000004 -1.0000000180025095e-35 0.1053045349222112 0.1330364546086642 0.076808254858745761 0.2156468531468532 0.75586553759723207 0.19163509180996796 14.753280719146302 0.16132975786733972 0.13962038303693572 57.550000000000004 0.10303739975871125 0.11333667669675694 0.1373774509803922 1350.0000000000002 0.089647914274779958 53.150000000000013 -0.19361093394077447 0.10006105006105008 0.54190045861513447 0.063861219154834559 0.061780479400616713 0.62424732088990842 0.26382978723404266 1.5000000000000002 0.1064701778862923 0.074098155372537708 0.33875592459915921
decision_type=8 2 2 10 10 10 8 8 10 10 10 8 2 10 10 10 2 8 2 10 10 10 2 10 10 10 2 10 8 10
left_child=1 -1 -3 -4 -5 6 -2 8 10 13 16 -12 -11 -9 -15 -16 -8 20 23 -20 22 -22 25 -19 27 26 -18 -21 -29 -30
right_child=5 2 3 4 -6 -7 7 9 -10 12 11 -13 -14 14 15 -17 17 18 19 24 21 -23 -24 -25 -26 -27 -28 28 29 -31
leaf_value=-0.0014913637611180665 -0.021444360509984672 -0.034049612849922133 -0.020933424142144132 0.017561951568537414 -0.018946011769204026 2.0547242336997178e-05 0.0099199287979809883 0.0019423777732904667 -0.02747297715421056 -0.0046693474635707173 0.011131083070703996 0.045068566334517071 0.021900969522644347 -0.038234743259813964 -0.018286460941541065 0.0099462171367566028 -0.030357206939122656 -0.0051630294208954283 -0.016768399533745051 0.0092035054522667629 -0.0047013255822174879 -0.036029331972000776 -0.026829518620534655 0.028954213938342667 0.015331525689434237 0.022788848917173768 0.0033441052107586163 0.02251890794774097 0.0045121429809012572 -0.016255676262403845
leaf_weight=640.20621059153927 24.559637541184202 31.472838699584827 36.926088930806145 33.971120574511588 20.869700027164072 8738.6961201879894 310.44317117793253 64.280750636942685 15.633895438630132 34.636356709524989 42.062648784602061 15.736626476515083 36.813593954779208 23.186261990340427 48.230642162030563 24.056088703218848 12.430826995871028 13.5835100809345 32.690769228851423 115.56504127033986 69.804201409569941 27.845995200332254 15.400682735256849 48.523225804208778 94.970161295728758 29.040712446905673 130.86113218846731 24.837547907838598 38.542195205460303 77.932762233307585
leaf_count=13136 359 506 533 391 266 79957 5056 912 211 289 620 137 217 291 545 166 232 320 1257 1833 1382 271 449 797 711 199 2425 341 741 820
internal_value=0.000172195 -0.00340326 -0.0133352 -0.00623087 0.00366883 0.000442182 0.00312835 0.00357635 0.00499825 -0.00328645 0.00545964 0.020371 0.00902064 -0.0087908 -0.0160173 -0.00889099 0.00463288 0.00239072 0.00620775 0.00373914 -0.0035832 -0.0136348 0.0016452 0.0214924 0.00564453 0.00418988 0.000420458 0.00206315 -0.00377622 -0.00938349
internal_weight=10873.8 763.446 123.24 91.7669 54.8408 10110.4 1371.67 1347.11 1115.91 231.204 1100.27 57.7993 71.45 159.754 95.473 72.2867 1042.47 732.029 446.645 384.538 285.384 97.6502 187.733 62.1067 351.848 172.333 143.292 256.878 141.313 116.475
internal_count=115370 14832 1696 1190 657 100538 20581 20222 17802 2420 17591 757 506 1914 1002 711 16834 11778 6820 5703 4958 1653 3305 1117 4446 2856 2657 3735 1902 1561
is_linear=0
shrinkage=0.05


Tree=105
num_leaves=31
num_cat=0
split_feature=9 4 14 31 11 32 13 19 13 12 9 4 5 10 0 33 19 16 13 13 18 4 9 0 9 9 0 13 0 31
split_gain=9.19839 5.38692 5.38402 10.5418 5.15425 5.27407 10.5182 8.59761 9.16764 10.3644 6.89261 7.12796 6.68929 7.93928 5.5595 5.65278 10.9661 10.9188 6.55401 8.87265 7.12763 7.88947 6.74316 12.5872 9.63955 6.47 7.74698 6.20005 5.72632 5.64341
threshold=-0.85499999999999987 -0.12340264720839418 0.10668699186991872 20.500000000000004 0.11628560229945127 41.500000000000007 0.13356807511737093 0.20000000000000004 0.078501400560224102 0.060708435708435718 1.3900000000000001 0.061224489795918387 0.16878551973643249 0.11609078352880588 13.643030132860286 56.350000000000001 -0.035587639311043598 -649.99999999999989 0.10211529867421422 0.099054500044599078 0.12132352941176472 0.15672811491133679 0.97000000000000008 15.359354029658801 0.37 1.2650000000000003 15.185201048398453 0.16990566037735852 15.876309120246935 13.500000000000002
decision_type=2 8 8 2 8 10 10 2 10 10 2 8 10 10 8 2 2 10 10 10 10 8 2 8 2 2 8 8 8 2
left_child=-1 2 3 -2 5 6 7 -3 9 -9 11 -10 13 -8 -7 16 29 -18 19 20 25 -22 24 -24 -23 26 -17 -19 -29 -16
right_child=1 4 -4 -5 -6 14 12 8 10 -11 -12 -13 -14 -15 15 18 17 27 -20 -21 21 22 23 -25 -26 -27 -28 28 -30 -31
leaf_value=-0.011076110707188428 -0.0054339942806614742 -0.00027624439368646904 0.00070364631482630526 -0.040557230867899821 0.0019083977176060835 0.0095653256810361662 -0.015043310985116866 -0.019209755292493545 -0.027598065867001323 0.021720359293262326 -0.040958932580610771 0.00307300499669426 -0.032096298047270419 0.018588531257759524 0.0065033004843662659 0.015797997566145163 0.025117196864223947 -0.0039749230545763504 0.0016314317257068737 -0.028297499362089047 -0.0011468503237470763 -0.0073058732759467395 -0.022288182551154341 0.013945695915627858 -0.031528791979784344 0.027769250033155002 -0.01320470814992656 -0.0062839537058099462 0.021820651624586622 0.022429718927692285
leaf_weight=177.44128446106333 423.3536298009567 1780.9602243141271 415.70450481050648 22.498441983014345 4793.644086183398 177.2896539052017 91.167624054010957 28.316726407501847 39.511989949969575 34.082716535311192 30.735949272289872 36.388328404398635 41.255047874525189 21.73027103766799 130.78899958543479 46.323498086538166 40.970315115526319 442.91105280839838 1091.2517047841102 36.418759305030107 484.03849694586825 92.953690971247852 41.738340517506003 56.297889403998852 73.585980104282498 31.067223748192191 45.778801016043872 28.883626356720924 48.654747064691037 96.780725851655006
leaf_count=14980 9259 18335 6140 96 38543 1491 905 310 437 264 155 407 250 179 2029 413 340 3507 8478 376 4911 1349 207 268 465 117 450 193 347 437
internal_value=0.000214966 0.000401771 -0.00338976 -0.00720637 0.000732952 -0.000378448 -0.00229302 -0.00129908 -0.0120756 0.00314637 -0.020983 -0.0128937 -0.0148662 -0.00856995 0.000979916 0.000434055 0.00401783 0.000264859 -0.000980109 -0.00411801 -0.00310791 -0.00494175 -0.0118845 -0.00148066 -0.0180088 0.008038 0.00138241 -0.00169154 0.0113515 0.0132765
internal_weight=10902.5 10725.1 861.557 445.852 9863.53 5069.88 2104.15 1950 169.036 62.3994 106.636 75.9003 154.153 112.898 2965.73 2788.44 788.989 561.42 1999.45 908.203 871.784 748.614 264.576 98.0362 166.54 123.17 92.1023 520.449 77.5384 227.57
internal_count=115638 100658 15495 9355 85163 46620 21242 19908 1573 574 999 844 1334 1084 25378 23887 6853 4387 17034 8556 8180 7200 2289 475 1814 980 863 4047 540 2466
is_linear=0
shrinkage=0.05


Tree=106
num_leaves=31
num_cat=0
split_feature=31 4 1 33 12 12 31 31 32 38 10 18 14 6 16 14 19 10 4 8 8 10 5 14 38 12 6 7 19 5
split_gain=7.62852 4.71254 8.2192 4.1077 4.95795 4.04641 6.58043 5.25276 5.21279 7.49936 4.31799 4.12622 4.11815 9.02494 3.89878 4.62287 8.3315 6.50988 7.32897 6.50383 6.35716 5.9212 5.07913 4.91874 4.91122 6.01066 6.05356 4.56143 4.42679 5.45529
threshold=1.5000000000000002 -0.12340264720839418 0.087647766430102234 54.850000000000001 0.063914893617021282 0.070467677862044067 10.500000000000002 13.500000000000002 50.500000000000007 1550.0000000000002 0.12099460119899753 0.069047619047619066 0.072178730911296105 0.10390404216810087 -449.99999999999994 0.071052120606917998 0.035465612506176733 0.13500152718387295 0.0028881001930960962 0.15047169811320757 0.10889328063241108 0.14365026160259523 0.10208136420919976 0.11451447822934881 1850.0000000000002 0.12736185383244208 0.099017937508036544 0.061538461538461549 0.0085476329631793985 0.083034102630221776
decision_type=2 8 8 2 8 8 2 2 10 2 10 10 10 10 8 10 2 8 10 10 10 8 10 10 2 8 8 2 2 10
left_child=-1 2 -2 4 -3 7 11 -4 9 -8 -10 -7 -11 -14 27 19 21 18 24 22 -19 -17 28 -20 25 26 -18 -6 -16 -30
right_child=1 3 5 -5 14 6 8 -9 10 12 -12 -13 13 -15 15 16 17 20 23 -21 -22 -23 -24 -25 -26 -27 -28 -29 29 -31
leaf_value=-0.010187994447813153 0.014731208342292338 0.017033414261441223 -0.0065601691933498147 0.00039528308213130909 0.02746007957566228 0.010275405286144443 0.017409493402397662 -0.027876629009420003 -0.021700041544054343 0.012478621755056263 0.0029391735341936683 -0.0088027663153188856 -0.024342229933814449 0.0097006095253865804 -0.012205208565421261 0.014989452516019925 0.021026830905963946 -0.0050749112387416832 -0.006265554197275207 0.023234592511165168 0.024834430141731884 -0.0087914469533079947 -0.027020126582780486 -0.034314893843989773 0.012990116715826772 -0.028771961543134519 -0.015090934824605879 -0.00013007709087263571 -0.001960294375512804 0.026660494729839793
leaf_weight=172.85044796776492 59.825778887374327 67.411064692307264 122.72941161412746 8999.6572326200549 33.427742446539924 31.004005187889561 94.988930704072118 37.80136002227664 33.469476697966456 35.53882391564548 37.935811640694737 329.99499484011903 40.693613078445196 37.325780160725117 84.047018522163853 194.51628329232335 22.72155802231282 32.461983112152666 31.117724537849426 20.753998113796115 39.243288639001548 30.245422047097236 25.528283442370594 31.402019019238651 48.688649601303041 22.780609148088843 23.704706315184012 27.146456025307998 102.06167583516799 19.894650481175631
leaf_count=15736 1689 816 2743 75938 332 640 536 192 204 211 226 8425 233 206 1283 1956 246 271 264 149 229 316 210 184 330 205 242 277 1178 171
internal_value=0.000232321 0.000400368 -0.00314635 0.000710288 0.00401767 -0.0044808 -0.00270283 -0.0115797 0.00305018 0.0070425 -0.00860985 -0.00716426 -0.00162925 -0.00805557 0.00290667 0.00189411 0.0047898 -0.00145018 -0.00651531 -0.00357947 0.0112941 0.0117893 -0.00598302 -0.020354 0.00082331 -0.00773632 0.00258552 0.0150955 -0.00337607 0.00270859
internal_weight=10891 10718.1 861.308 9856.81 857.153 801.482 640.951 160.531 279.952 208.547 71.4053 360.999 113.558 78.0194 789.742 729.168 476.882 252.121 180.415 252.286 71.7053 224.762 231.532 62.5197 117.896 69.2069 46.4263 60.5742 206.003 121.956
internal_count=115638 99902 15305 84597 8659 13616 10681 2935 1616 1186 430 9065 650 439 7843 7234 4243 1971 1471 2991 500 2272 2842 448 1023 693 488 609 2632 1349
is_linear=0
shrinkage=0.05


Tree=107
num_leaves=31
num_cat=0
split_feature=9 36 11 11 16 34 31 9 19 19 0 20 3 12 0 19 13 13 31 32 33 7 33 10 3 16 16 9 34 0
split_gain=8.22574 5.27724 6.6322 7.35993 6.64499 8.21378 8.95373 7.1188 5.90053 5.66056 5.41317 5.32889 5.24752 6.74698 6.67971 6.39874 8.31983 10.1163 7.04441 5.40501 5.14167 7.31916 4.92416 4.70525 9.27483 6.50278 4.66804 4.51985 4.28801 5.93396
threshold=-0.85499999999999987 4.5000000000000009 0.12414379544921418 0.12495589273112211 550.00000000000011 19.500000000000004 10.500000000000002 0.34000000000000002 0.39064171122994656 0.3394644115574349 14.473400819510578 0.34708049886621323 0.95551429334822302 0.0739497887148894 16.355240748532406 0.030303030303030311 0.18795289855072467 0.1715728715728716 7.5000000000000009 62.500000000000007 58.850000000000001 1.0000000180025095e-35 61.45000000000001 0.13261406240148224 0.78248278404414939 -1.0000000180025095e-35 -1.0000000180025095e-35 0.34000000000000002 30.500000000000004 16.135073629668195
decision_type=2 2 10 10 10 10 2 2 2 2 8 8 8 8 10 2 10 8 2 8 2 2 2 10 10 10 10 2 8 8
left_child=-1 9 4 -4 8 6 -6 -7 -3 28 -11 -5 20 -14 15 18 17 27 -15 -20 -13 -22 23 25 -25 -23 -12 -17 -2 -30
right_child=1 2 3 11 5 7 -8 -9 -10 10 26 12 13 14 -16 16 -18 -19 19 -21 21 22 -24 24 -26 -27 -28 -29 29 -31
leaf_value=-0.010545782287007394 0.0025526221632166707 -0.0027332878883362093 0.022801334607178723 0.0081543707087285543 -0.0049310202090610848 0.0049180975374506393 0.020071390045631889 -0.035079228116265633 0.013520768661297648 -0.026292187191057644 0.011555175240245056 0.00045197415187422647 -0.014754749556464912 -0.0068237321532907905 -0.01336211950161933 -0.012057359832233508 -0.021237508775344763 0.028276129377536065 0.029550441988369581 0.011582186773847149 0.001756158924810769 0.011858111910442309 0.0071637556022581227 -0.0075297401191782715 -0.037046688939179763 -0.01736071685819773 -0.013725069325361659 0.0055470132886968676 -0.0077860091358675776 0.001607591558455369
leaf_weight=174.58634656568756 3927.4429301272612 3360.4557135078358 39.844310230109841 240.75750121613964 53.010311502963305 26.215763971442357 110.34539434500039 19.32523600384593 56.77853094227612 33.780098321381956 33.775907901115716 1082.5994694713736 42.496417420916259 34.610584777779877 41.134442968759686 50.309058387065306 32.828701910562813 40.660209026420489 63.705509357154369 122.01014877296984 160.06130476016551 30.843196365050972 28.071358487941325 53.568495072890073 52.890136613044888 49.767717513721436 39.751588734332472 132.45424321293831 254.10790795995854 496.82589081907645
leaf_count=14980 33646 35799 307 2040 1157 466 559 101 361 234 216 9955 489 884 313 741 232 338 377 713 1328 237 236 416 424 405 271 659 2740 5014
internal_value=0.000219895 0.000395382 -0.000602105 0.00149902 -0.00193402 0.00672298 0.0119579 -0.0120547 -0.00246322 0.00163028 -0.009724 0.00112326 0.000284413 0.00439742 0.00596952 0.00763807 0.00226591 0.00571938 0.0138862 0.0177458 -0.00129615 -0.00634014 -0.0123636 -0.0152939 -0.0221942 -0.00618106 -0.00211223 0.000701076 0.00189072 -0.0015711
internal_weight=10885 10710.4 5924.74 2298.61 3626.13 208.897 163.356 45.541 3417.23 4785.68 107.308 2258.77 2018.01 560.209 517.713 476.578 256.252 223.424 220.326 185.716 1457.8 375.202 215.141 187.07 106.459 80.6109 73.5275 182.763 4678.38 750.934
internal_count=115638 100658 58537 20094 38443 2283 1716 567 36160 42121 721 19787 17747 4746 4257 3944 1970 1738 1974 1090 13001 3046 1718 1482 840 642 487 1400 41400 7754
is_linear=0
shrinkage=0.05


Tree=108
num_leaves=31
num_cat=0
split_feature=9 8 11 5 13 7 4 16 5 11 14 11 18 4 14 3 39 33 32 39 5 2 3 6 4 1 6 1 11 2
split_gain=7.73507 4.18556 5.51899 4.39018 6.40067 6.28006 6.10268 7.12254 6.16476 5.46168 4.9746 9.18731 6.68081 7.91372 6.67143 8.72557 9.14506 6.67015 6.46961 5.69595 6.72762 5.71334 5.32259 7.12321 4.79586 8.40118 12.92 6.0138 6.36609 8.54243
threshold=-0.85499999999999987 0.24283374283374287 0.1351494049487714 0.22479252332939037 0.20864427860696519 0.038461538461538457 0.21883004725435881 -149.99999999999997 0.23043873757481478 0.11748242441323377 0.18760119512527743 0.078977070215041009 0.21825396825396828 0.10429447852760736 0.18886504530281359 0.26369475461524522 9.5000000000000018 57.050000000000004 103.50000000000001 14.500000000000002 0.21444948970766306 0.033509677459788757 0.90997320306675233 0.12334067547723937 -0.067961165048543701 0.83788322219730571 0.11734907709940641 0.82118535150453476 0.16443698732289339 0.01873447626275767
decision_type=2 10 10 10 8 2 10 8 10 10 10 8 8 8 10 8 2 2 10 2 10 2 8 10 10 10 10 10 10 2
left_child=-1 3 -3 10 5 6 7 -5 -9 -10 18 12 17 -14 -13 16 -16 -12 24 20 21 -17 -22 -24 25 27 -27 28 -2 -30
right_child=1 2 -4 4 -6 -7 -8 8 9 -11 11 14 13 -15 15 19 -18 -19 -20 -21 22 -23 23 -25 -26 26 -28 -29 29 -31
leaf_value=-0.010300853160239008 -0.0019392518699026615 0.029178009699346009 -0.0022294499785403495 0.015170977418079129 -0.016045037258886449 0.0018863152358926062 -0.029033635774516217 -0.024295355795857388 -0.015710553127001769 0.011578219519850268 -0.01286072545859316 0.025033514109365069 -0.0032891554627749522 -0.033942472859427322 -0.031735581458173102 0.0033783458781388 0.0043000142495159838 0.017630447418881159 -0.020648898404129482 -0.010917742338618558 0.023460216419384585 0.022988985737840348 0.021717456512273789 -0.007382983231093496 0.00092176578938791632 -0.026761927360883925 0.001247603026520375 0.023643019194083358 0.016677955011995038 -0.008607962186090598
leaf_weight=173.14572175242938 2000.2888877716614 28.915070446208119 27.093406801111996 33.878559233620763 89.920475709252059 393.58938731625676 32.179097370244563 49.800241846125573 35.230545718222857 38.23520474601537 33.853669979609549 40.127292259596288 45.673791202716529 39.063893675804138 33.364660674706101 756.57664998387918 37.276331324130297 38.146528637036681 37.35706692840904 50.530354381538928 91.920571035705507 39.057768806815147 39.133792841807008 45.454099259804934 6302.0551190057304 81.520403282251209 83.180188874714077 24.667848563753068 104.77331289160065 49.03283246490173
leaf_count=14980 30155 179 238 207 613 2372 181 338 220 242 235 227 326 236 246 4645 237 229 258 301 524 204 208 294 54214 780 724 228 1156 641
internal_value=0.000182765 0.000352379 0.013985 0.000280657 -0.00362847 -0.00171309 -0.00919598 -0.00513374 -0.0107143 -0.00150813 0.000544388 0.00344134 -0.00790489 -0.0174203 0.00501035 0.00427546 -0.0127201 0.00329385 0.000113932 0.00544942 0.00630016 0.00434103 0.0151312 0.00608006 0.000203648 -0.00172752 -0.012616 -0.000904417 -0.00118552 0.0086169
internal_weight=10875 10701.9 56.0085 10645.9 672.834 582.913 189.324 157.145 123.266 73.4658 9973.06 1290.18 156.738 84.7377 1133.44 1093.31 70.641 72.0002 8682.88 1022.67 972.143 795.634 176.508 84.5879 8645.52 2343.46 164.701 2178.76 2154.1 153.806
internal_count=115638 100658 417 100241 4173 3560 1188 1007 800 462 96068 7912 1026 562 6886 6659 483 464 88156 6176 5875 4849 1026 502 87898 33684 1504 32180 31952 1797
is_linear=0
shrinkage=0.05


Tree=109
num_leaves=31
num_cat=0
split_feature=9 9 1 11 1 11 2 14 14 32 1 32 8 37 14 1 10 11 14 39 3 1 1 39 11 5 9 12 9 3
split_gain=7.32249 3.87855 4.04046 7.1595 10.3798 7.62434 14.1822 7.21237 7.071 6.65578 5.68878 8.83959 9.30537 10.7148 7.04852 6.48586 6.26429 6.04262 6.08847 6.01584 5.6066 6.45042 8.67978 5.82082 5.53048 8.92715 6.95653 7.04228 5.51281 6.70888
threshold=-0.85499999999999987 0.029999999999999954 0.5634615325598491 0.16270513855259619 0.50632810962800834 0.14816251472574207 -0.03378625637103317 0.11215393694891966 0.1931919824361685 54.500000000000007 0.38472764087043454 89.500000000000014 0.082650273224043724 4.5000000000000009 0.17794040260794339 0.36798821771296353 0.13174299349465221 0.10347238967928625 0.15391422736555485 8.5000000000000018 0.98567458689752019 0.35141034018598466 0.49728126250014087 15.500000000000002 0.078977070215041009 0.17447362764809402 1.1100000000000003 0.093836325966850834 0.63000000000000023 0.70652829726553945
decision_type=2 2 8 8 10 10 2 8 10 8 10 10 10 2 8 10 10 10 8 2 10 10 10 2 10 10 2 10 2 10
left_child=-1 -2 3 5 -5 7 -7 20 10 -8 15 12 13 17 16 19 -14 18 -12 -9 23 -22 -23 -3 25 -4 -27 -28 29 -21
right_child=1 2 24 4 -6 6 9 8 -10 -11 11 -13 14 -15 -16 -17 -18 -19 -20 28 21 22 -24 -25 -26 26 27 -29 -30 -31
leaf_value=-0.01005174041703058 -0.001216193925387416 0.0031032862324753005 -0.00053680725012188993 0.0043060827180578312 0.027117610383372494 -0.035602812284349014 0.0095827438649453353 0.0074761735291804035 0.0058057773912782856 -0.011779970912232852 -0.037446601018523797 -0.020185410967888631 0.013305437387433967 0.016458892361347951 -0.0023755478126879577 -0.023675326219018682 -0.0056766544788600277 -0.0016490148636056309 -0.0098447549417676958 -0.014684650446907685 0.030655365782985236 -0.0077114851349570608 0.024080494591414873 0.019632100551581419 0.00066543462566804972 -0.0045286108916762881 -0.010795507721550838 -0.039810888158040215 -0.012883774953085465 0.0054228667103136986
leaf_weight=171.90335823124042 2885.5218696509255 804.59498369321227 428.85585880186409 188.87262691743672 67.757400440983474 37.659425858408213 72.334441090002656 93.2340650819242 429.77175651118159 73.518233319744468 36.51043458096683 45.150432482361794 281.6295665409416 38.372254552319646 160.64913409482688 45.46159035526216 51.395089564844966 62.714657327160239 44.124115962535143 60.133519461378455 44.931242488324642 45.508115949109197 40.642971565946937 57.040991107933223 4104.1480252170004 94.370159242302179 44.904827984049916 39.139010613784194 184.71907226555049 133.75349167641252
leaf_count=14980 58316 4605 2465 969 313 241 372 435 2151 415 206 237 1450 223 885 266 281 335 264 481 246 287 182 373 21846 537 216 235 864 962
internal_value=0.000185796 0.000350309 0.000928937 0.00233068 0.010329 0.00160891 -0.00824829 0.00228887 0.000280215 -0.00118531 -0.00163822 0.0012338 0.00266568 -0.00700762 0.00622642 -0.00563863 0.010376 -0.0132892 -0.0223426 -0.00390081 0.00566311 0.0152969 0.00728682 0.00419751 6.48093e-06 -0.00444697 -0.0138459 -0.0243079 -0.00670246 -0.000813424
internal_weight=10869.3 10697.4 7811.9 3100.48 256.63 2843.85 183.512 2660.34 1667.62 145.853 1237.85 720.546 675.395 181.721 493.674 517.302 333.025 143.349 80.6346 471.84 992.718 131.082 86.1511 861.636 4711.42 607.27 178.414 84.0438 378.606 193.887
internal_count=115638 100658 42342 17043 1282 15761 1028 14733 9040 787 6889 3881 3644 1028 2616 3008 1731 805 470 2742 5693 715 469 4978 25299 3453 988 451 2307 1443
is_linear=0
shrinkage=0.05


Tree=110
num_leaves=31
num_cat=0
split_feature=9 1 2 31 1 10 8 1 14 14 14 1 8 10 36 16 6 11 2 6 10 19 2 19 31 8 19 4 10 4
split_gain=5.34576 3.74526 4.56553 4.11305 5.12269 4.92276 7.29385 6.85074 6.07077 14.8047 6.60138 6.37287 6.15768 10.1519 5.64636 4.63731 4.91637 4.60803 4.16328 4.04619 3.99657 3.67385 5.10277 4.02728 3.66728 6.48197 4.59351 6.42079 6.13636 6.96137
threshold=-0.78499999999999992 0.05937138091824358 0.051093016500660622 11.500000000000002 0.54898206494148316 0.083385222083852226 0.14854215918045707 0.84997231855422184 0.16854996595165136 0.1500382848392037 0.12728667038482991 0.57983750609172946 0.083920187793427234 0.077932846589563023 5.5000000000000009 1.0000000180025095e-35 0.092241966108981485 0.09630983080283137 0.025675874505953416 0.25092592592592594 0.084488407918315744 0.025884402358406208 -0.057299589872644281 0.030303030303030311 20.500000000000004 0.077524038461538478 0.093836325966850917 0.17896232057416267 0.064685813078783544 0.10025245772208639
decision_type=2 8 2 2 8 10 10 10 10 10 10 10 8 8 2 10 10 10 2 8 10 2 2 2 2 10 2 8 8 10
left_child=-1 2 -2 4 21 6 7 8 9 10 17 -12 -10 14 -14 19 18 24 -17 -6 -7 22 -3 -23 26 -26 28 -28 29 -5
right_child=1 3 -4 5 15 20 -8 -9 12 -11 11 -13 13 -15 -16 16 -18 -19 -20 -21 -22 23 -24 -25 25 -27 27 -29 -30 -31
leaf_value=-0.0066994137619126124 0.0052855820330740128 -0.012443687872789669 0.03719570906085029 -0.028702121069712407 -0.0026048819162266677 -0.014750434296375931 0.021706500186400218 -0.013778615307638596 0.0122034868513171 0.025515989049867349 -0.018582921086352865 0.0060598342990275181 -0.0064442777527861502 0.010119857661604632 -0.028537859365516956 -0.023747375166934283 -0.0051655348084994751 0.019918969909128573 -0.0016266248739520768 0.024959336755533773 0.00016476975779728396 -0.023506749700356277 0.0020799908197836922 -0.0024140293476288236 0.022045580093747786 0.002473804702085909 0.0178263849188788 -0.0067199250887074354 0.003316469547153473 0.00050598709102238609
leaf_weight=299.48582384211477 142.83776984643191 63.527248325292021 12.163747197482733 40.868328813463449 625.7920531257987 45.23571958579123 53.494356233626604 58.956484893336892 48.246783094480634 85.326123502105474 60.981539512053132 46.046352479606867 65.164289619773626 53.020175863057375 51.991039814427495 81.015598963014781 239.59700121311471 50.877794522792101 28.843057387042791 13.60297456756234 6289.1442003301345 23.440139989834279 1259.7120399819687 654.86765019386075 68.062266286462545 111.78522762469947 74.28056753706187 41.539966754615307 132.1146596390754 40.731502177193761
leaf_count=22118 2963 1254 307 298 10433 256 252 329 248 389 339 232 369 297 288 1418 3787 262 472 180 33136 452 22197 10911 281 498 426 238 790 241
internal_value=-0.000111986 7.47781e-05 0.00778973 -4.01142e-05 -0.00160556 0.00059097 0.00370537 0.00277046 0.00377523 0.00590502 0.00339737 -0.00798093 -0.00356335 -0.00803343 -0.0162489 -0.00454979 -0.00918134 0.00557099 -0.0179396 -0.00201846 5.82558e-05 -0.000150981 0.00138273 -0.00314293 0.0041379 0.00988063 0.00100373 0.00902265 -0.00334205 -0.0141226
internal_weight=10862.8 10563.3 155.002 10408.3 2990.4 7417.87 1083.49 1029.99 971.037 752.614 667.288 107.028 218.422 170.176 117.155 988.851 349.456 560.26 109.859 639.395 6334.38 2001.55 1323.24 678.308 509.383 179.847 329.535 115.821 213.714 81.5998
internal_count=115661 93543 3270 90273 51104 39169 5777 5525 5196 3994 3605 571 1202 954 657 16290 5677 3034 1890 10613 33392 34814 23451 11363 2772 779 1993 664 1329 539
is_linear=0
shrinkage=0.05


Tree=111
num_leaves=31
num_cat=0
split_feature=9 13 32 5 36 5 9 4 4 2 6 7 31 16 8 6 31 4 4 12 10 4 9 31 10 33 10 7 6 11
split_gain=4.96525 4.46301 3.44451 6.38436 3.28154 6.10639 6.66122 8.58935 5.65687 6.71902 5.78894 5.27106 5.22044 5.63439 11.0696 7.15547 11.4393 7.86119 8.85781 7.39625 6.46432 7.26904 8.43152 7.1545 7.02587 10.203 7.35454 6.63279 8.13658 6.91381
threshold=-0.78499999999999992 0.30583900226757377 101.50000000000001 0.18283905429524824 6.5000000000000009 0.083306010928961768 0.10499999999999997 0.18202259681461727 0.28708151012516542 -0.011626898135257389 0.097930496497292671 0.030769230769230761 37.500000000000007 -1.0000000180025095e-35 0.19098277608915909 0.1192735503987528 35.500000000000007 0.51487676466477195 0.3784890812512296 0.17262664963814392 0.086174143619375212 -0.10828759282632307 1.3900000000000001 19.500000000000004 0.10265193693957687 58.050000000000004 0.091434130072262379 0.076923076923076941 0.10465849438399955 0.10213271339768536
decision_type=2 10 10 8 2 10 2 8 8 2 8 2 2 8 8 8 2 10 10 8 8 10 2 2 10 2 8 2 10 8
left_child=-1 2 4 -4 12 6 -6 -8 10 -10 -9 -7 13 14 -2 16 17 18 20 -17 21 22 -15 24 25 26 -22 28 -25 -29
right_child=1 -3 3 -5 5 11 7 8 9 -11 -12 -13 -14 15 -16 19 -18 -19 -20 -21 23 -23 -24 27 -26 -27 -28 29 -30 -31
leaf_value=-0.0065117196117214287 0.0045790338029489076 0.022215143089943341 -0.024620413317445303 0.00081643738636006074 -0.0025590401837290197 -0.0014772355740946081 0.010740982257067549 7.0909373681669085e-05 0.013576103380393468 -0.0074235040060079737 -0.024959796281187049 -0.0077629441281840839 -0.0054155235088331859 -0.0018929464902240633 -0.0053448542717408603 0.00076886507654327452 0.029291962844104263 -0.027317797392950389 0.015780693925835542 0.0088317978268089743 0.0081716878085929239 0.0066452236978882849 -0.037257342698512316 -0.019338033446189135 0.00078721142072553363 -0.023024772169204837 -0.0087298887887173535 0.0085048058696211119 0.00034474295313951446 -0.007434097567194077
leaf_weight=298.02254456398077 1872.1398048270494 22.626200656406581 40.37429982284084 63.409754002466798 435.38548220018856 2213.2778790409211 341.36858554463834 51.258491536602378 86.966133061796427 67.777629405260086 42.046919640153646 392.70326652005315 329.55068917479366 133.66120556741953 330.62661585747264 1282.5856132151093 29.536841683089733 30.304516099393368 70.461402274668217 365.46940132137388 98.332646453753114 362.5792561522685 19.286366639658809 191.32595913112164 974.76797966053709 80.784049841109663 186.31916958140209 89.914298720657825 72.365413457155228 279.61538205295801
leaf_count=22118 15447 171 321 389 9532 18887 1871 296 512 386 262 3415 2915 1933 2731 9960 148 193 418 2536 1159 3246 75 776 10958 966 2265 349 302 1124
internal_value=-0.000147126 3.25486e-05 -1.5097e-05 -0.00907906 7.50907e-05 -0.00113858 0.00213127 0.00559586 -0.00148492 0.00437829 -0.0112089 -0.00242445 0.000723152 0.00103582 0.0030895 -2.42748e-05 -0.00164836 -0.00200125 -0.00170149 0.00255689 -0.0021964 0.00278908 -0.00635232 -0.00349879 -0.0014294 -0.00734202 -0.00289126 -0.00787861 -0.0139364 -0.00355583
internal_weight=10854.8 10556.8 10534.2 103.784 10430.4 3630.78 1024.8 589.418 248.049 154.744 93.3054 2605.98 6799.63 6470.08 2202.77 4267.31 2619.25 2589.72 2559.41 1648.06 2488.95 515.527 152.948 1973.42 1340.2 365.436 284.652 633.221 263.691 369.53
internal_count=115661 93543 93372 710 92662 35161 12859 3327 1456 898 558 22302 57501 54586 18178 36408 23912 23764 23571 12496 23153 5254 2008 17899 15348 4390 3424 2551 1078 1473
is_linear=0
shrinkage=0.05


Tree=112
num_leaves=31
num_cat=0
split_feature=9 32 12 10 14 7 18 36 14 18 12 6 11 10 31 1 9 9 10 10 9 35 2 11 10 7 6 32 7 11
split_gain=4.6569 3.10218 3.49683 6.97822 8.81577 7.79948 5.78332 5.68515 4.5203 5.11218 4.46523 4.30656 4.15647 3.43735 3.39173 3.34134 7.87909 6.55896 6.54605 5.88315 5.88421 8.3854 6.25916 5.70674 5.56116 5.7049 6.80449 8.50571 8.39072 9.41216
threshold=-0.78499999999999992 101.50000000000001 0.1925393883225209 0.13044456179467626 0.20383699174939426 0.16153846153846158 0.37980769230769235 8.5000000000000018 0.11451447822934881 0.45804195804195807 0.21340823970037456 0.11979431049069376 0.14114314047736157 0.12099460119899753 25.500000000000004 0.43494228769395921 1.4550000000000001 1.2050000000000001 0.12340743805598435 0.13859147681969061 0.18000000000000002 10.500000000000002 -0.0059473486001770885 0.070610102777170364 0.17693650935792965 0.12692307692307694 0.10963769162652533 40.500000000000007 -0.030769230769230757 0.15910863707275566
decision_type=2 10 10 8 8 2 10 2 10 10 10 8 8 10 2 8 2 2 10 10 2 2 2 8 10 2 8 8 2 8
left_child=-1 2 15 5 6 7 -5 8 9 -4 -6 -10 -8 -3 -7 16 17 -2 -18 20 22 -22 -17 -24 25 26 28 -28 29 -21
right_child=1 13 3 4 10 14 12 -9 11 -11 -12 -13 -14 -15 -16 19 18 -19 -20 24 21 -23 23 -25 -26 -27 27 -29 -30 -31
leaf_value=-0.0063248019455138804 0.0010662237919635182 -0.018813025289333523 0.021585975436128852 -0.013365179508255519 -0.0028690912242791255 -0.016943559579241714 -0.003900730797260608 -0.0058879876570518226 0.0083066151286708047 -0.0043161418459429831 -0.026622964031681032 0.026638842958581099 0.014903688641751348 -0.00073682048508746283 0.0064308982113858784 -0.0085626560692526176 0.017771490112314662 -0.012176238023913669 -0.0011190110658473157 0.020924174688124183 0.022580197167421944 -0.0007422592491180851 -0.01359434689068828 -0.00014120034783825859 -0.0064835725466109275 0.0095604449929842569 -0.01149076498288761 0.0070525921810588726 -0.0073431131611426106 -0.013830112099899032
leaf_weight=296.48652769665932 2692.3938478073105 45.725659435614944 31.46584111219272 37.398851845413446 35.6553142555058 36.455840598326176 43.307530425023288 36.089431724976748 47.378670821897686 48.273570274934173 44.445545670576394 98.929699436761439 91.418014374561608 61.904669210780412 27.0236820820719 529.93833828624338 126.42285948060453 96.869835548102856 71.965104728937149 61.678147293627262 38.91058811545372 4049.8145367330872 88.345899045001715 731.68409677036107 166.2601680890657 278.97090999083593 70.065333612263203 526.81224171957001 316.54049932211637 28.474850266706198
leaf_count=22118 36102 292 227 294 235 316 320 311 327 386 309 587 685 461 150 7962 544 417 333 422 179 20741 1504 10625 1198 1975 519 3457 2445 220
internal_value=-0.000144588 2.89203e-05 0.000115878 0.00389642 -0.00234663 0.00873234 0.00403018 0.0125404 0.0154825 0.00590505 -0.0160494 0.0207024 0.00885901 -0.00841631 -0.00699289 -0.00010534 0.00129111 0.000606319 0.010919 -0.00071109 -0.00146532 -0.00052031 -0.00432751 -0.00159057 0.00212022 0.00323555 0.00147737 0.00487585 -0.00351036 0.00994702
internal_weight=10857.1 10560.6 10453 577.842 252.225 325.617 172.124 262.137 226.048 79.7394 80.1009 146.308 134.726 107.63 63.4795 9875.15 2987.65 2789.26 198.388 6887.5 5438.69 4088.73 1349.97 820.03 1448.8 1282.54 1003.57 596.878 406.693 90.153
internal_count=115661 93543 92790 4147 1843 2304 1299 1838 1527 613 544 914 1005 753 466 88643 37396 36519 877 51247 41011 20920 20091 12129 10236 9038 7063 3976 3087 642
is_linear=0
shrinkage=0.05


Tree=113
num_leaves=31
num_cat=0
split_feature=34 8 12 32 11 11 35 1 40 16 12 1 15 33 19 5 19 5 19 11 8 19 32 32 8 1 12 18 32 1
split_gain=4.14428 5.53136 6.09142 11.4373 4.17325 4.16528 5.12895 4.68284 5.49709 6.8745 4.83968 5.69724 5.23094 5.70238 4.71859 4.54628 4.53416 7.22713 5.65828 5.48454 4.2363 6.38115 4.15005 4.30656 3.87649 9.76609 7.77225 5.84808 4.66905 3.79365
threshold=8.5000000000000018 0.15047169811320757 0.13900966183574884 71.500000000000014 0.12372435697177968 0.17147009966777413 17.500000000000004 0.89977804574115927 1.0000000180025095e-35 550.00000000000011 0.15165043290043292 0.44185229286034972 1.0000000180025095e-35 55.350000000000001 -0.019193928676687257 0.21227242634889112 0.035465612506176733 0.14347452562378607 0.025884402358406208 0.093120309037968529 0.10889328063241108 0.082837737973748146 72.500000000000014 61.500000000000007 0.1181455633100698 0.71987999236142841 0.11782974059188894 0.28991596638655465 31.500000000000004 0.85000809450353831
decision_type=8 10 10 10 10 10 2 10 10 10 8 10 10 2 2 10 2 8 2 8 10 2 10 10 8 10 8 10 8 10
left_child=1 5 4 -4 -3 7 -7 8 9 10 11 22 13 -13 -14 16 17 18 -10 -19 21 -15 23 -1 28 26 27 -26 -18 -2
right_child=29 2 3 -5 -6 6 -8 -9 15 -11 -12 12 14 20 -16 -17 24 19 -20 -21 -22 -23 -24 -25 25 -27 -28 -29 -30 -31
leaf_value=0.013518781278838113 -0.00091867297667054841 0.036636413638605737 -0.01458730986898641 0.01784696472347776 0.0093428872552178757 -0.029227201033879265 0.0040474868776416099 -0.022862320166737768 0.00053406024296515477 -0.010601493997524095 0.023615684627322456 0.011843216660196327 0.029677373316716854 -0.0027885970426314508 0.0046074726244669205 0.019641420356396926 -0.011908272380977591 -0.030834811027181247 -0.028827888171746863 -0.0077297520873623113 0.0047843307298499243 -0.029241625939713495 0.037149036692054042 -0.016232313905220778 0.0088268496848969476 0.012263490137486815 -0.027911752730909185 -0.021076669041875731 0.0079045353631438716 0.0025785245672327014
leaf_weight=138.80770299414871 8186.1190116831567 30.440944446949288 47.701130286790431 63.181814107578248 25.939915439113975 24.657729313825257 21.836808457854204 19.352099990472198 357.24708806013223 56.404422709601931 44.182587763527408 47.268862057011575 25.663458101917058 52.314412803156301 69.86813036352396 27.866562167182565 33.190431978204288 37.298931648023427 17.197830217308365 82.480711571406573 42.259859797079116 40.405339839868248 16.728591491933912 13.331957601010798 46.878508215770125 65.081301792524755 46.017106346786022 25.10568949743174 285.66456120426301 856.60083384020254
leaf_count=2594 90541 229 371 399 207 303 196 120 5828 749 380 343 264 423 570 169 357 318 205 604 305 270 163 227 457 358 430 259 2148 5874
internal_value=-0.000150822 0.00203706 0.0106979 0.00389395 0.0240791 0.00115218 -0.0135993 0.00158337 0.00188445 0.00593003 0.00782977 0.00626822 0.00186528 -0.00310236 0.0113422 -0.000277484 -0.000834694 -0.0042342 -0.000814501 -0.0149246 -0.0083362 -0.0143163 0.0135108 0.0109117 0.00251258 -0.00328622 -0.0118624 -0.0016025 0.00584217 -0.00058739
internal_weight=10847.1 1804.37 167.264 110.883 56.3809 1637.11 46.4945 1590.62 1571.26 547.235 490.831 446.648 277.78 182.248 95.5316 1024.03 996.162 494.225 374.445 119.78 134.98 92.7198 168.868 152.14 501.938 183.083 118.001 71.9842 318.855 9042.72
internal_count=115661 19246 1206 770 436 18040 499 17541 17421 6288 5539 5159 2175 1341 834 11133 10964 6955 6033 922 998 693 2984 2821 4009 1504 1146 716 2505 96415
is_linear=0
shrinkage=0.05


Tree=114
num_leaves=31
num_cat=0
split_feature=9 1 40 4 19 9 10 1 2 31 2 33 9 0 4 9 9 32 40 4 2 16 3 10 8 12 12 5 5 8
split_gain=4.4803 3.19087 4.78753 4.6148 5.38132 8.17169 4.39147 4.45517 3.72635 3.23316 5.35779 7.22839 8.44224 6.23652 6.04884 4.49753 8.63271 3.95504 4.5179 3.9323 4.5977 4.27827 6.52446 3.90422 3.91167 8.5681 5.26533 4.16389 5.53637 6.66891
threshold=-0.78499999999999992 0.063844354649984628 inf -0.01311905683920655 0.13600850232665018 0.089999999999999983 0.11250524769101597 0.035332074681106211 -0.0038833140348787493 11.500000000000002 0.065396526982865091 53.250000000000007 0.82500000000000007 16.109104559965274 -0.098800413379903931 0.86499999999999999 0.69500000000000006 23.500000000000004 1.0000000180025095e-35 -0.11090313154741471 -0.008845709330709715 1250.0000000000002 4.4304763275131907e-10 0.04550904730760847 0.073350071736011491 0.081165540540540551 0.065318976026005698 0.057940764341835295 0.047913757150236276 0.12390350877192984
decision_type=2 8 8 10 2 2 8 10 2 2 2 2 2 8 8 2 2 8 8 10 2 8 10 8 8 10 10 8 10 8
left_child=-1 2 3 4 5 8 7 -5 -2 15 11 12 14 -12 -11 16 17 18 -3 -19 21 22 -21 -13 25 26 -25 28 29 -26
right_child=1 9 -4 6 -6 -7 -8 -9 -10 10 13 23 -14 -15 -16 -17 -18 19 -20 20 -22 -23 -24 24 27 -27 -28 -29 -30 -31
leaf_value=-0.0062542929452029609 -0.0033036196856015888 0.030701529416367352 -0.021283116129260433 -0.012772625054047701 -0.014141975485381226 0.050913020918094791 -0.019253717693323336 0.025210019557323434 0.021566951836763965 0.032915805225504267 -0.020282909746478308 0.01378624959644449 -0.0064580076048427505 0.0041334561132918566 0.0091090532701851891 -0.031428336080779121 0.026318615841700255 -0.0050059992694513984 0.0030666792760606493 -0.036475495725729119 0.0012219539106279717 0.017125432778120904 -0.0035422072552244751 0.0068377976817831131 0.011382437063270551 -0.0090681841863510648 0.026869959785768251 0.00033173486319651706 -0.011849313224915843 -0.013351463397105518
leaf_weight=293.98249567800667 23.551968478132039 18.336212888825685 13.769981977995483 13.041812886018308 12.736363221891223 17.68573359400034 22.156207606196404 18.920651666820049 41.77520413370803 44.847477296367288 65.580169413238764 53.927796544507146 47.435756644234061 43.500686347484589 65.870833728462458 12.498466758057473 27.882392087951303 775.35431646276265 76.468228252138942 15.309944842942057 1175.637809474254 24.35116352699697 849.28868869994767 99.096300341188908 74.866070723161101 58.958251629024744 49.033850971609354 6600.3415683256462 163.09866415243596 42.85150839574635
leaf_count=22118 616 379 357 281 307 75 445 328 1050 195 309 272 230 213 308 104 177 15801 1533 376 18088 432 14030 518 383 322 221 35002 928 263
internal_value=-0.000166028 3.6543e-06 0.00693133 0.00952369 0.01612 0.0207629 -0.00214672 0.00971176 0.0126005 -0.000105511 0.00045354 0.000617892 0.0111908 -0.0105458 0.0187522 -0.0014978 -0.00137153 -0.00163461 0.00841156 -0.00196998 -0.0008298 -0.00354325 -0.00412538 0.000383768 0.000281801 0.00705251 0.0134688 7.80369e-05 -0.00588491 0.00237881
internal_weight=10842.2 10548.2 163.638 149.868 95.7493 83.0129 54.1187 31.9625 65.3272 10384.5 7409.41 7300.33 158.154 109.081 110.718 2975.13 2962.63 2934.75 94.8044 2839.94 2064.59 888.95 864.599 7142.17 7088.25 207.088 148.13 6881.16 280.816 117.718
internal_count=115661 93543 3459 3102 2048 1741 1054 609 1666 90084 39164 38642 733 522 503 50920 50816 50639 1912 48727 32926 14838 14406 37909 37637 1061 739 36576 1574 646
is_linear=0
shrinkage=0.05


Tree=115
num_leaves=31
num_cat=0
split_feature=31 9 9 4 13 39 19 19 12 9 6 34 1 9 18 16 5 1 19 5 19 34 34 13 13 6 8 33 8 33
split_gain=4.5546 7.3448 5.83852 6.72513 5.10255 8.36331 8.77919 7.71492 6.24427 6.77609 6.6231 4.99717 4.42371 4.35706 6.1607 4.2509 4.18245 8.87089 6.80403 6.75948 6.91301 7.75816 6.82489 6.50158 8.62871 6.45824 6.29758 9.70944 5.91201 5.5684
threshold=11.500000000000002 0.86499999999999999 0.47500000000000003 0.14179791649487378 0.059114735002912061 13.500000000000002 0.21845605225333412 0.095890410958904132 0.14337101747173692 0.68500000000000016 0.11330816769509296 13.500000000000002 0.92907505800718992 0.41500000000000004 0.45804195804195807 -1.0000000180025095e-35 0.16145559170195029 0.82118535150453476 0.062176232571325478 0.19212700833501387 -0.053197267244089963 17.500000000000004 38.500000000000007 0.13652714192282542 0.14909495077802479 0.11540117935466775 0.13819628647214857 57.45000000000001 0.12933094384707292 56.150000000000013
decision_type=2 2 2 8 10 2 2 2 8 2 10 10 10 2 8 8 10 10 2 10 2 8 10 10 10 8 8 2 10 2
left_child=1 2 12 15 5 6 7 8 9 -2 -11 -9 -1 -10 -15 -4 -6 18 19 22 29 25 23 28 -25 -22 27 -19 -18 -21
right_child=4 -3 3 -5 16 -7 -8 11 13 10 -12 -13 -14 14 -16 -17 17 26 -20 20 21 -23 -24 24 -26 -27 -28 -29 -30 -31
leaf_value=-0.0019557430509416652 0.019290152222054761 -0.040249309754190048 0.013623399313290083 0.02521046917248277 0.00093058091257779748 -0.016453964610196017 0.024462516373665536 -0.018328784918339992 -0.010670235775554114 -0.00602430190234761 0.017575098744718933 0.0011794379027465758 -0.023165726270375053 0.019896757817548544 -0.0015501856030255884 -0.012308212715926659 -0.0076382139257245383 -0.0021954486564408197 -0.0064388632667146048 0.0074759946993111105 0.020059916625706789 -0.00042809404901547246 0.015251115726364681 0.023102529320365078 -0.0046969434716833073 0.0039798366852978433 -0.00026727540823083014 0.019574176518080119 -0.027938910343106367 -0.0099916467323036395
leaf_weight=3241.0596710554091 146.27822640631348 12.428534388542174 29.064645835198462 42.465991819277406 3968.2188585256226 45.49833005759865 57.050679378211498 54.053762514144182 61.3118552621454 74.444992920383811 49.49761060718447 83.592506932094693 24.771496575558558 48.348924845457077 108.91000876203179 34.638280183076859 339.8816093634814 85.690799137577415 877.58022764138877 64.269628727808595 123.66068748757243 257.46667728759348 39.256885481067002 38.123023206368089 104.2293617464602 126.13247028551996 321.67360639665276 127.3223230689764 40.094237692654133 157.27211978472769
leaf_count=75006 857 113 197 303 20874 246 273 269 442 346 224 452 457 228 493 267 1867 492 4623 312 609 1311 210 192 553 658 2001 639 222 792
internal_value=-0.000363518 -0.00188291 -0.00174149 0.0097977 0.000331395 0.00430316 0.00568492 0.00397481 0.00691935 0.0120019 0.00340033 -0.00648145 -0.00211662 0.000635694 0.00504363 -0.000476839 -0.000102636 -0.00161968 -0.00304227 -0.000732281 0.00244437 0.00566256 -0.00485481 -0.00636592 0.00274796 0.0119403 0.00414846 0.0108167 -0.0097803 -0.00492425
internal_weight=10784.3 3384.43 3372 106.169 7399.86 728.987 683.489 626.438 488.792 270.221 123.943 137.646 3265.83 218.571 157.259 63.7029 6670.87 2702.65 2167.97 1290.39 728.802 507.26 561.585 522.328 142.352 249.793 534.687 213.013 379.976 221.542
internal_count=115528 76343 76230 767 39185 3830 3584 3311 2590 1427 570 721 75463 1163 721 464 35355 14481 11349 6726 3682 2578 3044 2834 745 1267 3132 1131 2089 1104
is_linear=0
shrinkage=0.05


Tree=116
num_leaves=31
num_cat=0
split_feature=31 9 1 13 3 34 8 12 18 31 8 1 12 3 6 3 31 8 9 32 1 35 13 3 32 5 35 2 18 10
split_gain=4.24093 5.58419 4.23493 4.12199 7.69637 6.9522 6.95228 6.2873 10.7273 9.5524 6.16052 6.06637 8.01459 9.50299 8.3316 7.79524 5.95942 6.9283 6.49989 6.84581 5.89987 5.74212 5.43549 5.0846 5.83389 4.5143 4.25759 10.3045 13.1764 6.06915
threshold=11.500000000000002 0.86499999999999999 0.46517651248363162 0.098199935711989719 0.62671791758849305 32.500000000000007 0.13182720953326715 0.092637759710930453 0.17156862745098042 14.500000000000002 0.1181455633100698 0.33875592459915921 0.12736185383244208 0.90997320306675233 0.096792563744580798 0.972633895548218 30.500000000000004 0.091608391608391626 1.9450000000000001 77.500000000000014 0.36798821771296353 14.500000000000002 0.088998899889989005 0.972633895548218 36.500000000000007 0.17715125521767594 12.500000000000002 -0.010798864870318154 0.12916666666666668 0.13612898498594517
decision_type=2 2 8 10 8 10 10 10 8 2 8 10 10 8 10 8 2 10 2 8 10 2 10 8 8 10 2 2 10 8
left_child=1 2 -1 4 21 6 16 8 -5 -10 -11 12 13 14 -9 -14 26 23 -19 -20 -13 -2 -23 24 -18 -25 27 -6 -29 -28
right_child=3 -3 -4 7 5 -7 -8 11 9 10 -12 20 15 -15 -16 -17 17 18 19 -21 -22 22 -24 25 -26 -27 29 28 -30 -31
leaf_value=-0.00027484928920173897 -0.0075527915797987556 -0.03641126383142456 -0.0038908627548568174 0.0074551188253740731 0.025589829771230067 -0.019139513480881921 0.020265501513236164 0.011090608270710969 0.0060594045013866353 -0.036183680712652752 -0.013040781300822223 0.014412494326859629 -0.0074707032753672034 -0.031291703159867679 -0.018371185070323849 0.013159045777273004 -0.0093466435353747566 -0.031818431235610699 0.0097092792975313879 -0.024809555047736489 1.5699935085243289e-05 0.014089074653596594 0.00068038232628929256 0.00024178543934038813 0.010763398704213103 -0.025478964907208263 -0.00034338120497403213 -0.022094690848998864 0.016184621702285802 0.0057716870345205203
leaf_weight=2010.3143901828444 52.354672405868769 11.647766150534151 1355.7773869864177 68.416959192603827 60.553479680791497 43.606563555076718 45.963878562673926 42.312626078724861 36.204246955923736 51.844178337603807 64.569058454129845 72.704069759696722 124.46706055477262 57.096484418958426 55.435706196352839 72.442699449136853 54.52149451058358 41.437844052910805 31.78670874517411 26.203734174370766 3355.9676095102914 257.60865487437695 106.96108741592616 34.91024255938828 106.52820236515254 33.362338170409203 1891.6801153486595 40.867966830730438 49.966018207371235 516.55454618670046
leaf_count=51078 272 113 25152 348 282 245 223 205 268 258 319 361 656 344 306 347 335 174 220 233 17873 1340 591 237 649 230 9793 226 230 2620
internal_value=-0.000382947 -0.00185088 -0.00173129 0.000287425 0.00156891 0.000678125 0.000972631 -0.000799795 -0.00899639 -0.0163714 -0.0233474 -0.000320556 -0.00657382 -0.0150847 -0.00561797 0.000118939 0.000665615 -0.00567162 -0.0166951 -0.0058885 0.00032098 0.00793146 0.0101551 -0.000892127 0.00395538 -0.012327 0.00147955 0.00961288 -0.00103798 0.000968271
internal_weight=10774.1 3377.74 3366.09 7396.33 3394.87 2977.94 2934.34 4001.46 221.034 152.617 116.413 3780.43 351.755 154.845 97.7483 196.91 2888.37 328.751 99.4283 57.9904 3428.67 416.924 364.57 229.322 161.05 68.2726 2559.62 151.387 90.834 2408.23
internal_count=115528 76343 76230 39185 17900 15697 15452 21285 1193 845 577 20092 1858 855 511 1003 15229 2078 627 453 18234 2203 1931 1451 984 467 13151 738 456 12413
is_linear=0
shrinkage=0.05


Tree=117
num_leaves=31
num_cat=0
split_feature=31 13 0 1 31 12 18 32 18 33 1 17 6 1 33 13 32 13 13 12 2 31 10 18 31 12 12 10 10 0
split_gain=3.84958 4.47542 7.99148 3.56311 3.47681 4.41678 10.241 6.24381 8.33414 6.21705 6.16942 5.95098 4.09389 8.17276 5.19143 4.06389 5.54268 4.71126 4.24773 3.58852 3.5643 3.51257 4.48333 3.24203 3.19288 3.118 7.78484 6.31125 7.66486 9.15496
threshold=11.500000000000002 0.057307060755336627 14.277749829267306 0.46517651248363162 32.500000000000007 0.22016949152542376 0.71008403361344552 54.500000000000007 0.57738095238095244 55.45000000000001 0.45120055091566286 1.0000000180025095e-35 0.11540117935466775 0.80091355108419959 59.95000000000001 0.085867895545314918 42.500000000000007 0.10542661000326906 0.11791443850267382 0.2251760563380282 -0.017032849153294439 36.500000000000007 0.12957063852199988 0.23303167420814483 40.500000000000007 0.1556466302367942 0.15808405906853465 0.083291032148900171 0.11250524769101597 14.035346917933825
decision_type=2 8 8 8 2 8 10 10 8 2 10 8 10 10 2 8 8 8 10 10 2 2 10 8 2 8 8 8 8 8
left_child=3 2 -2 -1 25 7 19 8 9 -6 -9 12 14 24 -12 20 18 -18 -17 -7 -11 -15 -23 -4 -14 -3 -27 -28 -29 -30
right_child=1 4 23 -5 5 6 -8 10 -10 15 11 -13 13 21 -16 16 17 -19 -20 -21 -22 22 -24 -25 -26 26 27 28 29 -31
leaf_value=-0.00043255565860803247 -0.0073287330254207684 -7.2471719609781707e-05 0.0093839604583626866 -0.0037451062316572062 -0.023456019970122512 -0.011845219281741773 -0.033114507766044021 -0.018787100760138405 -0.026894911321059235 -0.0011403877468898524 0.016180977242606174 0.026267366397988989 -0.018731450232525169 0.023343908883490871 -0.0074805076606035779 0.019804658403437852 -0.017249859218421305 0.0026534405022384049 -0.003295969736095512 0.013934421382887092 -0.02449050610361999 -0.015311353410925217 0.013505982515603766 0.028155363417618252 -0.00010273184535148123 0.018156853423567765 0.014503263643824619 -0.0058464558196321377 0.023031619702655704 0.0018548205182147949
leaf_weight=2017.8102367440588 48.859974710270762 5091.9708733018488 52.376329461112618 1358.2233468925697 34.817718770354986 27.685894900932908 38.144140308722854 29.912463827058673 43.277778182178736 35.220353441312909 88.825479148887098 29.727745111100376 61.173866437748075 29.590389197692275 31.367956228554249 57.995457367040217 45.85690335277468 84.555203842930496 30.294764119200408 26.343404516577721 30.492426762357354 22.374340512789786 34.016785734333098 41.013725955039263 36.86151535436511 76.242186047136784 89.445153083652258 321.75641959067434 54.551122274249792 792.00295833777636
leaf_count=51127 244 25925 293 25216 236 188 280 203 278 251 604 200 310 133 214 398 333 601 221 244 221 236 282 196 344 349 446 1660 269 4026
internal_value=-0.000366497 0.000272783 0.00905569 -0.00176524 0.000100325 -0.00296875 -0.0132792 -0.00166038 -0.00630467 -0.00351329 0.00296682 0.00491542 0.00282889 -0.00185884 0.0100058 -0.00107193 0.00220421 -0.00434517 0.0118782 0.000724322 -0.0119754 0.00939276 0.00207211 0.0176277 -0.011727 0.000491261 0.00264307 0.00170266 0.000722658 0.00321943
internal_weight=10762.8 7386.75 142.25 3376.03 7244.5 818.535 92.1734 726.361 362.511 319.233 363.851 333.938 304.21 184.017 120.193 284.415 218.702 130.412 88.2902 54.0293 65.7128 85.9815 56.3911 93.3901 98.0354 6425.97 1334 1257.76 1168.31 846.554
internal_count=115528 39185 733 76343 38452 5777 712 5065 2539 2261 2526 2323 2123 1305 818 2025 1553 934 619 432 472 651 518 489 654 32675 6750 6401 5955 4295
is_linear=0
shrinkage=0.05


Tree=118
num_leaves=31
num_cat=0
split_feature=31 31 32 8 13 10 10 8 33 36 1 10 12 18 13 13 32 1 32 12 36 31 7 39 1 32 13 10 36 34
split_gain=3.40642 4.48133 5.16841 4.55047 3.84583 3.79744 4.96438 3.7231 4.35941 7.51945 3.60169 3.94117 4.16157 5.30013 5.24578 5.32204 5.584 6.39024 5.21137 3.85 3.59155 3.52915 3.64376 3.3211 7.16278 8.00865 10.5857 7.61736 6.67101 5.98996
threshold=11.500000000000002 33.500000000000007 103.50000000000001 0.22335600907029482 0.057307060755336627 0.11539921733543602 0.089637006118236787 0.20638945233265724 62.050000000000004 5.5000000000000009 0.38472764087043454 0.082199494014562516 0.22016949152542376 0.68990384615384626 0.18394199785177232 0.15227743271221536 55.500000000000007 0.82715588120204342 45.500000000000007 0.077221228384019097 5.5000000000000009 36.500000000000007 0.038461538461538457 7.5000000000000009 0.74035697118201815 85.500000000000014 0.14339826839826844 0.12621834210476321 1.5000000000000002 10.500000000000002
decision_type=2 2 10 10 8 10 10 10 2 2 8 8 10 10 8 10 10 10 8 10 2 2 2 2 10 8 8 10 2 10
left_child=-1 2 3 4 5 6 -2 8 23 -10 -3 -12 14 -14 15 16 17 18 19 -13 -16 -18 -23 24 27 28 -27 -6 -26 -29
right_child=1 10 -4 -5 7 -7 -8 -9 9 -11 11 12 13 -15 20 -17 21 -19 -20 -21 -22 22 -24 -25 25 26 -28 29 -30 -31
leaf_value=-0.0016889716343442445 0.0028245007603463677 -0.020109368740706537 -0.017184672896028413 0.012835683050198941 0.0034906554939589623 -0.0037987987591862451 0.025608155920230819 -0.010522534139247364 -0.0027533908398397933 0.025722423280189199 -0.014480572092494044 -0.0060140034749386635 0.0029347221708184846 -0.028275058574555301 0.014671294210233067 -0.013270950729724283 0.018820101469562697 -0.01854320592388797 -0.010811794559141103 0.015166059463143804 -0.0053290065395060274 0.017979147063875947 -0.0036540418565009138 -0.00023439763991061778 -0.0043757862873580041 -0.021315122447686567 0.0094624869999810415 0.0038582054279159839 0.013148947563366584 -0.010160129196929617
leaf_weight=3371.7598737218068 47.214070414192975 31.247204676270485 40.44150223210454 76.908577745780349 557.79190983437002 41.17618959210813 48.43680508248508 76.731489595025778 46.914166253060102 45.831307427026331 64.963986958377063 32.905027465894818 24.151478620246053 31.146743522025645 83.625271566212177 94.090222789905965 47.600990256294608 62.194639471359551 62.484878885559738 61.664484968408942 30.682108651846647 26.742017616517842 71.527586623094976 4796.2086945055053 64.389112003147602 51.597489530220628 60.926384734921157 109.98799532838166 346.69135874602944 248.07959961146116
leaf_count=76343 247 204 229 384 3115 229 211 417 234 200 474 260 234 243 556 716 204 467 475 460 253 244 610 23914 347 267 320 537 1771 1363
internal_value=-0.000372173 0.000229088 0.000635512 0.000744393 0.000602246 0.00889673 0.014362 0.000425059 0.000557798 0.0113183 -0.00350389 -0.00275599 -0.00154471 -0.0146442 -0.00028166 -0.00266746 6.50306e-05 -0.00497856 0.000393129 0.00779655 0.00930286 0.00764574 0.00223298 0.000397753 0.00250404 0.00716874 -0.00465049 -0.000162803 0.010404 -0.0058541
internal_weight=10756.1 7384.35 6659.33 6618.89 6541.98 136.827 95.6509 6405.15 6328.42 92.7455 725.027 693.779 628.815 55.2982 573.517 459.21 365.12 219.249 157.054 94.5695 114.307 145.871 98.2696 6235.67 1439.46 523.604 112.524 915.86 411.08 358.068
internal_count=115528 39185 33785 33556 33172 687 458 32485 32068 434 5400 5196 4722 477 4245 3436 2720 1662 1195 720 809 1058 854 31634 7720 2705 587 5015 2118 1900
is_linear=0
shrinkage=0.05


Tree=119
num_leaves=31
num_cat=0
split_feature=9 9 36 8 0 0 13 19 39 16 19 36 34 39 20 10 1 4 1 4 2 4 4 4 34 4 12 12 13 13
split_gain=3.10582 3.01037 2.77685 5.54652 4.90616 6.08218 6.16728 7.82419 7.36293 4.8533 4.90198 7.10871 4.83494 7.62586 6.16178 5.8839 5.63281 5.89186 5.6267 5.61409 6.24781 5.29099 7.28808 7.24531 5.70226 4.82493 4.40441 4.29004 8.82328 5.382
threshold=-0.92499999999999993 5.2350000000000003 4.5000000000000009 0.24283374283374287 13.97557752074759 14.57911100601671 0.17089216944801031 -0.037433155080213894 5.5000000000000009 1.0000000180025095e-35 0.060606060606060615 2.5000000000000004 16.500000000000004 7.5000000000000009 0.41839323467230449 0.16677282377919322 0.41381369612969143 0.15141307850747529 0.65459614331530747 0.20098039215686284 0.00029256897904301647 0.12570356472795502 0.059529815962712063 0.19449749615399445 18.500000000000004 0.18202259681461727 0.045199182839632285 0.14902948861515494 0.18537609774723179 0.15694376924323453
decision_type=2 2 2 10 10 10 10 2 2 10 2 2 10 2 8 10 8 8 10 8 2 10 8 10 10 8 8 8 10 10
left_child=-1 2 3 4 26 27 12 -8 -9 10 -10 -12 14 21 16 18 -7 -18 25 20 -20 22 24 -23 -14 -15 -2 -6 29 -29
right_child=1 -3 -4 -5 5 6 7 8 9 -11 11 -13 13 15 -16 -17 17 -19 19 -21 -22 23 -24 -25 -26 -27 -28 28 -30 -31
leaf_value=-0.018276476098667085 0.024634893245373192 0.017679755698769017 -0.0010931877227005064 0.021398584143151381 -0.0080439689439443362 -0.023799502155630401 -0.031981507177525632 0.015554012334055484 -0.0011145356324321761 0.0046766511056597505 -0.0063197582446350049 -0.035161674988546505 0.010545633702065075 4.807108143857971e-05 0.0053196844122634533 0.024403431458364405 0.0084522133448401149 -0.015919009715393801 0.0072211677696719578 -0.026658011858639797 -0.017747339403491248 -0.038752141439415182 0.0096267578912598798 -0.0047321346447801102 -0.016327722169006995 0.013886214834201997 0.001859061256396661 -0.0019533045299923667 -0.016782905362251868 0.02325826063586894
leaf_weight=24.167578053311445 21.43011667416431 23.147770201787353 5931.7250399379991 31.620848475024104 438.46737676672637 33.803323008236475 27.862904107198119 40.086932515725493 53.849827812984586 54.413400370627642 43.845934468787163 41.665667856112123 24.270650986116379 190.17354487418197 811.9403657997027 27.728760396130383 68.331490354146808 38.926628396846354 65.758911819662899 30.40617031045258 40.475700405891985 30.618711242452264 61.090599439572543 32.01434860099107 105.74184405733831 94.18813564023003 2234.7565833135741 39.450755119789392 40.471674542874098 45.677628924138844
leaf_count=3164 268 282 65554 222 4474 537 309 239 383 400 300 282 220 2671 7325 193 554 270 464 217 322 224 393 227 1062 762 23240 345 304 321
internal_value=-0.000372362 -0.000332013 -0.000370976 0.000527305 0.000387997 -0.00114634 0.000196414 -0.00693576 -0.00395175 -0.00798698 -0.0129315 -0.020373 0.00132399 -0.00182331 0.0036439 0.0020941 -0.00600181 -0.000392707 0.000624725 -0.00771401 -0.00229191 -0.00875124 -0.00461777 -0.0213631 -0.011311 0.00463163 0.00207539 -0.00571018 0.00243703 0.0115746
internal_weight=10748.1 10723.9 10700.8 4769.07 4737.45 2481.26 1917.19 261.725 233.862 193.775 139.361 85.5116 1655.47 702.467 953.002 448.731 141.061 107.258 421.002 136.641 106.235 253.736 191.103 62.6331 130.012 284.362 2256.19 564.067 125.6 85.1284
internal_count=115528 112364 112082 46528 46306 22798 17354 1913 1604 1365 965 582 15441 6755 8686 4629 1361 824 4436 1003 786 2126 1675 451 1282 3433 23508 5444 970 666
is_linear=0
shrinkage=0.05


Tree=120
num_leaves=31
num_cat=0
split_feature=5 8 37 10 10 10 10 12 6 19 10 12 1 6 33 33 19 3 19 9 10 5 1 6 33 1 20 11 13 38
split_gain=3.59079 6.35471 6.05192 4.65061 8.38122 6.6872 5.83675 5.78323 3.96291 7.84761 9.15793 8.25448 8.24471 7.73526 7.57942 7.3664 7.11471 6.67213 6.39136 5.74307 5.61605 5.50496 5.14901 6.89226 5.54812 5.13824 6.12621 4.81963 6.40757 5.72129
threshold=0.2325672451785617 0.089087301587301604 2.5000000000000004 0.11702526695503665 0.12957063852199988 0.14690996027013384 0.10705873224370806 0.12459150326797387 0.12659389153408435 0.14649681528662431 0.10577717736808646 0.087082912032355922 0.94135313668913156 0.12832595870206492 55.350000000000001 58.050000000000004 0.25048262548262551 0.90997320306675233 0.22243186582809235 0.11999999999999998 0.1340260404257009 0.13732417422154497 0.79711436871836916 0.1372730910546037 58.45000000000001 0.40000077031146453 0.43128260478503339 0.15389855376231401 0.15919147224456962 1650.0000000000002
decision_type=10 8 2 8 8 8 10 8 8 2 10 8 10 8 2 2 2 8 2 2 10 8 8 10 2 10 8 10 10 2
left_child=8 -2 -3 6 -5 -6 7 -4 -1 12 15 -12 13 19 25 17 18 -11 22 -10 -14 -17 23 -13 -25 -15 -27 -16 -29 -30
right_child=1 2 3 4 5 -7 -8 -9 9 10 11 16 20 14 27 21 -18 -19 -20 -21 -22 -23 -24 24 -26 26 -28 28 29 -31
leaf_value=-0.0003997870225258639 0.015604951265388143 -0.027278573212940405 0.0088657755988962427 -0.027973232403570372 0.0085478430984887461 -0.015934767081337169 0.020515369774898203 -0.018697916217347954 0.00064823960971829831 -0.011054635551538546 -0.018941098589254798 -0.01064225342429647 -0.022717591244345713 0.00072784862575030424 0.00052293786596317845 0.010992297209666622 -0.007513693987464533 -0.035037900781186786 0.024193476342052461 0.026664499299563538 0.00024694788534078952 -0.015553814482623702 -0.0057546643456537474 0.0084879550890096002 0.033714866364022759 -0.005727292500848624 0.015512812905626162 0.011514367032054527 -0.013534113183497221 0.010803097492641321
leaf_weight=7250.3173400437227 33.667493982240558 33.668655429035425 39.181293366476893 47.010602559894323 60.056458925828338 52.076661206316203 33.52072192914784 37.000635890290141 32.544579833280295 84.420589979854412 46.085462620714679 30.046598714776337 50.863593189744279 129.67042347567622 1639.3460374752176 47.141334064304829 104.18142377166077 44.173306053853594 49.125244948780164 60.92119363322854 55.862189510138705 33.342654182575643 80.660362078575417 67.056950654136017 32.290061389096081 39.176027171779424 254.40592316398397 239.13606170041021 58.956118795555085 40.902322839945555
leaf_count=84294 204 203 242 311 349 353 192 245 646 769 366 258 384 2677 15177 324 702 443 320 309 409 187 572 477 192 382 2006 1913 464 331
internal_value=8.51785e-05 -0.00500127 -0.00729458 -0.00479191 -0.0102518 -0.00282233 0.00312871 -0.00452157 0.00024849 0.00170804 -0.00335425 0.000993314 0.00291151 0.00349363 0.00294442 -0.0118683 0.00352162 -0.0192931 0.00795745 0.0176057 -0.0106975 -5.14267e-06 0.00416033 0.0103411 0.0166873 0.00901722 0.0126785 0.00164518 0.00707225 -0.00356552
internal_weight=10806.8 336.183 302.515 268.846 159.144 112.133 109.703 76.1819 10470.6 3220.31 618.524 409.446 2601.78 2495.06 2401.59 209.078 363.361 128.594 259.179 93.4658 106.726 80.484 210.054 129.394 99.347 423.252 293.582 1978.34 338.995 99.8584
internal_count=115701 2099 1895 1692 1013 702 679 487 113602 29308 4610 2887 24698 23905 22950 1723 2521 1212 1819 955 793 511 1499 927 669 5065 2388 17885 2708 795
is_linear=0
shrinkage=0.05


Tree=121
num_leaves=31
num_cat=0
split_feature=31 13 34 4 0 12 31 5 36 4 12 0 18 11 12 14 3 3 1 31 19 2 4 16 1 8 31 14 0 34
split_gain=4.19472 6.42527 6.07131 5.59294 6.0733 5.52949 4.71717 5.34097 4.93655 4.41845 4.39209 4.18334 4.12106 4.06786 6.7742 4.6015 9.41151 4.23598 4.13661 3.97312 7.12117 4.29478 3.93386 5.65275 4.42449 6.78049 6.9168 8.06069 6.72545 6.36395
threshold=35.500000000000007 0.12778327560613559 30.500000000000004 0.14897770811563912 15.221251786744267 0.13732974105672807 12.500000000000002 0.25028735632183913 4.5000000000000009 -0.29112727620779588 0.10801088858642817 13.101993238275377 0.44097222222222227 0.12207182488872631 0.12459150326797387 0.10668699186991872 0.39321169467929357 2.4438093039106525e-24 0.81061824830708162 5.5000000000000009 0.085843568196509359 -0.0062351549439706279 0.51487676466477195 -1.0000000180025095e-35 0.36798821771296353 0.075235849056603785 17.500000000000004 0.098375318924308647 15.760737007631112 21.500000000000004
decision_type=2 10 8 8 10 8 2 10 2 8 10 8 10 10 10 10 10 8 10 2 2 2 10 10 8 8 2 10 10 10
left_child=6 2 5 4 -3 10 8 22 9 12 -2 -11 -1 17 -15 19 -17 -10 -18 -16 21 -21 24 -24 25 -8 28 -28 29 -27
right_child=1 3 -4 -5 -6 -7 7 -9 13 11 -12 -13 -14 14 15 16 18 -19 -20 20 -22 -23 23 -25 -26 26 27 -29 -30 -31
leaf_value=-0.0053094462971572023 -0.00330569858256014 -0.026437544117943881 0.0182718807101626 -0.0028231822868641822 -0.0047209062790193558 -0.023113352399556333 0.022532481666623701 -0.016737124761663651 -0.036200700092231523 0.016791575136959593 0.013976155376317898 0.0011420932960946927 -0.036290832516046249 0.0035290123696589703 -0.013630086332518554 0.020323932866728452 -0.023983706891318596 -0.0039131307592758227 0.0020105490745030825 0.00058533880388888561 -0.010752036818297242 0.028098869786716392 0.0041789641359329761 -0.016802902506421236 0.00093781544030685504 0.0057448892665996308 -0.0036865783578048442 0.01357822755338781 -0.017202998272445553 -0.010669279983074558
leaf_weight=53.154605871648528 151.81921723578125 74.287113780155778 44.105601141229272 147.0723709189333 56.818006923422217 27.284986037760973 51.384850960224867 41.489972125738859 10.229737740708513 43.953441351884976 48.512427404522896 1501.6275887645315 13.449540010304188 533.29409855324775 38.958814074518159 17.587876638863236 84.144918424775824 1455.6302249498549 18.707535085268319 24.568938347510993 40.955553848296404 33.555014974437654 58.382762240245938 71.307214329019189 5427.7547069713473 246.02940452098846 92.821134563535452 248.8764415346086 54.347129253670573 77.700658679008484
leaf_count=2639 1269 549 356 1418 420 246 225 230 496 724 357 27420 815 10751 1456 266 1298 32889 247 340 473 345 260 329 26366 1341 405 957 336 478
internal_value=7.88868e-05 -0.00417534 0.00129321 -0.00951699 -0.017026 -0.00199677 0.000307346 0.00114379 -0.00106952 0.00104376 0.000879285 0.00158714 -0.0115656 -0.00257861 0.000309222 -0.00633386 -0.0134759 -0.00413845 -0.0192557 -0.000102352 0.00521686 0.0164689 0.00126101 -0.00735746 0.00144132 0.00498523 0.00373252 0.00888829 -0.000927144 0.00180521
internal_weight=10789.8 549.9 271.722 278.177 131.105 227.617 10239.9 6370.09 3869.82 1612.19 200.332 1545.58 66.6041 2257.63 791.773 258.479 120.44 1465.86 102.852 138.038 99.0795 58.124 6328.6 129.69 6198.91 771.16 719.775 341.698 378.077 323.73
internal_count=115701 4615 2228 2387 969 1872 111086 30927 80159 31598 1626 28144 3454 48561 15176 4425 1811 33385 1545 2614 1158 685 30697 589 30108 3742 3517 1362 2155 1819
is_linear=0
shrinkage=0.05


Tree=122
num_leaves=31
num_cat=0
split_feature=31 16 5 10 0 39 10 5 12 10 3 2 31 32 12 12 0 4 14 19 2 5 10 13 8 14 2 4 14 8
split_gain=3.43229 7.63677 9.99172 5.67487 5.60706 5.72655 6.73179 8.96372 6.05713 4.83205 4.44926 5.9966 4.44914 5.01136 4.24508 4.37341 9.64568 6.73288 5.90893 4.24204 4.05146 4.04371 4.23776 4.77356 3.84513 5.46804 3.73701 4.51774 4.91301 4.52674
threshold=33.500000000000007 150.00000000000003 0.16595457180075887 0.12252310028008273 16.226961098827992 7.5000000000000009 0.1340260404257009 0.16694941675300259 0.13586239961644495 0.14523135447988403 0.88212926646513989 -0.031198797666297146 12.500000000000002 103.50000000000001 0.046693313953488379 0.21896404109589043 15.760737007631112 0.044776119402985121 0.1569585814727818 0.17669683257918556 -0.0012988244635640494 0.22479252332939037 0.071475013932751269 0.078501400560224102 0.082650273224043724 0.18051188551377759 0.063861219154834559 -0.05172413793103444 0.24288907813497981 0.072077922077922088
decision_type=2 8 8 8 10 2 10 10 10 10 8 2 2 10 8 10 10 10 10 2 2 10 8 10 10 8 2 8 8 8
left_child=12 4 3 -3 5 6 8 -8 -2 -6 11 -7 21 14 -14 26 17 -17 -19 -12 -4 22 23 24 25 -1 27 28 -16 -29
right_child=1 2 20 -5 9 10 7 -9 -10 -11 19 -13 13 -15 15 16 -18 18 -20 -21 -22 -23 -24 -25 -26 -27 -28 29 -30 -31
leaf_value=-0.0099711359517870649 -0.010008539755052621 0.0032711516011578526 0.019344506102621058 -0.020641928339913084 0.014071286090856167 -0.014478381679308476 0.018835614300188087 -0.015847005347681183 -0.030826652162287423 -0.011572276601536369 -0.0042099769289901251 0.013580776754820199 0.013693258351656135 -0.015962729037572124 0.0068089201495543251 0.032080480365627266 -0.011069836150118813 -0.0059381363300038143 0.020959686623920941 -0.027675463867344308 -0.00062764423196022263 -0.012413929226744662 -0.00019890911343472184 -0.010062290722060588 0.012264006544894512 0.019898107827744017 -0.008871659544017918 0.0093381248132191445 -0.0074921404534603712 0.00035723045326703637
leaf_weight=82.838848391198553 65.256635713391006 55.713042808696628 90.823609006591141 44.728020041249692 53.723583836108446 27.073430545628071 29.630641259253025 50.177945076487958 75.208839693572372 27.915727340616286 80.841032730415463 64.181047461926937 68.123864995315671 42.423810306936502 530.90932153724134 43.358860684558749 43.972974047064781 40.260497970506549 41.42842720169574 25.283699423074722 35.246459127403796 76.062394892331213 3388.7427838104777 241.10267692664638 52.057428048807196 18.799507875344716 95.947977233678102 144.29619247280061 67.715081982314587 5077.9912663325667
leaf_count=2260 396 384 664 336 390 229 201 349 496 211 723 520 331 230 2603 197 224 220 188 223 269 1043 69326 5957 1196 377 452 680 369 24657
internal_value=9.33759e-05 -0.00322725 0.00438737 -0.00737773 -0.00668173 -0.00902434 -0.0145665 -0.00297034 -0.0211551 0.00530273 -0.00283935 0.00525617 0.000333045 0.00116308 0.00128114 0.0011422 0.00907258 0.0161556 0.00770306 -0.00980051 0.0137607 -0.000999538 -0.000770069 -0.0056726 0.0012135 -0.00444638 0.000915661 0.00107699 0.00519122 0.00060538
internal_weight=10781.8 725.804 226.511 100.441 499.293 417.653 220.274 79.8086 140.465 81.6393 197.379 91.2545 10056 6196.43 6154 6085.88 169.021 125.048 81.6889 106.125 126.07 3859.6 3783.54 394.798 153.696 101.638 5916.86 5820.91 598.624 5222.29
internal_count=115701 5391 1653 720 3738 3137 1442 550 892 601 1695 749 110310 30151 29921 29590 829 605 408 946 933 80159 79116 9790 3833 2637 28761 28309 2972 25337
is_linear=0
shrinkage=0.05


Tree=123
num_leaves=31
num_cat=0
split_feature=9 3 1 0 9 6 6 7 9 0 13 18 38 4 4 10 2 39 9 2 6 12 6 19 12 3 12 8 9 35
split_gain=3.52809 4.00829 3.41737 4.94279 7.5549 7.91517 8.04729 8.72528 12.5122 8.05271 6.48551 5.28737 5.12651 4.88276 4.61682 4.65781 4.47859 4.4019 4.33637 7.44305 7.40386 6.66259 6.16263 5.31727 5.03766 4.99732 4.86691 4.3352 5.64016 5.76222
threshold=-0.64499999999999991 2.8132508026639732e-08 0.66851133087767356 15.083497954451252 1.8100000000000003 0.10716143897725584 0.098161675505181803 0.096153846153846173 0.71500000000000019 14.384093139812011 0.059114735002912061 0.10818713450292398 2300.0000000000005 0.027313079318898193 0.29336717428087988 0.10705873224370806 1.0000000180025095e-35 9.5000000000000018 0.78000000000000014 -0.021126240379193452 0.13337918386061443 0.17512886597938146 0.12768047485683234 0.14317745035233825 0.13807120829828992 0.88212926646513989 0.1220443120461739 0.067117117117117139 0.78000000000000014 12.500000000000002
decision_type=2 8 8 8 2 8 10 2 2 10 8 10 2 10 10 10 2 2 2 2 10 8 8 2 8 10 10 8 2 2
left_child=1 -1 27 4 5 6 7 13 16 -8 -5 -6 -12 17 15 -13 -9 -4 19 22 24 23 -7 26 -20 -22 -21 28 29 -2
right_child=2 -3 3 10 11 18 9 8 -10 -11 12 14 -14 -15 -16 -17 -18 -19 20 21 25 -23 -24 -25 -26 -27 -28 -29 -30 -31
leaf_value=-0.02500345722162638 0.017273863556230593 -0.0027516383214147237 0.0040321028883251167 0.023652132104323945 -0.032940782637802521 -0.030671576959422048 -0.0073918990892400506 0.011575960596385337 -0.032964132121817459 -0.034804841551228191 -0.00020330561768341587 -0.028721896381307239 0.019798943290117915 0.0084695036079540566 0.0061542966391698074 -0.0059166920801763251 -0.015460577724703675 -0.018439840000731633 0.026250371466981892 0.01626888998577122 0.0094692170466786144 0.022223815464863659 -0.0020321849334718959 -0.015526020883957426 0.0047411883357414922 -0.013577711678588325 -0.0053925197363301515 0.0012699861542954944 -0.026838332418396844 -0.0086450622833520088
leaf_weight=20.911131322558504 28.114058557897806 628.7016684494447 46.250548421405256 29.352625532075763 29.466707364656031 34.024216161109507 67.107101758942008 37.435996554791927 49.883171014487743 44.591177510097623 2780.8848149478436 37.921192161738873 32.406787858344615 141.61820719297975 34.57973690610379 54.667669478803873 25.924263314343989 41.208416821435094 62.073744988068938 50.289519756101072 46.202365353703499 38.536096061579883 41.933767314068973 44.701191997155547 48.484804976731539 47.911723338067532 53.53619584068656 6058.0229178459849 29.773935271427035 90.376720894128084
leaf_count=1798 351 33360 329 182 176 266 407 297 225 301 18974 245 203 805 264 379 230 363 245 395 202 264 299 372 208 213 422 52787 147 992
internal_value=0.000104078 -0.00346793 0.000333204 -0.000822342 -0.00370465 -0.0019794 -0.00668209 -0.00287963 -0.0142331 -0.0183354 0.000271051 -0.0138568 2.71037e-05 0.00273291 -0.00943477 -0.0152569 0.000513785 -0.0065561 0.00258579 -0.00166126 0.00804359 0.00369847 -0.0148608 -0.00110803 0.0168176 -0.00226354 0.0050995 0.00106325 -0.0073838 -0.00249533
internal_weight=10776.9 649.613 10127.3 3920.99 1078.35 921.713 454.019 342.321 113.243 111.698 2842.64 156.635 2813.29 229.077 127.169 92.5889 63.3603 87.459 467.694 263.021 204.673 187.063 75.958 148.527 110.559 94.1141 103.826 6206.29 148.265 118.491
internal_count=115701 35158 80543 26266 6907 5843 2957 2249 752 708 19359 1064 19177 1497 888 624 527 692 2886 2018 868 1453 565 1189 453 415 817 54277 1490 1343
is_linear=0
shrinkage=0.05


Tree=124
num_leaves=31
num_cat=0
split_feature=9 31 32 13 19 0 13 9 6 33 2 19 32 13 37 34 6 14 10 35 37 5 10 5 3 19 32 32 34 3
split_gain=3.48417 5.18879 6.39264 4.37624 5.64791 4.57066 4.58618 6.37358 4.70515 4.14686 4.89685 4.58844 5.40129 4.08164 4.04666 3.93939 4.66878 4.29414 4.15253 5.01187 4.21078 5.62793 4.72124 4.35305 4.20281 3.95575 3.66605 3.60773 3.48008 3.44677
threshold=0.19499999999999998 33.500000000000007 102.50000000000001 0.13356807511737093 0.18735730593607305 16.46210392168167 0.18624359479700436 1.6250000000000002 0.13546610582510443 52.850000000000001 0.060888596770230667 0.10539539804284588 41.500000000000007 0.1306379520520114 4.5000000000000009 29.500000000000004 0.089755098282925952 0.22595731324544885 0.14523135447988403 15.500000000000002 4.5000000000000009 0.10897859296141992 0.13128797232375342 0.10208136420919976 0.00064928661318356046 -0.024009915259122602 99.500000000000014 68.500000000000014 14.500000000000002 0.74518860112259078
decision_type=2 2 10 10 2 10 10 2 8 2 2 2 8 8 2 8 8 10 8 2 2 10 10 8 10 2 10 10 8 10
left_child=15 2 9 4 13 6 7 -5 27 11 26 12 -2 -3 -8 -1 29 18 19 24 21 23 -23 25 -18 -21 -11 -9 -6 -17
right_child=1 3 -4 5 28 -7 14 8 -10 10 -12 -13 -14 -15 -16 16 17 -19 -20 20 -22 22 -24 -25 -26 -27 -28 -29 -30 -31
leaf_value=-0.00035015739406365115 0.014349044343438828 0.00055753921747214296 -0.016712639052233684 -0.024574924898687664 -0.0025201677900315235 0.011805385381352418 0.0047839010717884876 -0.025653124988627853 0.0062727019319007288 0.0011610845617718516 -0.015924021806940174 0.019340783861765368 -0.010729245239852423 0.0159472136026023 -0.017013314225535398 -0.0087276728256894601 -0.015855319195107111 -0.032947725915678981 0.0077416886754736085 0.026074264665761744 -0.019775926921214167 -0.0075967212292872184 -0.034504644496555568 0.030653830372034327 0.012488173329941257 -0.0029425415451305292 0.014745486973320466 -0.00081349211353444982 -0.025194612035138786 -0.030578799126227702
leaf_weight=3061.2009071112261 43.115439062938094 284.46550729777664 49.315683126449585 82.207494081929326 36.971406385302544 27.736779124476016 77.829180711880326 34.554593991488218 44.84271109290421 5981.5945897614583 41.67704888433218 66.69675337523222 42.767811004072428 50.773963570594788 29.312252778559923 183.74379893578589 16.113633617118467 10.908552576322107 102.32598452514503 13.044145739404483 50.204506764071994 95.881613974110223 19.641211559530348 12.656002766336313 69.446773988660425 117.97018988116179 50.081676706671715 25.335811940021813 31.204946829006076 20.012554174638353
leaf_count=60624 212 2037 254 356 271 215 609 330 457 29685 214 305 194 346 261 6010 704 148 1941 339 1129 1727 330 264 1857 3626 230 261 243 522
internal_value=9.54689e-05 0.000755594 0.00121836 -0.0032486 0.000220451 -0.00759722 -0.00942721 -0.0141542 -0.00597479 0.00136039 0.00115586 0.00950168 0.00186065 0.00288839 -0.00117948 -0.00112929 -0.00447936 -0.00191553 -0.0012348 -0.00356044 -0.00652235 -0.0039552 -0.0121716 0.00265148 0.00715023 -5.35489e-05 0.00127388 -0.0151451 -0.0128985 -0.0108738
internal_weight=10773.6 7000.48 6275.25 725.235 403.416 321.819 294.082 186.941 104.733 6225.93 6073.35 152.58 85.8833 335.239 107.141 3773.15 711.949 508.193 497.284 394.958 309.398 259.193 115.523 143.67 85.5604 131.014 6031.68 59.8904 68.1764 203.756
internal_count=115701 36480 31094 5386 2897 2489 2274 1404 1048 30840 30129 711 406 2383 870 79221 18597 12065 11917 9976 7415 6286 2057 4229 2561 3965 29915 591 514 6532
is_linear=0
shrinkage=0.05


Tree=125
num_leaves=31
num_cat=0
split_feature=9 6 20 0 35 4 12 2 2 19 6 0 0 18 12 12 38 6 11 0 8 10 31 12 0 10 11 12 11 10
split_gain=5.26937 4.53089 6.96845 5.89021 5.27701 6.067 5.27624 4.60837 8.73374 6.32328 4.32322 7.50198 7.28219 6.54891 5.73884 4.34143 4.11973 6.15134 5.16245 6.15889 5.36882 4.83973 4.77529 4.26099 4.94321 5.13778 4.1061 4.07244 4.06667 4.84588
threshold=0.029999999999999954 0.072586618876941469 0.40839201877934278 13.431618673384161 17.500000000000004 0.12150185349553598 0.16722595078299779 0.031457618059387363 0.027802531762172265 0.011365103964871474 0.10716143897725584 15.209400863231059 15.221251786744267 0.40588235294117653 0.15165043290043292 0.079077644606565925 1650.0000000000002 0.065369188784974136 0.10257922109337204 14.965301317458763 0.089087301587301604 0.12369072481633746 20.500000000000004 0.11551543694400838 14.664855673557538 0.12585423185292427 0.095268348762630864 0.086268915901761375 0.093531297411050776 0.12396906778219911
decision_type=2 10 10 8 2 8 10 2 2 2 10 10 10 8 8 10 2 8 8 10 10 8 2 10 8 8 8 10 10 10
left_child=-1 2 6 4 5 -3 16 8 -5 -10 12 14 13 28 15 -12 17 -2 20 21 -18 -20 23 24 -19 -26 -6 -24 -9 -30
right_child=1 3 -4 7 26 -7 -8 10 9 -11 11 -13 -14 -15 -16 -17 18 22 19 -21 -22 -23 27 -25 25 -27 -28 -29 29 -31
leaf_value=-0.0017447497742974505 0.0033650764450763497 -0.010032222601852218 -0.016830099183586855 0.00039109005938401466 -0.0029259206607268762 0.010650654541789281 -0.010827684082796345 -0.0020829433156047232 -0.030222165915204616 -0.0046571004011933155 0.013145505006306638 0.020111412451247573 -0.014864820408443344 -0.01008033336121259 0.01890275017895221 -0.0057661597053858165 0.0028954055716447734 0.027639880128596101 0.0096209686043756404 0.020295232857811041 -0.017456195648867873 -0.0097689672193824011 0.015387777520599104 0.032857699506470682 -0.002743623969848937 0.022762062605415693 -0.024342328166651165 -0.00457101607422383 0.027879897382741343 0.0046134124558713354
leaf_weight=3003.6399463989655 320.51244090963155 84.953638812527061 39.069462615996599 5833.6791477575898 35.361342590302229 60.854236368089914 51.674280249513686 41.206227954477072 38.833436109125614 64.131794285029173 40.517553921788931 99.933621931821108 61.954905230551958 51.794676259160042 46.583110881969333 120.89440725930035 69.080070609226823 45.011602945625782 67.420458854176104 55.420776261016726 61.0396992219612 61.571395376697183 49.442192142829299 40.673387849703431 51.270470565184951 32.109748631715775 60.969762631691992 52.906868925318122 47.376828726381063 42.415407305583358
leaf_count=73110 1854 474 218 31984 212 323 273 256 198 337 206 447 328 273 217 644 392 220 346 272 370 342 208 204 360 155 367 236 230 217
internal_value=3.24296e-05 0.000723106 0.00386848 0.000257149 -0.00739966 -0.00140004 0.0047125 0.000542851 0.000136305 -0.014299 0.00490981 0.00885232 -5.04416e-05 0.00497066 0.00344276 -0.00101896 0.00559839 0.00805553 0.000974248 0.00635498 -0.00665161 0.000365614 0.0135945 0.0187547 0.014287 0.00707862 -0.0164808 0.00507056 0.0109216 0.0168894
internal_weight=10732.3 7728.66 997.203 6731.46 242.139 145.808 958.133 6489.32 5936.64 102.965 552.677 307.929 244.748 182.793 207.995 161.412 906.459 591.927 314.532 184.413 130.12 128.992 271.414 169.065 128.392 83.3802 96.3311 102.349 130.998 89.7922
internal_count=115273 42163 5450 36713 1376 797 5232 35337 32519 535 2818 1514 1304 976 1067 850 4959 3237 1722 960 762 688 1383 939 735 515 579 444 703 447
is_linear=0
shrinkage=0.05


Tree=126
num_leaves=31
num_cat=0
split_feature=31 5 6 6 3 16 31 11 3 14 14 14 19 18 19 35 14 2 19 12 11 12 14 6 12 19 19 6 38 19
split_gain=4.02395 3.52446 7.14105 7.41274 10.7879 6.31505 9.69106 6.07911 8.23602 7.81715 6.7306 6.95483 5.99633 5.42139 6.11848 5.84686 5.47418 7.00453 7.3449 7.17381 8.54273 6.14569 5.75823 5.71925 7.95967 5.21656 5.14867 7.42586 5.52832 4.88281
threshold=7.5000000000000009 0.16878551973643249 0.094352909912304037 0.10346977384125892 0.74518860112259078 1.0000000180025095e-35 24.500000000000004 0.082809141380174353 0.6669063664608702 0.23656601490526089 0.16426548751288003 0.13349271117088574 0.10359135784804692 0.55050505050505061 -0.04589496348998312 17.500000000000004 0.16141041580328777 -0.021126240379193452 0.1075029343606104 0.17792998477929986 0.092065740366023677 0.14554280670785527 0.18886504530281359 0.15095556908094951 0.15925559947299081 0.21047670732055643 0.15725163161711384 0.13178821199865187 2050.0000000000005 0.065088757396449745
decision_type=2 10 10 10 10 10 2 10 10 10 10 10 2 8 2 2 8 2 2 8 10 10 8 10 10 2 2 10 2 2
left_child=-1 -2 7 4 -4 -6 -7 8 -3 10 11 12 -9 25 -15 -16 23 18 -18 20 -19 -22 -21 24 -17 26 28 -28 -5 -23
right_child=1 2 3 13 5 6 -8 9 -10 -11 -12 -13 -14 14 15 16 17 19 -20 22 21 29 -24 -25 -26 -27 27 -29 -30 -31
leaf_value=-0.0020755524161286168 0.0011929762062281707 0.011574332523270389 -0.023920974120794164 -0.0048434514167533744 0.0035328813931840386 -0.030251481984479234 0.0056707522603794205 0.012642897986772834 -0.014507551032711339 -0.016380243175482714 0.0099371839217157476 -0.014184356176275252 -0.012135143390759787 -0.0095123598652749677 0.017864201767361764 -0.013350194570108548 -0.016269200981477518 -0.018339116745514576 0.010704525534893546 0.030607913486497215 0.011897051171629876 0.0057337894498410572 0.00963558084393034 -0.02031370537656926 0.019024478650534464 0.0059761231212779077 -0.032068358427062411 -0.0036048240369983345 0.011312504476922414 -0.020223085715589194
leaf_weight=1857.5523656528676 5886.1541000017896 44.095004413276911 92.488289427012205 759.74500614777207 126.59560933988541 43.277703650295734 33.161853207275271 88.196528895758092 96.523031210526824 39.744731013663113 432.39675241243094 67.881302585825324 33.764623235911131 106.0672557298094 63.264957865700126 42.002656692638993 73.590947961434722 44.219512751325965 38.409596062265337 43.140397108159959 141.10226270370185 40.222645410336554 135.61893827747554 51.083626214414835 34.645867376588285 123.20802646782249 40.933548182249069 52.054186176508665 56.917079482227564 32.967694018036127
leaf_count=59898 37903 247 549 4475 695 311 157 534 626 240 2378 423 195 717 336 280 432 284 207 223 793 244 773 354 183 701 245 326 337 207
internal_value=4.04181e-05 0.00048387 -0.000918031 -0.00240563 -0.00976682 -0.0033192 -0.0146673 0.00311276 -0.00632879 0.00511832 0.00649151 -0.00135655 0.00578316 -0.00124801 0.00171879 0.00332801 0.00196963 0.00413778 -0.0070188 0.00699538 0.00166984 0.00579871 0.0146969 -0.00735384 0.00128347 -0.00367904 -0.00498679 -0.0161346 -0.00371747 -0.00595817
internal_weight=10721 8863.47 2977.32 2174.72 295.523 203.035 76.4396 802.602 140.618 661.984 622.239 189.842 121.961 1879.19 846.336 740.269 677.004 549.272 112.001 437.271 258.512 214.293 178.759 127.732 76.6485 1032.86 909.65 92.9877 816.662 73.1903
internal_count=115273 55375 17472 12829 1712 1163 468 4643 873 3770 3530 1152 729 11117 5033 4316 3980 3163 639 2524 1528 1244 996 817 463 6084 5383 571 4812 451
is_linear=0
shrinkage=0.05


Tree=127
num_leaves=31
num_cat=0
split_feature=9 9 39 19 18 4 13 5 19 34 11 13 33 4 3 9 18 3 36 19 19 9 14 40 19 9 34 13 2 6
split_gain=4.76853 3.85753 5.27821 5.5687 6.29152 4.86898 4.56564 4.36194 4.70847 7.19178 10.9802 8.40853 7.99525 12.3895 8.4271 7.93704 7.54591 7.34643 6.07946 5.90614 8.28718 7.14805 6.20806 5.48503 5.34834 5.51798 5.04529 4.8091 4.56406 4.27876
threshold=0.029999999999999954 1.2900000000000003 7.5000000000000009 -0.087719298245614058 0.11437908496732027 0.33356039963669387 0.075853471423091692 0.2325672451785617 0.15725163161711384 16.500000000000004 0.092423814597130324 0.075853471423091692 57.050000000000004 0.20473107105266666 0.9988901225428034 1.4550000000000001 0.26969696969696971 0.88212926646513989 8.5000000000000018 0.20317042606516297 0.23105625717566022 1.6700000000000002 0.073785614905329394 1.0000000180025095e-35 0.036617290256672257 1.9199999999999999 22.500000000000004 0.12560679611650488 -0.019165227604172295 0.12602182871143783
decision_type=2 2 2 2 10 10 10 10 2 8 8 10 2 10 8 2 10 10 2 2 2 2 10 10 2 2 10 10 2 8
left_child=-1 5 -3 4 -4 -2 -7 8 9 10 17 -12 15 14 16 -11 -14 -5 19 21 -21 -10 -22 -20 25 -13 -15 29 -24 -17
right_child=1 2 3 7 -6 6 -8 -9 18 12 11 24 13 26 -16 27 -18 -19 23 20 22 -23 28 -25 -26 -27 -28 -29 -30 -31
leaf_value=-0.0016631903623853307 0.0017118143043296523 -0.0082807585604623545 -0.023528419323567383 0.01850726441967597 0.0001978538470624471 0.0064942069800966911 -0.0079982437673662143 -0.011024049748395966 -0.024552613502532294 0.028873096588495045 -0.023846393820797968 -0.0037496470848216779 0.010700166474509344 0.025687776196815927 -0.027426404818276136 -0.0023598597184743626 -0.014340670169096693 -0.0036704863947838681 -0.021935911383368336 0.019955557324640785 -0.016297323067835892 0.00063697306258210474 -0.0024635267155315738 -0.002674588838646577 -0.0077110321973066949 0.017721136476990831 0.0034891826803503051 0.019922756951212071 0.015129948893101285 0.014571317998712885
leaf_weight=2998.293684533739 5356.1368644330651 231.64363817730919 53.186492750421166 96.172060541808605 58.863802254199982 70.199217822402716 240.62501274235547 79.089455667883158 44.821948820725083 59.97760858014226 55.246740724891424 69.226301591843367 62.872986171394587 49.669629501178861 41.408259333111346 102.6913436036557 57.690874030813575 61.040840106084943 67.626838470809162 66.166880296543241 47.242562811821699 75.777331819757819 94.37220978923142 81.510864928364754 203.48744179587811 52.708543853834271 52.811460520140827 64.759255570359528 60.491396522149444 58.613363452255726
leaf_count=73110 29472 2002 239 427 254 429 1480 417 185 210 277 302 274 242 215 486 303 316 312 312 228 416 472 396 1033 277 258 337 283 309
internal_value=2.89653e-05 0.000686494 -0.00117264 -0.000266713 -0.0110642 0.00135876 -0.00472514 0.000442686 0.0010003 0.00289179 -0.00122001 -0.00581096 0.00690938 0.000642522 -0.0079659 0.0127033 -0.0012821 0.00989634 -0.00282612 0.00046541 0.00459686 -0.00872499 -0.000431377 -0.0114087 -0.0027491 0.00553149 0.0142482 0.00841319 0.00440867 0.00379243
internal_weight=10714.4 7716.13 2049.17 1817.53 112.05 5666.96 310.824 1705.48 1626.39 1088.38 537.882 380.669 550.495 264.453 161.972 286.042 120.564 157.213 538.01 388.872 268.273 120.599 202.106 149.138 325.422 121.935 102.481 226.064 154.864 161.305
internal_count=115273 42163 10782 8780 493 31381 1909 8287 7870 5266 2632 1889 2634 1292 792 1342 577 743 2604 1896 1295 601 983 708 1612 579 500 1132 755 795
is_linear=0
shrinkage=0.05


Tree=128
num_leaves=31
num_cat=0
split_feature=1 4 33 16 14 6 6 32 2 19 2 20 1 4 1 7 3 6 20 10 4 34 15 11 6 13 14 6 4 32
split_gain=3.56966 4.72785 5.43448 3.7343 2.62988 4.65658 4.52202 4.25682 6.01424 4.11581 4.01157 4.44758 6.72079 5.36874 3.96106 3.91277 3.42021 4.3256 5.64113 3.62112 3.38593 3.54423 3.3165 3.29592 5.17684 3.38581 4.40669 4.15894 3.68681 3.59478
threshold=0.96976192012730367 0.15141307850747529 56.750000000000007 1.0000000180025095e-35 0.056978421984652729 0.15003320053120853 0.13178821199865187 52.500000000000007 0.0021366732405324719 -0.037433155080213894 -0.008845709330709715 0.2814700704225353 0.39999709410999001 0.25895575592367376 0.70761629976822371 0.08846153846153848 0.88212926646513989 0.12001984126984129 0.2890227576974565 0.12903921923510661 -0.10336380552203515 23.500000000000004 1.0000000180025095e-35 0.15098190219484023 0.11215841654525427 0.073350071736011491 0.048400560073240353 0.064646977841877548 0.050290570237064881 33.500000000000007
decision_type=10 8 2 8 8 8 10 10 2 2 2 10 10 10 10 2 10 10 10 10 10 8 8 8 10 8 10 10 10 10
left_child=4 2 -2 -4 5 6 7 8 10 -7 11 13 -13 15 -9 -1 23 18 19 -18 21 -12 -11 24 25 29 27 -27 -29 -10
right_child=1 -3 3 -5 -6 9 -8 14 16 22 20 12 -14 -15 -16 -17 17 -19 -20 -21 -22 -23 -24 -25 -26 26 -28 28 -30 -31
leaf_value=0.0083027005593439892 0.00013776486881145967 0.008209358571880673 -0.0092133501806646555 -0.034244542814106917 0.00033769886566268654 0.0074757790915597616 0.011756729278893712 -0.0058608078028564957 -0.017486414100548808 -0.029483734355752186 -0.021335584573913186 0.012262077925686425 -0.036232280506835149 0.031123316738760145 -0.025709225080071764 -0.015844862875976723 -0.0030946102743576666 0.033803676382386495 0.022884917886474884 -0.032509594768502147 0.026586454698662765 0.022847868603546422 -0.0019470771564106164 0.01442392277228724 -0.040005520906080214 -0.038642681720980621 -0.028696370476492108 -0.0056047673529563621 0.032986498862295079 0.024486126290191729
leaf_weight=56.89227131404914 43.852621467434801 34.062323367223144 27.050069322809577 33.172286503948271 9893.4965609849314 15.603239179472437 58.389651852077805 121.97865063068457 8.3607423666981067 38.617227112874389 9.3161604860797542 12.493083904497327 16.688481598161161 18.38344774954021 31.660498979967088 23.790659910533577 55.136362511606421 9.2908020629547519 17.877116442425177 12.913168482715262 36.675137921236455 8.8510158958379161 15.253465044894254 11.411123913945628 16.125266920775175 7.3258209337363942 31.444610681151971 29.136854140553623 7.8579772873781613 13.085343190701677
leaf_count=948 335 275 198 255 100959 359 887 2021 346 439 292 331 146 115 301 388 1462 172 379 329 419 274 273 314 429 255 979 1064 92 237
internal_value=2.60361e-05 -0.00795962 -0.0132515 -0.0230013 0.00013032 -0.0028668 -0.00148087 -0.00286932 -0.000169882 -0.0151371 0.00652468 0.00168488 -0.0154711 0.00673845 -0.00995098 0.0011824 -0.00574217 0.0013942 -0.00211007 -0.00867644 0.0178425 0.000190515 -0.0216867 -0.0111892 -0.013768 -0.00941581 -0.0143804 -0.00422348 0.0025923 0.00812316
internal_weight=10716.2 138.137 104.075 60.2224 10578.1 684.558 615.084 556.695 403.055 69.4739 183.09 128.248 29.1816 99.0664 153.639 80.6829 219.965 95.2174 85.9266 68.0495 54.8423 18.1672 53.8707 124.748 113.337 97.2113 75.7653 44.3207 36.9948 21.4461
internal_count=115273 1063 788 453 114210 13251 12180 11293 8971 1071 2913 1928 477 1451 2322 1336 6058 2342 2170 1791 985 566 712 3716 3402 2973 2390 1411 1156 583
is_linear=0
shrinkage=0.05


Tree=129
num_leaves=31
num_cat=0
split_feature=9 1 32 6 3 32 0 14 9 14 32 13 6 14 36 9 6 9 3 32 38 8 6 8 0 1 35 13 20 12
split_gain=4.62665 4.06726 7.10069 8.78645 7.53301 5.89843 11.6153 8.88201 7.26015 6.46766 6.91975 7.83365 5.24341 5.68815 8.63361 6.90624 4.8982 7.27517 6.21583 6.66089 4.47137 6.31395 5.31002 4.25332 7.28161 6.36089 5.55769 5.97176 4.24556 4.22766
threshold=-0.55499999999999983 0.5634615325598491 40.500000000000007 0.17076189326249702 0.54613805680532712 34.500000000000007 14.831424965622306 0.14161798992203367 1.3450000000000004 0.13506801255616424 27.500000000000004 0.074227119681665149 0.065369188784974136 0.069629068086456761 6.5000000000000009 1.1850000000000003 0.072586618876941469 0.47500000000000003 0.9944653727869458 97.500000000000014 1650.0000000000002 0.083920187793427234 0.064646977841877548 0.083920187793427234 16.21029780533819 0.21207811401742049 16.500000000000004 0.095413165266106451 0.42923898531375171 0.093080255357957151
decision_type=2 8 8 10 8 10 8 10 2 8 10 10 10 8 2 2 10 2 10 10 2 8 10 10 10 10 2 10 8 8
left_child=-1 16 3 4 -3 7 8 9 -7 10 -6 -12 -8 -14 -15 -16 17 -2 19 23 21 -19 -23 24 25 26 27 -18 -9 -28
right_child=1 2 -4 -5 5 6 12 28 -10 -11 11 -13 13 14 15 -17 18 20 -20 -21 -22 22 -24 -25 -26 -27 29 -29 -30 -31
leaf_value=-0.0033609593075019542 0.0010540696341216572 0.014163235071699396 0.00024042282184354429 -0.029101432810814277 -0.02016941678341401 -0.028105740557271955 0.014744213479883229 -0.002176376249623481 -0.0032240962013888874 0.020121573498524885 0.022936512711344451 -0.0021671455815041782 0.010263629829373504 -0.0022106764212431384 -0.036817558884529276 -0.0078827769981933294 0.017813384110910893 0.031355443335556642 0.0074523339897882629 -0.017937659648630293 0.0027106889189192872 0.0022858351019250222 0.021903007121222975 0.0016284228388283976 -0.020963906862627609 -0.0031071114216073333 -0.026580293052529493 -0.011627485842700997 -0.023532062937211041 0.0047349167991217389
leaf_weight=920.71520077128662 411.92334355739877 55.715178780257702 4543.2171660992317 35.207958054728806 32.299119390547276 96.815203938633204 35.57668917812407 46.85297360830009 42.05160191655159 56.993305047042668 44.427593168802559 103.40964502468705 48.05293136741966 176.01563902013004 39.745304372161627 42.862271353602409 104.20141679281369 48.920438403263688 316.0855790390633 50.32093854341656 97.644906202331185 82.182480871677399 59.448897335678339 2230.099202410318 49.427842956967652 831.62840952258557 17.692138659767807 20.635249058715999 46.242115976288915 27.577683666720986
leaf_count=42617 4996 398 29512 245 217 777 235 240 210 340 290 775 331 1174 403 222 1170 203 2629 354 446 394 258 18234 469 7102 215 241 278 298
internal_value=2.77077e-05 0.000346293 -0.000564192 -0.0046157 -0.00362142 -0.0048427 -0.00837464 0.000303154 -0.0205711 0.00544112 0.000796374 0.00537693 -0.00342602 -0.0055339 -0.00846913 -0.0218043 0.00148665 0.00531733 0.000751405 0.000115651 0.0114109 0.0158691 0.01052 0.000392514 -0.00222953 -0.00130514 0.00750447 0.0129469 -0.0127842 -0.00750355
internal_weight=10714 9793.27 5445.48 902.268 867.06 811.344 481.12 330.225 138.867 237.13 180.136 147.837 342.253 306.676 258.623 82.6076 4347.79 700.12 3647.67 3331.58 288.197 190.552 141.631 3281.26 1051.16 1001.73 170.106 124.837 93.0951 45.2698
internal_count=115273 72656 35647 6135 5890 5492 3352 2140 987 1622 1282 1065 2365 2130 1799 625 37009 6297 30712 28083 1301 855 652 27729 9495 9026 1924 1411 518 513
is_linear=0
shrinkage=0.05


Tree=130
num_leaves=31
num_cat=0
split_feature=31 34 34 33 13 0 6 19 37 20 4 19 1 0 0 4 18 4 0 8 37 31 1 14 13 6 14 34 20 1
split_gain=4.28858 7.15118 4.63353 5.38629 6.31709 5.82952 5.3074 5.09403 3.79283 3.78142 3.77103 3.78061 4.21546 3.51655 3.27133 6.88682 9.06259 9.98201 6.77418 6.85616 6.58556 9.72077 13.9965 6.38647 6.3844 5.62616 5.4754 8.64961 7.98753 6.31363
threshold=9.5000000000000018 77.500000000000014 6.5000000000000009 56.95000000000001 0.075853471423091692 15.209400863231059 0.11104882909815646 0.1006242624947661 7.5000000000000009 0.31601439496176342 -0.11090313154741471 0.044240252147831866 0.37154098758268345 14.740257159874904 16.46210392168167 0.092241966108981457 0.35504201680672276 0.06335890675376081 16.640614724040805 0.087337909992372245 3.5000000000000004 17.500000000000004 0.43157012865137351 0.22795235115322729 0.078501400560224102 0.12832595870206492 0.20171381021433341 76.500000000000014 0.37225340817963121 0.49728126250014087
decision_type=2 10 8 2 10 8 8 2 2 8 10 2 10 8 8 8 10 10 10 8 2 2 8 10 10 10 8 10 10 8
left_child=1 8 3 13 -5 6 -6 -7 10 -3 11 12 -1 -2 -4 16 -16 18 19 -18 26 -22 -23 24 -21 -19 27 29 -28 -17
right_child=2 9 14 4 5 7 -8 -9 -10 -11 -12 -13 -14 -15 15 20 17 25 -20 23 21 22 -24 -25 -26 -27 28 -29 -30 -31
leaf_value=0.0017012188336637327 0.0056776031951782059 0.014020969690836386 -0.00033866401013878626 0.019733538809645429 0.013679395144065146 -0.026288248706492736 -0.009136565820625971 0.00013981272955969118 -0.01088851239155729 -0.016628088735123663 0.00091282347737057308 -0.0081125384008166358 -0.0073970728742580247 0.024699433056220195 -0.00039518232206734659 0.0097902859737996478 0.027266316116581514 0.031663579096120137 -0.0079211544751306342 0.020828177963126374 -0.013677130799271277 0.022790167041742339 -0.0041478640984367937 0.025903713743285428 0.00201699182867937 0.0096048680839005401 -0.0064710356375656851 0.026098454300554283 0.01142266018049865 0.00057631085458703657
leaf_weight=425.98988718329929 43.248518150299788 11.130149695323778 4559.1052748672664 42.558069115504622 71.681757085025311 35.244585981592536 39.552483914420009 37.777455895207822 93.277303908136673 105.0374832203961 1500.9386072669877 271.7692891106708 181.57624065421987 55.447139283642173 493.31209623627365 240.62663104571402 41.929000033065677 64.607494378462434 78.1094114407897 51.487892063334584 194.57735739275813 57.590864593163133 296.34398165997118 37.464247394353151 363.86209599860013 52.310804007574916 340.03572324756533 40.922937273979187 76.374637820757926 817.76135691441596
leaf_count=17039 222 384 26172 237 364 217 225 196 2290 4223 30549 9386 4964 304 2865 1388 211 326 459 292 1434 228 1492 197 2100 290 1915 236 447 4725
internal_value=0.000204564 -0.00156745 0.000768884 0.00661373 0.00237099 -0.00163928 0.00556653 -0.0126159 -0.00099805 -0.0136916 -0.000610466 -0.00321057 -0.00101788 0.0163641 0.000525167 0.00173795 0.00477946 0.00848027 0.00576292 0.00792334 -5.24028e-06 -0.00469989 0.000235385 0.00613225 0.00434888 0.0217942 0.00169367 0.00354323 -0.00318912 0.00267113
internal_weight=10721.7 2589.72 8131.93 325.51 226.814 184.256 111.234 73.022 2473.55 116.168 2380.27 879.335 607.566 98.6957 7806.42 3247.32 1183.08 689.771 572.853 494.743 2064.23 548.512 353.935 452.814 415.35 116.918 1515.72 1099.31 416.41 1058.39
internal_count=115377 68835 46542 1765 1239 1002 589 413 64228 4607 61938 31389 22003 526 44777 18605 6740 3875 3259 2800 11865 3154 1720 2589 2392 616 8711 6349 2362 6113
is_linear=0
shrinkage=0.05


Tree=131
num_leaves=31
num_cat=0
split_feature=9 9 4 1 20 19 9 20 16 4 5 9 16 6 4 9 8 12 31 8 12 6 1 4 31 35 9 13 13 31
split_gain=4.33983 7.29362 7.98527 4.90708 4.24754 4.81331 5.53539 5.36485 5.03404 4.65616 4.31489 9.1835 4.80279 4.92359 6.80745 5.74931 8.03636 7.64516 6.41316 5.52974 5.81117 5.19215 4.85543 6.20854 4.21655 8.32913 7.06275 5.50116 4.11503 4.63566
threshold=0.029999999999999954 1.3150000000000002 0.51487676466477195 0.063844354649984628 0.24253565062388596 -0.087719298245614058 1.6250000000000002 0.29179606625258808 -549.99999999999989 -0.034952397000589774 0.22930933778487658 1.9950000000000001 -249.99999999999997 0.17883486781887689 0.17318435754189954 2.0450000000000004 0.17108013937282232 0.16405676535356009 35.500000000000007 0.087337909992372245 0.081002968286205304 0.076708437110834388 0.72756076815820592 0.16740746593969566 30.500000000000004 18.500000000000004 1.5250000000000001 0.10211529867421422 0.094467108618052034 45.500000000000007
decision_type=2 2 10 8 8 2 2 8 8 8 10 2 8 10 8 2 10 10 2 8 10 8 10 10 2 2 2 8 8 2
left_child=-1 2 3 -2 -3 6 -6 -7 -9 -10 12 -12 22 15 -15 16 19 28 -19 20 -14 -21 23 -11 25 26 -23 -27 -17 -30
right_child=1 4 -4 -5 5 7 -8 8 9 10 11 -13 13 14 -16 17 -18 18 -20 21 -22 24 -24 -25 -26 27 -28 -29 29 -31
leaf_value=-0.0014118637538651417 0.02008448345300607 0.012253479982029506 -0.017133703332370544 0.0017870008324976806 -0.026511169886314131 -0.015960381632911108 -0.0033137176342311041 0.011208464879970993 -0.012956920357365323 -0.016450994388641428 -0.023453340804663689 0.0046858098188503373 0.0059831565647703935 -0.027535414225997874 0.00084713710328654422 0.00092973962572375282 -0.013013650809609154 0.027583007109011598 -0.0021875193203728808 -0.0039059312936337836 -0.017597066378757395 -0.0077115494430505015 -0.020900812562696842 0.0084224508251994484 0.0017087288888968741 0.031946391435595196 0.013220884324415906 0.013881322861389867 -0.012760145886270195 0.0054486267594323397
leaf_weight=2980.4684186680824 36.879149697721004 52.147058976814151 55.611146094277501 5700.9861666848883 42.521860564127564 62.661689525470138 65.067742506042123 79.659327232278883 86.439979638904333 43.896087378263474 61.971668135374784 54.489810028113425 58.74082138389349 35.648195898160338 51.860029047355056 152.54489401914179 60.880210008472204 34.950925722718239 37.498703156597912 78.980067754164338 47.060985654592514 69.773829646408558 52.796252008527517 58.550061091780663 117.3469812721014 61.969229735434055 95.386978566646576 131.71304767020047 198.96497261151671 42.402580628637224
leaf_count=73129 223 249 355 31291 193 319 315 386 426 209 307 423 235 235 345 921 326 162 470 317 210 294 296 277 686 210 380 499 1076 613
internal_value=0.000208995 0.000834 0.00172186 0.0019046 -0.00182301 -0.00221268 -0.0124819 -0.00159064 -0.00106516 -0.00166356 -0.00103271 -0.0102876 -0.00027948 0.000731004 -0.0107151 0.00157397 0.00436952 -0.00275309 0.0121743 0.00597064 -0.0045054 0.00796711 -0.00858325 -0.00223531 0.00993636 0.0126269 0.00437777 0.0196613 -0.00549858 -0.00956129
internal_weight=10709.9 7729.4 5793.48 5737.87 1935.92 1883.78 107.59 1776.19 1713.53 1633.87 1547.43 116.461 1430.96 1275.72 87.5082 1188.21 721.852 466.362 72.4496 660.972 105.802 555.17 155.242 102.446 476.19 358.843 165.161 193.682 393.912 241.368
internal_count=115377 42248 31869 31514 10379 10130 508 9622 9303 8917 8491 730 7761 6979 580 6399 3157 3242 632 2831 445 2386 782 486 2069 1383 674 709 2610 1689
is_linear=0
shrinkage=0.05


Tree=132
num_leaves=31
num_cat=0
split_feature=34 0 32 12 35 31 19 11 11 13 12 39 35 8 31 39 19 19 2 34 38 31 31 0 10 11 10 10 0 13
split_gain=3.83034 6.36765 7.62075 6.91383 6.71956 10.7594 9.90245 6.22959 6.29284 5.99129 5.83074 5.73777 5.73767 6.9061 10.8227 6.07048 5.71877 5.53549 5.49127 5.78578 5.75746 5.45283 6.30026 6.14697 13.4885 12.5637 10.7072 12.7164 6.93651 8.65082
threshold=29.500000000000004 16.135073629668195 102.50000000000001 0.069098143236074286 19.500000000000004 8.5000000000000018 0.079455266955266932 0.095268348762630864 0.082809141380174353 0.089647914274779958 0.17033365570599615 6.5000000000000009 19.500000000000004 0.12390350877192984 12.500000000000002 13.500000000000002 0.1177754944772669 1.0000000180025095e-35 0.016537520805240652 19.500000000000004 1550.0000000000002 36.500000000000007 30.500000000000004 14.806483532096614 0.092787184411723608 0.12001283697047498 0.093674452944350631 0.12099460119899753 16.421110283676313 0.14339826839826844
decision_type=8 8 10 8 2 2 2 10 8 10 10 2 2 8 2 2 2 2 2 10 2 2 2 8 10 8 10 10 10 10
left_child=12 2 3 16 5 -3 -6 8 -7 -9 -11 -8 -1 14 15 -14 17 -2 19 20 -16 22 23 26 -25 -26 -15 -28 29 -27
right_child=1 4 -4 -5 6 7 11 9 -10 10 -12 -13 13 21 18 -17 -18 -19 -20 -21 -22 -23 -24 24 25 28 27 -29 -30 -31
leaf_value=3.4014057944711512e-05 -0.019462177017290375 -0.0069853814666899928 -0.039431968204599648 -0.003545678571831864 0.00012403826930499842 0.010083991508562297 0.012547716516552601 0.022209946119212204 -0.013392235216755161 0.0027267155131529114 0.024454195050038777 -0.018660364277074692 -6.4987546204138769e-05 0.013678498727365478 -0.0032406758418156811 -0.034585917636577583 0.0093518472800465623 -0.061648821680222558 0.028404664267028198 0.025116490785985563 0.014206352885135241 -0.0078436734995960804 0.013519498418528267 -0.014772988977431192 0.016643510372613506 0.010716605688594647 -0.026064658298420418 0.00026987843205795352 -0.019107392567437702 -0.0050182018845394329
leaf_weight=7319.1162776986021 23.672588379937224 154.1621281990665 16.505600332748145 581.21077434526524 480.33000881772023 58.533977780491114 16.712144288700074 101.60296465083957 55.715626241639256 151.09467940684408 38.808609702624381 124.06470951484516 82.357802889542654 55.680230961181223 83.966059107333422 15.064362051198257 10.10192227642983 11.579316766466944 52.878364637494087 53.936330534517765 108.24184154998511 139.44384816754609 118.85142868198454 85.895557974930853 199.37611812073737 187.89838435174897 81.839179121190682 104.21546496707015 37.92342596501112 163.24213374196552
leaf_count=79398 687 5947 117 7725 5112 385 148 578 366 950 216 2137 1364 442 437 269 129 180 241 240 512 1205 496 719 1370 1339 650 698 265 1055
internal_value=0.00019424 -0.00189283 -0.0058963 -0.00501287 0.000287061 0.00425927 -0.00329382 0.00853154 -0.00136456 0.0124101 0.00716694 -0.0149555 0.00062248 0.00336441 0.00907045 -0.00540295 -0.023815 -0.0333194 0.0137859 0.0106454 0.00658461 0.00143815 0.00268877 0.00128359 0.00373585 0.00643762 -0.00555717 -0.0113138 0.0012076 0.00340163
internal_weight=10714 1824.1 643.07 626.565 1181.02 559.918 621.107 405.756 114.25 291.506 189.903 140.777 8889.93 1570.81 396.445 97.4222 45.3538 35.2519 299.023 246.144 192.208 1174.37 1034.92 916.07 674.336 588.44 241.735 186.055 389.064 351.141
internal_count=115377 24677 8838 8721 15839 8442 7397 2495 751 1744 1166 2285 90700 11302 3063 1633 996 867 1430 1189 949 8239 7034 6538 4748 4029 1790 1348 2659 2394
is_linear=0
shrinkage=0.05


Tree=133
num_leaves=31
num_cat=0
split_feature=12 11 8 2 16 5 31 13 14 8 32 33 31 14 38 4 0 1 19 20 33 31 32 14 1 4 11 4 32 33
split_gain=3.67687 6.0656 5.89697 5.54237 6.14183 5.98027 5.1325 4.63804 5.23397 3.88089 4.22115 3.84983 3.67755 3.37299 6.63394 7.93404 4.90044 5.25965 4.71895 4.75954 6.48066 4.86045 4.8265 4.98386 4.75057 6.43118 4.71009 3.98767 3.86272 6.46982
threshold=0.051414221517314306 0.084759066599260316 0.069971440228478191 0.040414158046716074 1.0000000180025095e-35 0.093071450002143077 16.500000000000004 0.057307060755336627 0.070554161455821579 0.075235849056603785 33.500000000000007 56.95000000000001 9.5000000000000018 0.069629068086456761 1450.0000000000002 0.33356039963669387 16.298964807058361 0.87677742980094153 -0.19230769230769226 0.52532051282051295 58.050000000000004 17.500000000000004 83.500000000000014 0.054699373100303962 0.57003081171495984 -0.027567626252814267 0.11022833067710225 0.25895575592367376 68.500000000000014 56.650000000000013
decision_type=8 8 8 2 8 10 2 8 10 8 8 2 2 8 2 8 10 10 2 8 2 2 10 10 8 10 10 10 10 2
left_child=1 9 -3 4 5 -4 -6 8 11 10 -1 -2 -11 14 18 16 17 28 -9 20 -20 22 23 24 27 -26 -17 -21 -16 -30
right_child=7 2 3 -5 6 -7 -8 13 -10 12 -12 -13 -14 -15 15 26 -18 -19 19 21 -22 -23 -24 -25 25 -27 -28 -29 29 -31
leaf_value=-0.025981318643325754 0.010039841587916268 -0.021766916369894238 0.0083264948785255182 0.03278823488011668 -0.00057121956635957445 -0.023611839862365213 0.0309562713708216 -0.013781131263055083 0.017145358319581666 -0.00875307809006012 0.0086020819123507168 -0.024186398016574365 -0.036745295198876878 0.00055953205200817994 -0.0061281441536640523 -0.0083771693628470218 0.018099977419141707 -0.033229217278963288 0.0057866209209278055 -0.0029844739499798718 0.03473379827258246 -0.0091635579756265805 0.03237965165625941 0.0068044455754295713 -0.0018131743615424044 -0.038419625740227961 -0.037157967964157455 0.027932939176465905 0.023642437851553132 -0.0046364382793274523
leaf_weight=14.14037470682524 17.016854121698998 25.802326041273773 25.162782283150591 15.190201377437914 29.747322841896676 35.103777128504589 22.805374501273036 48.343095000542235 81.413132786867209 19.336061178008094 23.465599211165681 15.886201887391506 29.841915278695524 9041.4045130776358 438.98742342751939 26.792035310063511 23.833426219411194 16.08509020274505 147.50119133398402 78.431568365660496 22.2520036988426 114.08287587761879 13.214511427097021 190.98403907904867 26.688568756682798 21.797507922630757 30.283749536494724 12.028747672680764 31.202704864321277 57.494288120651618
leaf_count=264 291 409 445 329 604 330 100 1587 824 661 312 199 218 87865 8007 463 279 145 2679 2301 234 557 164 3497 671 263 461 111 353 754
internal_value=0.000187221 -0.00592396 3.93529e-05 0.00443475 0.000617183 -0.0102768 0.0131102 0.000327845 0.0103439 -0.0164931 -0.00440176 -0.00648522 -0.0257392 0.000217126 -0.00216428 -0.00587802 -0.00409115 -0.00506379 0.00127095 0.00243153 0.00958115 -0.000222876 0.00274957 0.00156281 -0.0056419 -0.0182701 -0.0236479 0.0011267 -0.00420524 0.00531178
internal_weight=10696.3 240.596 153.812 128.009 112.819 60.2666 52.5527 10455.7 114.316 86.784 37.606 32.9031 49.178 10341.4 1300 624.679 567.603 543.77 675.324 626.981 169.753 457.228 343.145 329.93 138.946 48.4861 57.0758 90.4603 527.684 88.697
internal_count=115377 3672 2217 1808 1479 775 704 111705 1314 1455 576 490 879 110391 22526 10462 9538 9259 12064 10477 2913 7564 7007 6843 3346 934 924 2412 9114 1107
is_linear=0
shrinkage=0.05


Tree=134
num_leaves=31
num_cat=0
split_feature=37 40 16 5 8 12 14 38 12 12 5 2 34 12 14 32 12 11 6 7 14 14 32 8 18 14 12 32 33 10
split_gain=3.57259 5.89081 7.18997 4.69249 4.1094 4.99499 5.60575 4.16129 4.95528 4.06185 3.62527 3.20306 3.13503 4.88591 7.74755 6.12576 8.89252 6.37629 6.11692 5.68242 7.112 10.0985 6.43351 5.95065 6.28696 6.23495 4.88055 8.09965 6.32099 4.56984
threshold=7.5000000000000009 1.0000000180025095e-35 250.00000000000003 0.12157251457103017 0.17521929824561405 0.089943820224719112 0.16677447175506685 1950.0000000000002 0.13732974105672807 0.077221228384019097 0.080740376642785175 0.0078266665795793666 7.5000000000000009 0.11915683704674532 0.19913823491215379 41.500000000000007 0.069098143236074286 0.099673115339009313 0.10006105006105008 0.16153846153846158 0.16328248471105616 0.12936664386960081 71.500000000000014 0.10741758241758244 0.37171052631578955 0.079494581955817503 0.066915422885572159 57.500000000000007 57.050000000000004 0.090942172819902092
decision_type=2 10 10 8 10 8 8 2 10 10 10 2 8 10 10 10 10 8 10 2 10 8 10 10 8 10 8 10 2 10
left_child=12 2 3 11 5 9 7 8 -7 10 -3 -2 13 15 -15 18 17 -17 -1 20 21 22 23 24 29 -26 27 -14 -29 -18
right_child=1 4 -4 -5 -6 6 -8 -9 -10 -11 -12 -13 26 14 -16 16 19 -19 -20 -21 -22 -23 -24 -25 25 -27 -28 28 -30 -31
leaf_value=0.0044902837784785571 -0.0082597221060738846 -0.020117016685332154 -0.047229749819810041 -0.022266375307330954 0.01888997642754401 -0.0047843111277349817 -0.024898569033555591 -0.022517567521650933 0.025857383588449512 0.018381995218124485 0.007065860496161782 0.023608051686004453 -0.0020234646408486541 -0.0044619177996910913 0.015981541049901526 0.01010603976345892 0.0042706692607138294 0.036586829496437677 -0.0075559692290519025 -0.006453833767385498 -0.0064600690145740006 0.024833029398368577 0.02901560624145812 0.014333148923391407 0.031172147147260954 -0.0061765451181223794 0.00035911608038845428 -0.0031491677568815674 -0.030925021477704037 -0.022866560377842626
leaf_weight=293.64732512627961 20.554174515185878 19.674995272187516 15.439909324049948 34.882235202472657 23.414716830477118 47.687223531771451 40.53298190003261 19.657144785160199 18.241195044014603 37.587011347291991 32.570374576374888 12.792448044987394 712.68984073633328 376.71115872613154 52.845427796244621 49.680210255784914 22.790572970407084 41.908906479598954 164.37119060673285 85.687231529504061 70.204264599829912 93.503015970345587 24.460458169225603 61.017822825466283 19.279181791818701 26.580745889805257 8135.5605462610256 36.973898563534021 45.923656340921298 48.585658357013017
leaf_count=4461 316 376 227 365 161 587 367 248 150 449 401 215 9979 3357 296 495 269 350 2259 809 438 781 204 552 261 314 85218 433 480 559
internal_value=0.000180335 -0.00499777 -0.0164182 -0.00944568 -0.00100583 -0.00316306 -0.00958087 -0.00232647 0.00369369 0.00584711 -0.00317089 0.00396541 0.000341756 0.00251422 -0.0019469 0.00442724 0.00801597 0.022223 0.00016719 0.00513788 0.00784858 0.0112398 0.00496981 0.00167019 -0.00492049 0.00952457 -6.3955e-06 -0.00374406 -0.0185365 -0.0142016
internal_weight=10685.5 323.034 83.6688 68.2289 239.366 215.951 126.119 85.5856 65.9284 89.8324 52.2454 33.3466 10362.4 1431.27 429.557 1001.72 543.698 91.5891 458.019 452.109 366.422 296.217 202.714 178.254 117.236 45.8599 8931.15 795.587 82.8976 71.3762
internal_count=115377 3862 1123 896 2739 2578 1352 985 737 1226 777 531 111515 15405 3653 11752 5032 845 6720 4187 3378 2940 2159 1955 1403 575 96110 10892 913 828
is_linear=0
shrinkage=0.05


Tree=135
num_leaves=31
num_cat=0
split_feature=11 13 12 13 12 32 8 1 18 5 18 3 35 1 18 37 2 31 13 13 6 1 5 2 5 5 6 31 11 32
split_gain=4.85065 4.56936 4.49026 5.75948 5.15102 4.5308 3.61181 3.63401 4.47489 5.12945 3.68211 3.50007 5.19814 8.1007 9.57703 8.76126 6.50492 9.01212 6.22762 9.20574 5.99082 9.18253 6.12032 6.60615 5.36222 6.20149 5.32376 7.84111 5.14995 5.01964
threshold=0.22926223241590218 0.30583900226757377 0.24568837347606307 0.22540322580645164 0.23354978354978359 84.500000000000014 0.24283374283374287 0.94135313668913156 0.63068181818181823 0.19212700833501387 0.44949494949494956 0.90997320306675233 19.500000000000004 0.69922146534833396 0.62202380952380965 4.5000000000000009 -0.0358805066534146 14.500000000000002 0.15165043290043292 0.13215343832839546 0.086987533337468226 0.79711436871836916 0.075009667440061892 -0.0096424532113769147 0.18146277781315676 0.22479252332939037 0.094598516101708233 20.500000000000004 0.12060852508154811 54.500000000000007
decision_type=10 10 10 10 10 10 10 10 10 10 10 8 2 10 10 2 2 2 10 8 8 10 8 2 10 10 10 2 8 8
left_child=1 2 4 -4 6 -6 7 11 10 -10 -9 12 13 -1 20 -16 18 -18 19 28 21 22 -15 -24 -19 -26 27 -22 -14 -28
right_child=-2 -3 3 -5 5 -7 -8 8 9 -11 -12 -13 16 14 15 -17 17 24 -20 -21 26 -23 23 -25 25 -27 29 -29 -30 -31
leaf_value=0.0012775058198422045 -0.019181880568240252 0.023083112096236896 0.003590690898464843 -0.021041848580054326 -0.00010639477734368866 0.027812777170822218 0.018915068846080064 -0.0064691819468898348 -0.024081017986057138 0.0015979606586661169 0.011051367766092363 -0.00096759783260305069 0.0021398007794112151 0.009925880095866698 0.0096222605507367501 -0.011802805671788931 -0.0015442039814686365 0.0067834441374687252 -0.015618126787194202 0.018979569215066324 -0.0071849062702111464 -0.031855397691254062 -0.0034882099692250274 -0.02825562590792113 0.024173316216930179 0.002718078181464217 -0.011347315111380587 0.023880388272900985 -0.024248780069991094 -0.001047790798591399
leaf_weight=4747.2167052011355 32.20652418048121 21.869419488124549 41.464460392016917 55.484697134234011 26.70110790268518 31.883227812126279 25.77360849454999 87.555235986830667 55.734273124951869 29.869257513433695 45.608454188331962 3519.2246667362051 47.663547777803615 37.550806027837098 202.1449671771843 62.459099299740046 242.29200317454524 369.51440320163965 70.576020934619009 52.59708107681945 41.500976290553808 52.458460161462426 67.309247578494251 44.871546753682196 112.20067743770778 48.125976523384452 220.67880262620747 39.785800103098154 30.205846932716668 254.98912933305837
leaf_count=60959 290 176 351 426 221 226 172 617 409 225 312 36964 356 255 1533 514 3580 1708 421 296 301 329 388 330 518 240 1433 193 227 1585
internal_value=0.000193237 0.000251635 0.000204811 -0.0105067 0.000303091 0.015088 0.000220661 0.000174695 -0.00620195 -0.015121 -0.000468408 0.000310615 0.000977612 0.000407576 -0.00362637 0.00456493 0.00435794 0.00644384 -0.00365326 0.00281916 -0.00648149 -0.0138534 -0.00754642 -0.013395 0.0100967 0.017733 -0.00380528 0.00802 -0.00809643 -0.0058261
internal_weight=10717.5 10685.3 10663.4 96.9492 10566.5 58.5843 10507.9 10482.1 218.767 85.6035 133.164 10263.4 6744.14 5770.97 1023.75 264.604 973.176 772.133 201.042 130.466 759.145 202.19 149.732 112.181 529.841 160.327 556.955 81.2868 77.8694 475.668
internal_count=115555 115265 115089 777 114312 447 113865 113693 1563 634 929 112130 75166 67820 6861 2047 7346 6046 1300 879 4814 1302 973 718 2466 758 3512 494 583 3018
is_linear=0
shrinkage=0.05


Tree=136
num_leaves=31
num_cat=0
split_feature=9 11 13 1 6 36 6 4 4 4 4 1 5 2 0 11 13 34 18 14 9 0 3 1 31 10 0 13 14 31
split_gain=3.74997 3.65925 3.91375 3.29329 8.43176 7.62993 6.53557 8.26459 7.03749 5.62434 3.59404 3.1857 7.9004 12.8095 8.94371 6.48496 6.77705 5.00816 5.8066 6.89671 4.33274 8.53887 6.35468 4.37132 4.16152 3.87896 3.8718 5.066 6.26875 4.14841
threshold=-0.89499999999999991 0.22926223241590218 0.30583900226757377 0.91694487913756773 0.15003320053120853 3.5000000000000004 0.13337918386061443 0.080250845325155348 0.17318435754189954 0.084237997244080279 0.04142011834319529 0.85000809450353831 0.12842422922062732 -0.06069534472598704 13.854161856796781 0.1351494049487714 0.12917130144605118 19.500000000000004 0.64642857142857157 0.18488489145658268 2.2450000000000006 13.997390837366178 0.9988901225428034 0.84997231855422184 24.500000000000004 0.12880105340134415 15.792667216345142 0.098199935711989719 0.083388520971302435 35.500000000000007
decision_type=2 10 10 10 10 2 8 10 10 8 8 10 8 2 10 10 8 10 10 8 2 8 10 10 2 10 10 8 10 2
left_child=-1 2 3 11 6 -6 7 10 -9 -7 -5 20 14 -14 -13 16 -16 18 19 -15 23 -22 26 -2 25 -19 27 -23 -29 -28
right_child=1 -3 -4 4 5 9 -8 8 -10 -11 -12 12 13 17 15 -17 -18 24 -20 -21 21 22 -24 -25 -26 -27 29 28 -30 -31
leaf_value=-0.011216627038611468 0.00054835061063722565 -0.016950801262596991 0.021556842567674619 -0.0020703922291648541 0.019561600653149849 0.0058929290044559667 -0.025794184285869576 -0.034723126447645553 -0.0042418586342313066 -0.022070601273715958 0.018963050605409301 -0.015368820169320169 0.039083780040760234 0.015455178559845221 -0.0055989001156410406 -0.0096290043139636693 0.02421629398630324 -0.005430594425880092 0.020933200419750317 -0.010888769453028529 -0.023722139621066916 0.0036972543475102767 -0.022233492034742567 -0.012034084626948233 -0.012728241192587612 0.019822659118584288 0.023056398859944791 -0.028014987493705797 -0.0036364683680400393 -0.0032170977721328003
leaf_weight=71.776449410826899 9143.7201455920003 30.828684747219086 21.610553836449981 77.69037913158536 56.585678024217486 47.687416372238658 51.804483173415065 34.906174539588392 41.389374974183738 28.866191652603447 27.498152949847281 89.3939671786502 32.068768806755543 52.126052800565958 29.630258169956505 47.208941135555506 53.422373897396028 32.285214431583881 80.888416898902506 47.46754901856184 51.293143854476511 165.45236716978252 35.872273427434266 69.552696963772178 52.582356643863022 28.745006158947945 33.707622153684497 33.525619816035032 123.54390273336321 27.105281947180629
leaf_count=7326 97859 279 173 610 360 318 379 244 297 217 154 661 149 311 220 339 344 255 542 303 320 1043 256 404 317 209 140 257 937 332
internal_value=0.000173642 0.000250419 0.000300363 0.000257011 -0.00440044 0.00563944 -0.0101303 -0.00565901 -0.0181874 -0.00465132 0.00342812 0.000423842 0.0041404 0.00907695 -0.00318981 0.00516822 0.0135793 0.00580494 0.0109817 0.00289933 0.000214361 -0.00446575 -0.00210959 0.000453363 -0.0024188 0.00646359 -0.000226402 -0.00240841 -0.00883993 0.0113459
internal_weight=10720.2 10648.5 10617.6 10596 366.428 133.139 233.289 181.484 76.2955 76.5536 105.189 10229.6 545.819 326.163 219.656 130.262 83.0526 294.095 180.482 99.5936 9683.77 470.5 419.207 9213.27 113.613 61.0302 383.335 322.522 157.07 60.8129
internal_count=115555 108229 107950 107777 2579 895 1684 1305 541 535 764 105198 3650 2086 1564 903 564 1937 1156 614 101548 3285 2965 98263 781 464 2709 2237 1194 472
is_linear=0
shrinkage=0.05


Tree=137
num_leaves=31
num_cat=0
split_feature=31 1 6 33 34 6 4 12 34 33 34 12 0 33 2 5 1 31 2 33 5 39 4 5 8 4 5 1 12 35
split_gain=3.04888 6.03513 4.98166 12.4812 9.56677 7.95895 8.52586 5.32644 4.60134 4.53998 4.14977 4.16524 4.83883 6.15794 4.44266 4.17641 3.79429 3.74411 4.32667 8.1286 6.13508 6.0547 4.82505 5.81546 10.1037 7.98601 7.9659 6.80544 5.78647 5.78494
threshold=32.500000000000007 0.96976192012730367 0.094598516101708233 59.650000000000013 22.500000000000004 0.075016170763260046 0.26382978723404266 0.24568837347606307 18.500000000000004 56.850000000000001 33.500000000000007 0.18225524475524477 14.57911100601671 56.250000000000007 -0.0074864410415728241 0.22137530912600281 0.80091355108419959 11.500000000000002 0.063861219154834559 53.250000000000007 0.077771692831933817 8.5000000000000018 0.20098039215686284 0.096158401049447964 0.11922530206112296 0.4810408502720534 0.074565596591862085 0.74035697118201815 0.12736185383244208 17.500000000000004
decision_type=2 10 10 2 8 8 8 8 10 2 8 10 10 2 2 8 10 2 2 2 10 2 8 8 8 8 10 10 10 2
left_child=1 17 3 4 5 -2 -7 10 -3 -10 11 12 13 -4 -13 16 -14 -1 19 21 -20 -19 -21 24 27 29 -27 28 -24 -26
right_child=2 8 7 -5 -6 6 -8 -9 9 -11 -12 14 15 -15 -16 -17 -18 18 20 22 -22 -23 23 -25 25 26 -28 -29 -30 -31
leaf_value=-0.00083903763034567968 -0.014480687924485168 0.0039572647322665263 -0.025836401645939408 -0.023354408208519833 0.028529842703348775 0.023566226793765462 -0.0071528827089716793 -0.022249308946914678 -0.0061443964819943211 -0.034219317178345032 -0.015679475828448267 -0.0023024782608699456 -0.00093628182549142811 -0.0052233152287003556 0.020029472636796219 -0.01274526316122762 0.015172428831138599 0.026537186412276721 0.0029623762214495137 0.002145879350288228 -0.020223620680291581 0.0050113303470056018 0.00065372557728607221 0.0009761944017647984 -0.028876289924263172 0.016075007175055552 -0.012392376096006168 -0.015182993184395267 0.019614316110072656 -0.010689832595403327
leaf_weight=3329.4790529331076 46.703334506601095 27.611067809164524 45.118411494418979 35.743940108455718 46.563059793319553 54.418265807442367 38.614769557490945 41.814660541713238 27.473487367038615 30.260284035932273 64.997336519882083 50.905532479286194 96.553164717741311 183.95247346628457 39.591039214283228 41.188784281723201 58.827362252399325 53.68913483992219 58.101024769246578 4064.2494466854259 56.05735469609499 83.43047075625509 288.04587542265654 1475.7358052292839 74.101064572110772 41.932997517287731 59.363034637644887 58.486465567722917 46.773363465443254 106.67310352995992
leaf_count=76104 327 192 330 245 305 298 292 354 225 232 482 350 673 1250 279 285 417 247 287 20762 268 386 1500 7370 429 231 327 296 225 587
internal_value=0.000161406 0.000407912 -0.00272127 0.00370913 0.00890162 0.00236109 0.0108158 -0.00501332 -0.0128307 -0.0208594 -0.00377313 -0.00227376 -0.00434486 -0.00928332 0.00746745 0.00141014 0.00516251 0.000523248 0.00122465 0.00139802 -0.00842308 0.0134398 0.00113237 -0.000782536 -0.00462546 -0.0118469 -0.00060788 0.000553592 0.00330247 -0.0181446
internal_weight=10726.5 9881.46 844.992 222.043 186.299 139.736 93.033 622.949 85.3448 57.7338 581.134 516.137 425.64 229.071 90.4966 196.569 155.381 9796.12 6466.64 6352.48 114.158 137.12 6215.36 2151.11 675.376 282.07 101.296 393.306 334.819 180.774
internal_count=115555 109668 5887 1467 1222 917 590 4420 649 457 4066 3584 2955 1580 629 1375 1090 109019 32915 32360 555 633 31727 10965 3595 1574 558 2021 1725 1016
is_linear=0
shrinkage=0.05


Tree=138
num_leaves=31
num_cat=0
split_feature=9 9 0 19 4 3 4 33 5 14 5 4 12 14 1 6 14 37 4 14 12 5 14 9 16 8 14 16 36 4
split_gain=3.51777 3.04963 9.50576 12.3099 4.64185 5.34455 6.08194 4.02589 4.1455 5.60518 4.2249 3.98473 3.83979 7.04708 5.91697 9.25497 4.87933 4.53218 4.29024 5.82452 3.64569 3.36733 7.1619 3.37784 4.34256 6.57096 3.83811 6.4368 8.90558 7.81421
threshold=-0.89499999999999991 1.7750000000000001 14.855989749936297 -0.044681053332065755 0.27436326354413998 0.85134934229734149 0.078349611390054363 58.45000000000001 0.15387620192307697 0.18760119512527743 0.10096936857930346 0.35485837922895369 0.10333704115684095 0.08825889906524409 0.68699706596782606 0.11833190297664756 0.090081809750927402 3.5000000000000004 0.068892456994740767 0.20012755102040819 0.11370440936309201 0.03660770124184759 0.085752585216392202 -0.10000000000000003 750.00000000000011 0.11200716845878138 0.081668902019066972 -149.99999999999997 4.5000000000000009 0.31528877894900159
decision_type=2 2 8 2 10 10 10 2 10 8 8 10 8 8 10 8 10 2 10 8 8 8 8 2 10 8 8 10 2 8
left_child=-1 21 4 -4 5 20 -7 12 10 -10 -9 -6 16 -14 15 -15 -5 18 -16 -20 -3 22 -2 -23 26 -26 27 28 -25 -30
right_child=1 2 3 7 11 6 -8 8 9 -11 -12 -13 13 14 17 -17 -18 -19 19 -21 -22 23 -24 24 25 -27 -28 -29 29 -31
leaf_value=-0.010918923149059722 0.0016428524877027265 0.0032334365956341649 0.020978321752520318 0.011874685786405685 0.013149892649846047 -0.0068920999563886589 -0.03209514619308728 0.0024015397469240281 -0.018278903425337032 0.0075400052262919529 0.02580366147362495 -0.0085182373712326016 -0.029447970912971407 -0.033334667530579933 0.0076808871868276609 -0.0010034626009630034 -0.0035383621165215994 0.012222939310109312 -0.00085028568244269122 -0.033344833286889475 -0.016392016101021381 -0.001214850973476761 0.039130077615390849 0.017906098336253336 -0.026860629067624459 0.0027831323559543196 0.00058506118085918581 0.0012567204184223682 -0.0034601637380839651 0.019715842105643339
leaf_weight=71.105865652963985 46.289938241010532 50.911966031417251 67.608128984458745 72.700382160954177 32.922646082006395 38.90585404727608 62.217577332630754 39.31627172511071 33.105861100368202 57.586070424877107 37.85602743178606 59.67829282861203 32.522511046379805 38.634044760838151 37.501282890327275 51.828790041618049 174.82865734118968 58.732024718075991 33.858657412230968 23.267032278701663 44.213862176984549 2326.8438204656122 17.579585521249101 163.33840910717845 34.895834106951952 40.263467287644744 5964.2517191390507 822.57145011518151 150.46370460838079 47.964463329873979
leaf_count=7326 1161 255 343 365 193 217 372 208 256 415 207 393 205 236 268 346 1049 440 292 205 272 58913 289 870 222 223 33376 5261 1073 304
internal_value=0.000165358 0.000239275 -0.00232168 0.000615015 -0.0100418 -0.0143958 -0.0223986 -0.00137523 0.00536329 -0.00188484 0.0138812 -0.000814512 -0.00353444 -0.00758578 -0.00466966 -0.0148112 0.000988519 0.00131258 -0.00545914 -0.0140852 -0.00588835 0.000518478 0.0119609 0.000441956 0.000975631 -0.0109802 0.00110133 0.00370125 0.00925952 0.00214199
internal_weight=10733.8 10662.7 1048.2 759.346 288.85 196.249 101.123 691.738 167.864 90.6919 77.1723 92.6009 523.873 276.344 243.822 90.4628 247.529 153.359 94.627 57.1257 95.1258 9614.46 63.8695 9550.59 7223.75 75.1593 7148.59 1184.34 361.767 198.428
internal_count=115555 108229 6537 4835 1702 1116 589 4492 1086 671 415 586 3406 1992 1787 582 1414 1205 765 497 527 101692 1450 100242 41329 445 40884 7508 2247 1377
is_linear=0
shrinkage=0.05


Tree=139
num_leaves=31
num_cat=0
split_feature=4 1 1 6 11 2 15 20 14 12 1 12 18 14 2 12 7 14 5 14 6 4 35 12 12 33 14 11 32 5
split_gain=3.16382 6.01681 6.84259 6.77841 6.06161 4.80721 4.46126 6.11388 5.401 6.56617 4.56299 4.44432 6.30298 4.49902 4.7481 4.23995 4.14393 3.95109 4.2115 4.77218 4.11562 11.2807 6.34375 5.83207 5.40955 6.15579 5.24782 5.63202 3.98309 3.88058
threshold=0.33356039963669387 0.65100097071045915 0.68699706596782606 0.081091721642902764 0.071499573984663459 -0.017675148428498582 1.0000000180025095e-35 0.34514106583072107 0.21056301842472291 0.17089216944801031 0.46148949664074851 0.12012658227848103 0.095454545454545472 0.20171381021433341 -0.020327120278801038 0.093080255357957151 0.1076923076923077 0.056978421984652729 0.037983271215842544 0.060323167561947673 0.11430366116295766 0.06335890675376081 15.500000000000002 0.11142147734326506 0.13586239961644495 56.95000000000001 0.052689415847310593 0.14063052120141345 53.500000000000007 0.084357175973346868
decision_type=8 10 10 8 10 2 10 10 10 10 8 8 10 8 2 8 2 8 8 10 10 10 2 8 10 2 10 8 10 10
left_child=17 6 -3 5 -5 -4 -2 8 9 10 16 13 -13 14 -6 -12 -8 20 19 -19 24 23 -23 26 29 -26 27 -22 -24 -1
right_child=1 2 3 4 11 -7 7 -9 -10 -11 15 12 -14 -15 -16 -17 -18 18 -20 -21 21 22 28 -25 25 -27 -28 -29 -30 -31
leaf_value=-0.0026380299392104079 0.0013877676410703737 -0.023062718400610135 -0.0028200129887377932 0.016100926074429055 -0.019243601238870336 -0.027730348469269684 0.0013785651350184552 0.0057009011807492051 -0.03449266254446736 0.023825726101301112 -0.0089511520404314052 0.023182123706367758 -0.0028189083793492362 -0.022253991742367044 0.0013205105019254936 -0.031724472552328804 -0.02127495479603695 0.040802046979744162 0.00076171883929596984 0.0021940463424379724 -0.00076191747249834685 0.039004162674032457 0.019886950448209876 -0.026663299717595665 -0.0039334974775024822 -0.039887682283281586 -0.0306879248034953 0.044673537727236763 -0.0059440273918792384 -0.023130442082967603
leaf_weight=308.55683896294795 1167.5303612173302 54.94580941926688 32.837735989131033 43.383858547545969 38.645145987160504 47.214165449142456 96.612869895529002 93.477755319792777 19.636220184154809 15.898790608625857 48.758061385713518 30.473726527765393 99.121728353202343 46.390779001638293 102.57481723395176 35.189006882254034 25.519844618218485 14.011179215274749 8154.1957109249197 18.66810933483066 35.540132260532118 22.280073775211349 31.775022117421031 31.805906868656166 23.450936638982967 24.179722602944821 10.9771537653869 8.4402363090775889 28.1405018591322 24.971740576205775
leaf_count=6867 13754 335 204 262 253 329 1831 1285 133 122 361 177 720 320 661 316 481 305 82587 395 907 233 227 564 388 359 266 146 283 484
internal_value=0.00014739 -0.00164747 -0.00642493 -0.00435028 -0.00142835 -0.017512 -7.17924e-05 -0.0051572 -0.00935806 -0.00713465 -0.0095232 -0.00382581 0.0032951 -0.00874471 -0.0043069 -0.0184973 -0.00335493 0.000557887 0.000833511 0.0187471 -0.00354395 0.0029517 0.0162254 -0.00962318 -0.00642332 -0.0221857 0.000238557 0.00795756 0.00775492 -0.00417232
internal_weight=10735.2 1998.21 495.588 440.642 360.59 80.0519 1502.62 335.093 241.615 221.979 206.08 317.206 129.595 187.611 141.22 83.9471 122.133 8736.99 8186.87 32.6793 550.118 168.959 82.1956 86.7634 381.159 47.6307 54.9575 43.9804 59.9155 333.529
internal_count=115555 21544 3261 2926 2393 533 18283 4529 3244 3111 2989 2131 897 1234 914 677 2312 94011 83287 700 10724 2626 743 1883 8098 747 1319 1053 510 7351
is_linear=0
shrinkage=0.05


Tree=140
num_leaves=31
num_cat=0
split_feature=7 31 31 5 14 33 35 1 8 38 1 1 34 1 8 8 16 32 11 38 5 2 10 10 1 2 34 18 31 5
split_gain=5.44424 4.44093 5.51136 5.79842 8.38799 7.16087 5.74365 5.87339 8.55255 9.02222 6.8652 8.61532 6.77893 6.63863 6.48041 5.25727 6.05699 5.66023 5.22463 9.36776 5.64662 5.80031 11.4921 11.1698 14.0171 11.1658 8.47616 7.82223 7.58435 7.09256
threshold=-0.53846153846153832 32.500000000000007 11.500000000000002 0.16790372289520741 0.18760119512527743 54.050000000000004 12.500000000000002 0.82715588120204342 0.14160401002506268 1450.0000000000002 0.4583447812356059 0.49340090798648117 24.500000000000004 0.89977804574115927 0.16035714285714289 0.12613636363636366 -249.99999999999997 75.500000000000014 0.05007836990595612 1450.0000000000002 0.039293512164691215 0.017434085737328502 0.12152461085539422 0.096640792634449524 0.69922146534833396 0.0047986670659470581 10.500000000000002 0.44097222222222227 16.500000000000004 0.087508967001434734
decision_type=2 2 2 10 10 2 2 10 10 2 10 10 10 10 10 8 10 10 8 2 8 2 10 8 8 2 10 8 2 8
left_child=-1 2 -2 4 18 -5 -7 10 12 -10 14 -12 -9 -11 15 17 -17 -8 19 -4 -20 25 23 24 26 -22 -23 29 -24 -25
right_child=1 -3 3 5 -6 6 7 8 9 13 11 -13 -14 -15 -16 16 -18 -19 20 -21 21 22 28 27 -26 -27 -28 -29 -30 -31
leaf_value=0.019574765437939044 -0.0012369568684884758 -0.0033473030532440943 -0.0019480730320811041 0.017269911958714124 0.017101845855758604 0.014316633734168159 0.0020558220723620587 0.016269155970594248 -0.019217123832681562 0.020803830210786887 -0.020565535556674626 -0.0037647543987708297 -0.0035658807238261995 -0.0082448095380440924 0.020417820371070459 0.0015579442375323884 -0.012835715985799318 0.021654401909612715 0.019193750643048443 0.031271703372926181 0.001306943460494016 -0.013912878201060764 -0.0014080980588293947 0.025955381820387757 -0.027195576893122433 0.009739421774401456 0.010172660817205109 -0.0028591457652349908 -0.017171236651346369 0.0043443413700189623
leaf_weight=36.105369843600783 3321.3180035505211 847.51929115783423 43.396322140470147 53.861185850575566 94.310446187853813 58.284671641886234 239.52967270091176 152.4051598738879 63.416088314726949 38.928800988942385 81.737600453197956 1148.0415201084688 60.047975469380617 39.752991899847984 42.423814725130796 175.92323114164174 125.03775555826724 43.536517990753055 45.962303336709738 41.531812461093068 2826.8762375675142 55.355178702622652 142.65643525868654 89.537266442552209 55.103034343570471 455.8818426206708 107.39915528520942 75.108876090496778 164.07297423668206 65.915201164782047
leaf_count=503 75847 5796 250 233 446 267 1188 710 347 180 447 5736 311 224 212 874 654 216 226 194 14653 297 833 407 322 2246 551 374 747 303
internal_value=0.000191595 0.000126524 0.000423691 0.00126115 0.00235629 -0.000748675 -0.00117639 -0.00158484 0.00431198 -0.00518349 -0.00271117 -0.00488142 0.010663 0.00612737 0.00154923 0.000178617 -0.00442207 0.00507015 0.0020227 0.0142972 0.00176744 0.00156908 -0.00238205 0.00271936 -0.00539882 0.00247798 0.00198081 0.0103902 -0.00983998 0.0167918
internal_weight=10791 10754.9 9907.35 6586.03 4263.11 2322.93 2269.07 2210.78 354.551 142.098 1856.23 1229.78 212.453 78.6818 626.451 584.027 300.961 283.066 4168.8 84.9281 4083.87 4037.91 755.148 448.419 217.857 3282.76 162.754 230.561 306.729 155.452
internal_count=115594 115091 109295 33448 21849 11599 11366 11099 1772 751 9327 6183 1021 404 3144 2932 1528 1404 21403 444 20959 20733 3834 2254 1170 16899 848 1084 1580 710
is_linear=0
shrinkage=0.05


Tree=141
num_leaves=31
num_cat=0
split_feature=7 6 9 5 6 13 34 6 19 9 9 0 39 6 13 3 12 39 16 31 0 10 0 18 10 31 0 5 12 10
split_gain=4.57583 5.24582 4.07527 5.36069 5.97566 5.8321 5.57168 13.7233 6.71509 4.78617 8.23498 6.96892 10.9827 9.10577 6.92846 5.85812 5.69209 7.07584 5.35924 5.63793 5.07889 4.62655 4.61913 4.57 4.56121 4.51676 4.50297 6.38576 4.47762 4.24807
threshold=-0.53846153846153832 0.11045643873654983 -0.55499999999999983 0.084357175973346868 0.17883486781887689 0.081725417439703171 13.500000000000002 0.10860192122246125 0.028571428571428581 0.58000000000000018 0.75500000000000012 14.372323012723898 12.500000000000002 0.09526543108632661 0.096894559460760726 0.74518860112259078 0.15105309346204479 9.5000000000000018 -149.99999999999997 13.500000000000002 15.876309120246935 0.10812452793011725 15.471408285411499 0.12916666666666668 0.082744397829054725 15.500000000000002 15.774588640265192 0.068330055603503179 0.073252032520325208 0.047664485641584882
decision_type=2 8 2 10 10 8 10 10 2 2 2 10 2 10 8 10 10 2 10 2 10 10 10 8 10 2 10 8 10 8
left_child=1 -1 -2 4 5 6 7 8 -4 18 15 14 13 -13 23 -11 17 -16 19 20 22 24 -7 -12 -10 -6 -20 -28 -9 -5
right_child=2 -3 3 29 25 9 -8 28 21 10 11 12 -14 -15 16 -17 -18 -19 26 -21 -22 -23 -24 -25 -26 -27 27 -29 -30 -31
leaf_value=0.0017086482019271672 -0.0030854644919865604 0.039806196489030839 0.00090331010957789184 0.011670445565758256 0.00040292402583168193 0.010910425312922871 -0.0069305517791021787 -0.0065482766305142368 0.020823974718848837 0.0048065828001242501 0.017392498797725742 -0.0079474608868620161 0.029311250318187071 0.014184609485988956 -0.027735691563277223 0.025410751857709288 0.010016752820598553 -0.0038307564998292238 -0.0016751450719371974 -0.0048165358977408524 -0.0078447325510039995 0.03012206859099649 0.035046114239335686 -0.0028377026190225 -0.005425875342157313 -0.025745401870484325 -0.0040905951878835688 0.021335109063278648 -0.0319820932790644 -0.00037047502797191677
leaf_weight=21.494629064050969 902.85326198127586 15.588566010352222 125.93117512296885 73.992372185923159 33.758430860005319 222.77912307251245 261.42309934273362 48.322794727981091 38.095256800297648 54.31184745579958 69.928529681637883 79.739660216495395 61.049987766891718 111.40234920009971 43.272746613249183 94.559239918366075 42.747629709541798 108.75684538204223 660.04666549246758 75.745337521657348 32.979436072520912 45.037890298292041 21.759756536222994 46.465765736997128 29.259113126434386 32.332442687824368 45.420492051169276 54.119078195653856 26.958802632987499 7309.3209972705226
leaf_count=343 42348 160 1310 547 348 2838 2530 399 261 257 295 379 254 491 217 415 214 496 7468 424 423 284 247 211 213 159 507 506 258 50792
internal_value=0.00019011 0.0177236 0.00012964 0.000424352 0.00244264 0.00285106 -0.00153994 0.00295371 0.00883223 0.00423453 0.00743511 0.00467135 0.0108486 0.00495166 -0.000335032 0.0178938 -0.0061025 -0.0106349 0.00218613 0.00727407 0.0105741 0.0177163 0.0130581 0.0093164 0.00942089 -0.0123891 -0.000180143 0.00973321 -0.0156563 -0.000249806
internal_weight=10789.5 37.0832 10752.4 9849.52 2466.2 2400.11 575.028 313.605 238.323 1825.08 712.235 563.364 252.192 191.142 311.172 148.871 194.777 152.03 1112.85 353.264 277.518 112.392 244.539 116.394 67.3544 66.0909 759.586 99.5396 75.2816 7383.31
internal_count=115594 503 115091 72743 21404 20897 5255 2725 2068 15642 3229 2557 1124 870 1433 672 927 713 12413 3932 3508 758 3085 506 474 507 8481 1013 657 51339
is_linear=0
shrinkage=0.05


Tree=142
num_leaves=31
num_cat=0
split_feature=31 0 31 6 1 18 6 14 35 14 1 5 6 4 40 1 10 13 0 10 12 31 1 11 10 8 7 18 13 10
split_gain=4.47479 5.48221 4.76387 5.66678 9.23655 8.68351 4.76393 5.1276 8.8291 8.38709 8.75944 9.39649 9.0063 7.13322 8.23853 6.31581 6.00503 7.28763 5.9661 6.57018 9.27935 7.61139 7.58503 8.45243 8.37569 6.41044 9.42447 6.68257 6.38986 6.71919
threshold=32.500000000000007 13.732257123699879 11.500000000000002 0.18424618456710887 0.35141034018598466 0.29705882352941182 0.17445762447323243 0.13437096253229977 11.500000000000002 0.1931919824361685 0.73170981295560777 0.20802684563758392 0.16531435154707047 0.039755351681957145 1.0000000180025095e-35 0.63474079708117903 0.13500152718387295 0.12208672086720869 16.2615929229706 0.08929447637740083 0.11635871296591273 13.500000000000002 0.48982199499641332 0.12904443091905055 0.11635392719314598 0.095695970695970703 0.08846153846153848 0.20526315789473687 0.080981717011128787 0.11738889691366942
decision_type=2 8 2 10 10 10 10 10 2 10 10 10 8 8 8 8 10 8 10 8 10 2 10 10 10 8 2 8 10 10
left_child=2 -2 -1 6 -5 -6 7 -4 -9 10 11 12 18 16 -15 -13 17 -12 19 -10 21 -21 24 -24 -22 28 27 -27 -23 -30
right_child=1 -3 3 4 5 -7 -8 8 9 -11 13 15 -14 14 -16 -17 -18 -19 -20 20 22 25 23 -25 -26 26 -28 -29 29 -31
leaf_value=-0.0010710862407352216 -0.023442168154215026 -0.0025086662242658452 0.0025847853952810102 0.014278013206452956 -0.026874030007833855 -0.0043699219359927708 0.0096994714134208734 0.018614755874263179 0.0058592335264430351 0.0026041650980800487 0.0049178389268497626 -0.0097885831740692104 -0.027289429182153786 0.023703138386145638 0.0029940206045834528 -0.03421165075086894 0.010162957543325342 -0.021698727968992543 -0.018179153026248673 0.0060970876621191496 -0.02653321581796372 -0.0060968323299464564 0.020100131359551281 -0.0027134246992286887 0.0025044826080388334 -0.00025438393023833884 0.0099821184425056171 -0.024420689888779948 -0.011753610935622889 -0.037715926584248841
leaf_weight=3334.1798881726572 32.518737195059657 818.41696204291657 3493.324299313128 48.299436207860708 56.216958066448569 180.49423024617136 174.75459634140134 60.080738808959723 207.19409269653261 1073.901534342207 41.189627910032868 68.296092497184873 39.663129726424813 64.135817360132933 191.1819341769442 43.224124310538173 44.012630373239517 68.461926035583019 60.394102990627289 68.65243879519403 37.451384918764234 57.565740562975407 88.622390987351537 74.927849976345897 73.70789241604507 50.081227423623204 62.629026420414448 66.712565332651138 42.685124272480607 59.883869655430317
leaf_count=76283 199 5599 18006 230 281 968 855 262 1039 5278 197 357 211 300 907 222 222 342 334 502 204 285 415 371 382 214 285 336 216 292
internal_value=0.000171183 -0.00330865 0.000469324 0.00124777 -0.00564857 -0.00971446 0.00155913 0.00132737 -0.000333554 -0.000774025 -0.0031755 -0.00549527 -0.00394558 0.00307336 0.00819615 -0.0192547 -0.00543832 -0.0117005 -0.00297148 -0.00193964 -0.00430578 -0.009087 0.00279898 0.00964848 -0.00727879 -0.012157 -0.00566671 -0.0140582 -0.0194289 -0.0269114
internal_weight=10782.9 850.936 9931.92 6597.74 285.011 236.711 6312.73 6137.98 2644.66 2584.57 1510.67 1101.69 990.171 408.982 255.318 111.52 153.664 109.652 950.508 890.114 682.92 408.21 274.71 163.55 111.159 339.558 179.423 116.794 160.135 102.569
internal_count=115594 5798 109796 33513 1479 1249 32034 31179 13173 12911 7633 5665 5086 1968 1207 579 761 539 4875 4541 3502 2130 1372 786 586 1628 835 550 793 508
is_linear=0
shrinkage=0.05


Tree=143
num_leaves=31
num_cat=0
split_feature=31 19 19 0 31 5 14 6 0 10 14 32 14 13 13 13 1 1 20 20 38 10 5 13 32 5 3 38 10 39
split_gain=3.89265 4.35308 5.085 4.39441 4.1718 4.22827 5.7795 4.96186 8.35902 4.75939 4.34551 8.69127 6.842 8.82306 9.1069 5.57691 5.05084 4.64413 9.19546 7.351 6.42774 10.8853 5.82381 4.63641 7.78732 7.22135 6.64012 8.46801 6.61057 6.26335
threshold=32.500000000000007 -0.07237646237122404 -0.044681053332065755 13.748696739926473 11.500000000000002 0.16790372289520741 0.18760119512527743 0.18424618456710887 16.010729998196044 0.11766730091899115 0.16141041580328777 93.500000000000014 0.15203690532637903 0.1306379520520114 0.091256072172102728 0.14232409381663116 0.47164370760605739 0.70761629976822371 0.29797463175122757 0.38903903903903908 1650.0000000000002 0.10392840492789258 0.087508967001434734 0.11521443158611301 39.500000000000007 0.11933845560901622 0.9944653727869458 1750.0000000000002 0.10528015775873793 11.500000000000002
decision_type=2 2 2 8 2 10 10 10 8 10 10 8 10 10 8 10 10 10 8 8 2 10 10 8 8 10 10 2 10 2
left_child=4 -2 -3 -4 -1 6 7 10 -9 -8 12 15 17 14 -14 16 -12 18 20 22 21 -6 -19 25 -25 29 27 -26 -29 -21
right_child=1 2 3 -5 5 -7 9 8 -10 -11 11 -13 13 -15 -16 -17 -18 19 -20 23 -22 -23 -24 24 26 -27 -28 28 -30 -31
leaf_value=-0.00099855944527663435 -0.018563652148648298 0.018345737350293833 -0.021047385200181751 -0.0022335963863507353 0.0030363160031170004 -0.00054855346500589383 0.025590376517096426 0.0074472233981777427 -0.018907349574852225 0.0029534674615164774 -0.017468766308988144 -0.024742027509950117 0.020064995829880135 0.030003097499642362 -0.0078260796681188169 0.011927026972122183 0.00086379585557509796 0.0010195306610309605 0.0024529755339356171 -0.0031241859234790448 0.00072783939097773292 0.0336085678026809 -0.019801979109775034 -0.017532373660725499 0.0013304140795779916 0.0099336122916057479 -0.011239589706141662 0.027992371691057429 0.008734151415893494 -0.02109490418924153
leaf_weight=3331.344980676251 43.069581842049956 28.897966451942921 32.377316975966096 750.08655490912497 49.917950943112373 2315.2351888157427 47.13685579970479 51.271255768835545 72.82002698071301 45.762384930625558 54.951136108487844 42.29174916818738 54.069093665108085 50.172657046467066 63.803297670558095 68.324343804270029 118.79314509220421 56.473973235115409 2366.1444229334593 174.50234913546592 59.192296246066689 69.865970477461815 82.853754514828324 41.01345556601882 295.24228495173156 71.889087732881308 56.473325563594699 63.000964058563113 152.23433005623519 67.141398238018155
leaf_count=76283 247 155 190 5206 262 11620 227 266 397 219 317 240 247 226 311 333 586 317 12333 882 306 303 431 210 1486 365 272 294 730 333
internal_value=0.000164642 -0.00307365 -0.00225139 -0.00301209 0.000443509 0.00117243 0.0021044 0.00183042 -0.00801833 0.0144394 0.00213156 -0.00382892 0.00258067 0.0124425 0.0049678 -0.000175195 -0.00493435 0.00212109 0.00327955 -0.000658274 0.0142072 0.0208681 -0.0113624 0.000960152 0.00350708 -0.00397853 0.00502908 0.00682886 0.0143712 -0.0081174
internal_weight=10776.4 854.431 811.362 782.464 9921.92 6590.58 4275.34 4182.44 124.091 92.8992 4058.35 284.36 3773.99 168.045 117.872 242.069 173.744 3605.95 2545.12 1060.82 178.976 119.784 139.328 921.497 607.964 313.533 566.951 510.478 215.235 241.644
internal_count=115594 5798 5551 5396 109796 33513 21893 21447 663 446 20784 1476 19308 784 558 1236 903 18524 13204 5320 871 565 748 4572 2992 1580 2782 2510 1024 1215
is_linear=0
shrinkage=0.05


Tree=144
num_leaves=31
num_cat=0
split_feature=31 11 11 6 33 13 20 14 31 6 17 13 36 4 31 36 3 5 14 16 36 39 16 18 19 14 13 11 4 13
split_gain=3.538 5.55276 5.61126 7.65854 7.51982 5.56145 5.91765 6.23289 6.35559 5.2725 4.48011 6.41806 4.68082 4.38276 4.3432 4.37201 4.72586 4.50964 4.24266 4.2366 3.98417 4.56258 4.2676 6.73345 5.49371 5.18889 4.90383 4.72345 5.33259 6.23602
threshold=32.500000000000007 0.13684561871969647 0.12864679430717169 0.10068279269202089 55.650000000000013 0.14793771043771045 0.30790020790020795 0.21434553720985886 39.500000000000007 0.14478876243582131 1.0000000180025095e-35 0.087956043956043964 3.5000000000000004 0.029062728757249863 12.500000000000002 13.500000000000002 0.98567458689752019 0.22930933778487658 0.21847646730994091 1.0000000180025095e-35 4.5000000000000009 9.5000000000000018 1.0000000180025095e-35 0.57738095238095244 0.039181905021834079 0.11406339825115229 0.087956043956043964 0.051566846669939458 0.13944588618005049 0.080145985401459868
decision_type=2 10 8 10 2 10 10 8 2 10 10 10 2 10 2 2 10 10 8 8 2 2 8 10 2 10 8 8 10 10
left_child=14 2 4 -4 -2 9 7 8 -7 13 11 19 -13 -3 15 17 -17 20 -14 -6 21 -1 23 25 -25 -23 -27 -24 -29 -30
right_child=1 5 3 -5 10 6 -8 -9 -10 -11 -12 12 18 -15 -16 16 -18 -19 -20 -21 -22 22 27 24 -26 26 -28 28 29 -31
leaf_value=-0.0021270580539399292 -0.020994400973358231 0.00099859561116128013 0.0017359777180669398 -0.027777181679197474 -0.023155139419507365 -0.033332639014391707 0.014179680728773009 0.0073516624482972207 -0.0025955932518091692 -0.004478561253446714 0.015367855489102775 0.0089640580867962043 -0.0088230880410934982 0.021980978605574002 0.0012823072271897508 0.012262260432937232 -0.020320956592319125 -0.016173745887721525 0.010227189156610278 -0.0032138414373183329 -0.0024054923876218612 0.0076440594821325985 -0.033876269666927854 0.035488565282111938 -0.00022670979759671203 0.0088375756834982808 -0.011880823861677808 -0.002721728247519338 0.03267817543512988 0.0014637504438181639
leaf_weight=684.35320254787803 54.634156539104879 37.427980918437243 34.812919937074184 59.637002881616354 53.868844666518271 37.248129524290562 30.792387073859572 31.85767912492156 30.662187569774687 50.796530564315617 36.892338175326586 113.07386550214142 123.13071228377521 74.276758070103824 6120.1349355662242 102.58751411788398 12.482456496567464 49.406247722916305 38.322786374017596 52.683736257255077 2069.4927228027955 335.09704288927605 10.451007590861989 33.171491882996634 15.941497192659879 44.876508485060185 78.553005445981398 294.72887460375205 24.965595849556848 44.558414361206815
leaf_count=14722 348 219 225 423 337 197 226 244 316 384 233 720 827 478 29818 2000 302 689 271 350 45715 6512 285 512 270 580 1071 6410 298 612
internal_value=0.00019118 -0.00288502 -0.00577312 -0.016899 -0.00354962 0.00270327 -0.00498108 -0.0108949 -0.0194546 0.0088772 -0.00126937 -0.00288001 0.00116251 0.0149506 0.000457883 -0.000869672 0.00872773 -0.00116932 -0.00430129 -0.0132954 -0.000965447 0.000936749 0.00331306 0.00630058 0.0238958 0.00441594 -0.00434803 -0.000734341 0.000216555 0.0126726
internal_weight=10780.9 860.118 567.056 94.4499 472.606 293.062 130.56 99.768 67.9103 162.501 417.972 381.08 274.527 111.705 9920.8 3800.67 115.07 3685.6 161.453 106.553 3636.19 1566.7 882.343 507.64 49.113 458.527 123.43 374.704 364.253 69.524
internal_count=115594 5798 3734 648 3086 2064 983 757 513 1081 2738 2505 1818 697 109796 79978 2302 77676 1098 687 76987 31272 16550 8945 782 8163 1651 7605 7320 910
is_linear=0
shrinkage=0.05


Tree=145
num_leaves=31
num_cat=0
split_feature=1 32 5 1 4 32 32 14 12 18 6 11 4 4 12 11 11 16 3 5 1 1 12 32 14 11 4 5 14 5
split_gain=3.08777 5.69977 8.52899 7.73579 6.08092 5.83037 7.30388 7.12043 7.30084 7.1567 5.82861 6.73085 5.42243 7.19296 9.68263 8.98957 7.33568 5.72996 8.06972 5.86087 5.57325 5.95561 5.38038 5.43202 5.39758 4.9827 5.97815 4.71239 8.43783 8.26734
threshold=0.55315318673988878 31.500000000000004 0.16450914676721132 0.55659298366112031 0.13944588618005049 34.500000000000007 40.500000000000007 0.076982339694204108 0.080123456790123462 0.095454545454545472 0.14679565820354176 0.12945124402869043 0.1022274448361405 0.14179791649487378 0.17089216944801031 0.15556875164951176 0.13637666058869499 250.00000000000003 0.70652829726553945 0.10269815269815272 0.56701550913430909 0.59361079955081475 0.095119047619047631 82.500000000000014 0.20012755102040819 0.05007836990595612 0.12798264642082435 0.075009667440061892 0.082202018961033657 0.071189246829049299
decision_type=8 8 10 8 10 8 8 10 8 10 10 8 8 8 10 8 10 10 10 10 8 8 8 10 8 10 10 8 10 10
left_child=25 2 4 -3 -2 7 10 8 -5 -9 -7 -12 -8 14 15 16 22 20 19 -19 -15 -22 -14 24 -24 26 -1 28 29 -23
right_child=1 3 -4 5 -6 6 12 9 -10 -11 11 -13 13 17 -16 -17 -18 18 -20 -21 21 27 23 -25 -26 -27 -28 -29 -30 -31
leaf_value=0.0028456426368273276 -0.013007802227087778 -0.021436307581944786 -0.030665684841257063 0.035441729069385967 0.0079096536877293396 -0.0039359733869255269 0.0017768289685167141 -0.013448094212085052 0.0033209589965043917 0.010053497611505018 -0.030274362627069951 -4.3218716166310505e-05 -0.017165700343665914 0.018190540428723631 -0.022633724256233501 0.016196267023467961 -0.026678078996982126 -0.023438000153447342 0.012188370577099449 0.0042952741935966144 -0.015023031331734972 0.005985395784574455 0.010398872709188756 -0.017794700180747587 -0.011316405601128281 0.00065342083040007264 0.022362047136275827 -0.0022161153591091485 -0.013139473784888729 0.0359060438435529
leaf_weight=121.71926367329434 79.705935339443386 43.611504558473825 37.668384732678533 38.610215937718749 61.595052033662796 506.05098531919066 2297.7302195950178 51.719489788636565 32.650358538143337 86.690638687927276 47.836042213719338 29.93323186179623 57.038719552569091 35.537562509067357 85.302038396708667 48.302025627810508 41.080956043675542 31.911785363219678 185.26840489311144 47.266932130791247 81.312935270369053 148.91961658606306 107.27459949208423 33.204755386337638 39.026387481018901 4749.7615098141832 57.904307604301721 1434.1756972040748 47.402487789746374 27.322600693325512
leaf_count=2610 819 379 220 255 336 4198 17837 331 272 580 393 223 387 194 555 289 293 249 1135 303 536 1962 649 218 228 67877 499 10860 496 296
internal_value=4.37967e-05 -0.00074191 -0.00952526 -0.00046046 -0.00388959 -0.000295382 -0.000616992 0.00788312 0.0207245 0.0012717 -0.00589446 -0.0186385 3.19211e-05 -0.00160431 -0.00763669 -0.00371166 -0.00717529 -0.000387754 0.00647841 -0.0068822 -0.00141089 -0.00181143 -0.00378822 0.000462536 0.00460623 0.000962558 0.00913704 -0.00116343 0.00558719 0.010624
internal_weight=10693.5 5764.15 178.969 5585.18 141.301 5541.57 5331.9 209.671 71.2606 138.41 583.82 77.7693 4748.08 2450.35 411.229 325.927 277.625 2039.12 264.447 79.1787 1774.67 1739.13 236.544 179.506 146.301 4929.39 179.624 1657.82 223.645 176.242
internal_count=115479 44493 1375 43118 1155 42739 41301 1438 527 911 4814 616 36487 18650 2619 2064 1775 16031 1687 552 14344 14150 1482 1095 877 70986 3109 13614 2754 2258
is_linear=0
shrinkage=0.05


Tree=146
num_leaves=31
num_cat=0
split_feature=9 9 36 3 11 11 31 4 36 13 18 9 9 13 18 0 10 9 2 18 8 6 14 5 4 10 20 33 38 3
split_gain=3.77609 6.34998 6.76782 11.4148 6.46854 6.80634 6.02199 5.66017 7.12185 8.24868 6.24516 5.93386 5.30381 6.88651 6.64029 6.58139 9.78806 6.67155 5.17641 7.53346 7.8911 6.00156 5.35626 7.69968 5.64172 5.26661 7.37299 7.3365 6.34871 8.03723
threshold=1.3450000000000004 0.47500000000000003 8.5000000000000018 0.26369475461524522 0.14204945019818441 0.1360274582734263 11.500000000000002 0.27436326354413998 1.5000000000000002 0.066987179487179499 0.44949494949494956 1.4750000000000001 0.66500000000000015 0.10355340622371742 0.19375000000000003 14.764904057925937 0.086512129420280137 0.89500000000000013 0.013519711080516184 0.21825396825396828 0.094044811320754734 0.20020449897750514 0.20872028627417571 0.14347452562378607 -0.023791834713082809 0.084851739738957807 0.30032679738562096 55.250000000000007 1850.0000000000002 0.9944653727869458
decision_type=2 2 2 8 10 8 2 8 2 10 10 2 2 8 8 8 10 2 2 8 8 10 8 10 10 8 10 2 2 10
left_child=1 -1 6 -4 5 12 -3 8 10 -10 -2 -9 13 14 -5 17 -17 -14 21 20 -20 25 23 -21 -25 26 -8 -27 -29 -30
right_child=7 2 3 4 -6 -7 18 11 9 -11 -12 -13 15 -15 -16 16 -18 -19 19 22 -22 -23 -24 24 -26 27 -28 28 29 -31
leaf_value=-0.00060472177609977257 -0.025049453708478966 0.018024925254566001 0.024308041933612891 -0.019232364116712589 -0.01548807219149765 0.017608803370826941 0.0057374409940965966 0.013598274118977913 -0.018314324288383942 -0.0015211299813182031 -0.0012850969634151475 -0.00026069584959115629 0.020173625451870986 -0.028718774816460277 0.012800729121976842 -0.025204002205959603 -0.00030137778132844386 -0.0016718875110358978 0.0024047489316191125 -0.00082236715134790498 -0.020803646112501628 0.019510705721006466 -0.0081736751269013488 0.028107935224135919 0.0046704509656529565 0.017957994497335743 0.02490505999753068 -0.00014973888062610796 0.0081309405868749841 -0.013166102449358614
leaf_weight=5243.1985452760127 72.197038933634758 66.565150344744325 37.565818717703223 31.781808530911803 103.46017827279866 41.573414919897914 295.59630252420902 86.946255534887314 79.632493840530515 894.62480048974976 44.801511270925403 691.51096577569842 61.639711018651724 43.116269452497363 32.952050021849573 51.034831374883652 173.96480161882937 80.714597802609205 62.819296035915613 170.71815865673125 87.839015120640397 59.345314837992191 93.567796811461449 51.854763126000762 50.859481753781438 72.634189926087856 60.426314905285835 1298.9228613004088 502.70224254950881 48.581667333841324
leaf_count=89045 391 446 201 237 577 201 1288 356 396 4690 275 3944 284 299 185 295 884 373 288 723 388 245 375 190 217 285 254 5812 2129 206
internal_value=7.11535e-05 0.000503674 0.0021269 -0.00245518 -0.00407614 -0.00179144 0.00315827 -0.00196997 -0.00429352 -0.00289375 -0.0159495 0.00128722 -0.00348868 -0.0132376 -0.00292627 -0.000626536 -0.00594984 0.00778726 0.00281176 -0.00171238 -0.0111265 0.00381336 0.00215226 0.00568577 0.0165027 0.00340458 0.00899069 0.00237028 0.00175835 0.00625415
internal_weight=10693.1 8823.43 3580.24 657.803 620.238 516.777 2922.43 1869.71 1091.26 974.257 116.999 778.457 475.204 107.85 64.7339 367.354 225 142.354 2855.87 517.659 150.658 2338.21 367 273.432 102.714 2278.86 356.023 1922.84 1850.21 551.284
internal_count=115479 105427 16382 3536 3335 2758 12846 10052 5752 5086 666 4300 2557 721 422 1836 1179 657 12400 2181 676 10219 1505 1130 407 9974 1542 8432 8147 2335
is_linear=0
shrinkage=0.05


Tree=147
num_leaves=31
num_cat=0
split_feature=9 9 16 33 39 1 12 12 6 8 16 4 12 6 36 6 13 13 32 3 33 11 33 34 0 0 33 7 1 1
split_gain=3.77847 6.01239 5.82509 5.5688 6.78863 7.47516 7.19375 6.30035 8.65257 6.49689 5.18423 5.10341 4.82048 4.79298 4.81914 4.86581 5.51128 7.05757 6.2982 4.26438 6.75809 8.63418 7.85901 4.71085 4.15205 4.14445 4.08408 6.02809 4.16307 4.00514
threshold=1.3300000000000003 0.18000000000000002 -549.99999999999989 58.95000000000001 10.500000000000002 0.71987999236142841 0.15105309346204479 0.070467677862044067 0.10689245638463431 0.057417582417582429 150.00000000000003 0.22230626996133812 0.24568837347606307 0.065369188784974136 12.500000000000002 0.076708437110834388 0.1482928240740741 0.15638586956521741 92.500000000000014 0.70652829726553945 55.550000000000004 0.16347463844057852 54.850000000000001 20.500000000000004 15.001202019546712 14.089598725731163 57.150000000000013 0.038461538461538457 0.63792152849974715 0.82118535150453476
decision_type=2 2 8 2 2 10 8 10 8 10 8 10 10 8 2 8 10 10 8 10 2 10 2 10 10 10 2 2 10 10
left_child=1 -1 -2 7 5 -5 11 8 -4 -10 -7 25 -3 -9 15 -15 19 -18 29 -17 22 23 -21 26 -25 -6 27 -22 -29 -19
right_child=2 12 3 4 6 10 -8 13 9 -11 -12 -13 -14 14 -16 16 17 18 -20 20 21 -23 -24 24 -26 -27 -28 28 -30 -31
leaf_value=-0.0010301361003918414 0.010798532973465148 0.0017807044952726607 -0.017852287250720886 -0.025858121632501854 -0.0036854122032491591 -0.012407428699316457 0.014763741329264793 0.013279974001142506 -0.011079218701621908 0.015356275174745341 0.011950867330621732 0.0022939415087257255 -0.013734607353260967 -0.012125794533069598 -0.015695591085242901 0.0098165347291249479 -0.026644501692423592 0.00011629898052872114 0.014521309134048456 0.0029257733746842988 -0.011922956420862933 0.023929322290578536 -0.025488989294436881 -0.00094279646994057656 -0.020745040582809765 -0.024066872960409921 0.011089879272227005 -0.0047661870464850743 0.015140776339986079 -0.016106728874084236
leaf_weight=3659.7146625834284 85.976984670385718 5042.229520435445 119.21641399897635 82.172200297936797 48.732182225212455 83.652760045602918 51.347616173326969 68.231334961950779 45.267594484612346 47.766988223418593 29.563791162334383 90.156942101195455 50.564200831577182 73.15037065371871 49.043484229594469 187.82969545200467 33.739679848309606 90.726014725863934 45.115856483578682 50.133066697977483 68.876123493537307 46.99669252987951 47.287439073435962 91.618165788240731 37.227332443930209 51.092900197952986 139.13025299832225 44.484589040279388 64.11584968212992 65.519256177358329
leaf_count=78782 420 26117 586 484 218 574 255 337 243 229 211 393 257 357 233 942 183 519 319 246 360 262 261 497 228 234 696 219 345 472
internal_value=7.34258e-05 0.000515765 -0.00192412 -0.00251469 -0.0074505 -0.0143786 -0.00184124 -0.000991838 -0.0089342 0.00249363 -0.00604684 -0.00632918 0.00162666 0.000409208 -0.000364531 0.000327847 0.00122732 -0.00548099 -0.00193487 0.00325527 0.00116599 0.00354638 -0.0108666 0.00139591 -0.00666426 -0.0141171 0.00467606 -0.000351963 0.00698655 -0.0066866
internal_weight=10690.7 8752.51 1938.17 1852.19 436.718 195.389 241.33 1415.48 212.251 93.0346 113.217 189.982 5092.79 1203.23 1134.99 1085.95 1012.8 235.101 201.361 777.699 589.87 492.449 97.4205 445.452 128.845 99.8251 316.607 177.477 108.6 156.245
internal_count=115479 105156 10323 9903 2369 1269 1100 7534 1058 472 785 845 26374 6476 6139 5906 5549 1493 1310 4056 3114 2607 507 2345 725 452 1620 924 564 991
is_linear=0
shrinkage=0.05


end of trees

feature_importances:
agf_edge=458
agf_raw=305
form_cycle=279
jockey_track_win_rate=217
class_indicator=215
trainer_win_rate=212
sire_win_rate=204
dam_win_rate=201
weight_delta=192
jockey_win_rate=174
s20_edge=171
weight_kg_raw=167
dam_surface_rate=164
sire_surface_rate=159
speed_figure=150
surface_affinity=150
hp_raw=150
kgs_raw=138
rest_fitness=101
field_pace_density=93
gate_bias=86
gate_number=86
distance_delta_m=80
field_size=77
age=45
distance_meters=44
s20_raw=37
agf_reliability=35
surface_is_kum=26
equipment_changed=14
surface_switch=10

parameters:
[boosting: gbdt]
[objective: lambdarank]
[metric: ndcg]
[tree_learner: serial]
[device_type: cpu]
[data_sample_strategy: bagging]
[data: ]
[valid: ]
[num_iterations: 500]
[learning_rate: 0.05]
[num_leaves: 31]
[num_threads: 0]
[seed: 0]
[deterministic: 0]
[force_col_wise: 0]
[force_row_wise: 0]
[histogram_pool_size: -1]
[max_depth: -1]
[min_data_in_leaf: 200]
[min_sum_hessian_in_leaf: 0.001]
[bagging_fraction: 0.85]
[pos_bagging_fraction: 1]
[neg_bagging_fraction: 1]
[bagging_freq: 5]
[bagging_seed: 3]
[bagging_by_query: 0]
[feature_fraction: 0.7]
[feature_fraction_bynode: 1]
[feature_fraction_seed: 2]
[extra_trees: 0]
[extra_seed: 6]
[early_stopping_round: 0]
[early_stopping_min_delta: 0]
[first_metric_only: 0]
[max_delta_step: 0]
[lambda_l1: 0]
[lambda_l2: 0]
[linear_lambda: 0]
[min_gain_to_split: 0]
[drop_rate: 0.1]
[max_drop: 50]
[skip_drop: 0.5]
[xgboost_dart_mode: 0]
[uniform_drop: 0]
[drop_seed: 4]
[top_rate: 0.2]
[other_rate: 0.1]
[min_data_per_group: 100]
[max_cat_threshold: 32]
[cat_l2: 10]
[cat_smooth: 10]
[max_cat_to_onehot: 4]
[top_k: 20]
[monotone_constraints: ]
[monotone_constraints_method: basic]
[monotone_penalty: 0]
[feature_contri: ]
[forcedsplits_filename: ]
[refit_decay_rate: 0.9]
[cegb_tradeoff: 1]
[cegb_penalty_split: 0]
[cegb_penalty_feature_lazy: ]
[cegb_penalty_feature_coupled: ]
[path_smooth: 0]
[interaction_constraints: ]
[verbosity: -1]
[saved_feature_importance_type: 0]
[use_quantized_grad: 0]
[num_grad_quant_bins: 4]
[quant_train_renew_leaf: 0]
[stochastic_rounding: 1]
[linear_tree: 0]
[max_bin: 255]
[max_bin_by_feature: ]
[min_data_in_bin: 3]
[bin_construct_sample_cnt: 200000]
[data_random_seed: 1]
[is_enable_sparse: 1]
[enable_bundle: 1]
[use_missing: 1]
[zero_as_missing: 0]
[feature_pre_filter: 1]
[pre_partition: 0]
[two_round: 0]
[header: 0]
[label_column: ]
[weight_column: ]
[group_column: ]
[ignore_column: ]
[categorical_feature: ]
[forcedbins_filename: ]
[precise_float_parser: 0]
[parser_config_file: ]
[objective_seed: 5]
[num_class: 1]
[is_unbalance: 0]
[scale_pos_weight: 1]
[sigmoid: 1]
[boost_from_average: 1]
[reg_sqrt: 0]
[alpha: 0.9]
[fair_c: 1]
[poisson_max_delta_step: 0.7]
[tweedie_variance_power: 1.5]
[lambdarank_truncation_level: 10]
[lambdarank_norm: 1]
[label_gain: ]
[lambdarank_position_bias_regularization: 0]
[eval_at: 1,3,5,10]
[multi_error_top_k: 1]
[auc_mu_weights: ]
[num_machines: 1]
[local_listen_port: 12400]
[time_out: 120]
[machine_list_filename: ]
[machines: ]
[gpu_platform_id: -1]
[gpu_device_id: -1]
[gpu_use_dp: 0]
[num_gpu: 1]

end of parameters

pandas_categorical:[]
