tree
version=v4
num_class=1
num_tree_per_iteration=1
label_index=0
max_feature_idx=40
objective=lambdarank
feature_names=speed_figure form_cycle weight_delta rest_fitness class_indicator jockey_win_rate trainer_win_rate gate_bias surface_affinity agf_edge sire_win_rate sire_surface_rate dam_win_rate dam_surface_rate jockey_track_win_rate surface_switch distance_delta_m equipment_changed field_pace_density s20_edge agf_reliability late_agf_drift late_jockey_change late_equipment_change late_gate_change tipster_consensus jockey_discipline_flag days_since_workout workout_speed_ms n_workouts_recent steward_report_flag agf_raw hp_raw weight_kg_raw kgs_raw s20_raw gate_number age distance_meters field_size surface_is_kum
feature_infos=[5.9811167599436068:17.790428749332857] [0:1] [-0.16666666666666666:0.16705471478463324] [0:1] [-1:1.4999999999999998] [0.013245033112582781:0.2890625] [0.02197802197802198:0.36666666666666664] [-1.1153846153846154:0.5] [0.029850746268656716:0.42857142857142855] [-1:6] [0.022988505747126436:0.37254901960784315] [0.023529411764705882:0.35555555555555557] [0.021505376344086023:0.44262295081967212] [0.024390243902439025:0.45833333333333331] [0.016260162601626018:0.35483870967741937] [0:1] [-1400:1400] [0:1] [0:1] [-0.93367346938775508:1.1238938053097347] [0.096774193548387094:0.69999999999999996] none none none none none none none none none none [0:93] [0:118] [46.899999999999999:66] [4:1979] [1:20] [1:22] [2:14] [800:2800] [3:22] [0:1]
tree_sizes=3483 3495 3486 3447 3485 3500 3502 3492 3472 3488 3480 3486 3496 3467 3502 3493 3475 3484 3510 3466 3501 3473 3490 3508 3469 3491 3492 3490 3496 3509 3488 3500 3480 3484 3494 3508 3510 3493 3495 3467 3469 3493 3473 3518 3501 3499

Tree=0
num_leaves=31
num_cat=0
split_feature=9 9 9 9 9 9 9 9 9 9 9 9 9 2 1 35 9 10 31 8 4 36 2 0 4 7 4 34 11 2
split_gain=5943.36 921.748 822.12 133.435 132.161 87.5013 75.7094 26.1544 24.3706 20.5861 15.1523 14.508 11.4339 9.73864 8.2995 8.17918 7.90247 7.32423 7.11819 6.99397 7.37906 6.76913 6.627 6.56601 6.40727 7.05237 6.26535 6.21839 6.18645 6.34127
threshold=-0.11000000000000001 -0.65499999999999992 0.70499999999999996 1.5700000000000001 -0.85499999999999987 -0.435 0.44 0.11999999999999998 2.8850000000000002 -0.73499999999999988 1.0050000000000001 -0.58999999999999986 -0.91499999999999992 -0.018766756032171591 0.20111624186099811 11.500000000000002 -0.35499999999999993 0.071475013932751269 14.500000000000002 0.083920187793427234 -0.15611162196179704 6.5000000000000009 -0.0358805066534146 12.665460442676961 0.050290570237064881 1.0000000180025095e-35 -0.2109422745130646 23.500000000000004 0.11429682292823819 -0.017032849153294439
decision_type=2 2 2 2 2 2 2 2 2 2 2 2 2 2 8 2 2 8 2 10 8 2 2 8 10 2 8 8 8 2
left_child=1 4 6 10 12 11 7 17 -5 19 -4 -3 -1 16 -15 24 -7 -2 -8 -6 -21 -18 -19 -23 25 -13 -27 -11 -16 -30
right_child=2 5 3 8 9 13 18 -9 -10 27 -12 15 -14 14 28 -17 21 22 -20 20 -22 23 -24 -25 -26 26 -28 -29 29 -31
leaf_value=-0.090358288730387371 -0.0097678889893064724 -0.038200550909743981 0.040781454421171918 0.064304031362854105 -0.066281425932053009 -0.032671976479235476 0.023873069752280783 0.01739203654744826 0.079447181966935274 -0.043255479496930704 0.051331614892382117 -0.030052813460388746 -0.077598377767385152 0.003202048809341048 -0.014889490873820611 -0.028041563430110564 -0.0084563697187312655 -0.0032722611703369544 0.03488464858045684 -0.065921441035826242 -0.05210860851209597 0.060417205010847179 0.0089854179685022791 -0.027716382751159809 -0.037495759116646085 -0.027110820217400917 0.02170259850243705 -0.055995769655237906 -0.049758442654850236 -0.004867549722823424
leaf_weight=246.7160580274649 71.279058917425573 395.51575088815298 622.18524799775332 779.86241672933102 318.32961776177399 77.23384449724108 214.35451913159341 1018.7495002807118 402.97926363442093 313.31278338236734 751.27015448431484 15.236206847243009 608.76915081357583 127.11454693414271 399.47391616157256 739.81111394171603 166.03202060516924 132.10159784695134 465.41166074387729 142.71632850379683 299.79847658518702 2.1661823857575646 667.07682706369087 86.547304523177445 16.127745517529547 8.5585927013307792 28.343995220027864 137.94509129202925 8.0456434618681651 353.97730232402682
leaf_count=4198 924 5776 5778 5643 5470 1111 2458 11227 2357 4822 6407 235 10688 1594 5267 10242 1994 1596 4392 2382 4686 16 7743 1273 253 129 300 2262 112 4361
internal_value=0.00028136 -0.0417056 0.0370786 0.0571535 -0.0662311 -0.0207878 0.0171028 0.011954 0.0694631 -0.0556111 0.0465523 -0.030354 -0.0812782 -0.0113548 -0.008625 -0.0265135 -0.0186617 0.00558953 0.0314123 -0.0606293 -0.0565634 -0.0144141 0.00695926 -0.0255644 -0.00995371 -0.00143431 0.0103816 -0.0471501 -0.0105993 -0.00586521
internal_weight=9617.04 4491.77 5125.27 2556.3 2067.59 2424.18 2568.97 1889.21 1182.84 1212.1 1373.46 1203.59 855.485 1220.59 888.611 808.078 331.979 870.457 679.766 760.844 442.515 254.746 799.178 88.7135 68.2665 52.1388 36.9026 451.258 761.497 362.023
internal_count=115696 67171 48525 20185 34508 32663 28340 21490 8000 19622 12185 16935 14886 15728 11334 11159 4394 10263 6850 12538 7068 3283 9339 1289 917 664 429 7084 9740 4473
is_linear=0
shrinkage=0.05


Tree=1
num_leaves=31
num_cat=0
split_feature=9 9 9 31 9 9 9 9 31 9 31 19 9 9 33 1 34 12 1 1 19 9 9 31 1 9 10 19 34 19
split_gain=11951.6 2038.56 1923.73 388.592 305.911 244.398 170.263 86.4359 56.7805 54.8995 37.6678 34.5989 33.8581 33.4043 28.522 31.6957 39.219 29.1284 27.6287 26.4114 24.3965 24.2378 24.0269 23.3095 24.4326 22.7828 22.1126 21.1312 24.5627 20.2858
threshold=1.0000000180025095e-35 1.3300000000000003 -0.60499999999999987 37.500000000000007 0.58000000000000018 -0.82499999999999984 -0.28999999999999992 2.9050000000000002 14.500000000000002 1.9950000000000001 25.500000000000004 -0.098538198890311554 -0.44499999999999995 -0.73499999999999988 55.350000000000001 0.55315318673988878 7.5000000000000009 0.096205265322912389 0.2950406141761534 0.94135313668913156 0.1095390460953905 -0.90499999999999992 1.8850000000000002 14.500000000000002 0.48244570987720775 1.1650000000000003 0.096301182448939718 0.034482758620689676 16.500000000000004 0.052631578947368453
decision_type=2 2 2 2 2 2 2 2 2 2 2 2 2 2 2 10 10 10 8 10 2 2 2 2 8 2 8 2 10 2
left_child=2 4 5 9 8 21 12 22 18 11 14 -3 -4 -7 26 -16 17 -17 -2 20 -12 -1 -5 24 -8 -22 -6 -21 -29 -10
right_child=1 3 6 7 10 13 23 -9 29 -11 19 -13 -14 -15 15 16 -18 -19 -20 27 25 -23 -24 -25 -26 -27 -28 28 -30 -31
leaf_value=-0.084083484369772601 0.0094744125607374649 0.0096168658047483171 -0.034389530331985677 0.042617384430081798 0.013075262994743569 -0.060039672294894014 -0.011502913669803581 0.070386851534686073 0.01271755553673312 0.043568087953098876 0.02356010202785767 0.033493112994945125 -0.024850530556620183 -0.049123677093261736 0.020464122546805276 0.010280039699812579 0.0093316341443351065 0.037287424926366386 -0.0024509344869546577 0.046674179738526965 0.030754078780518109 -0.07262301907970424 0.056763250041261461 -0.0023589224737366062 -0.020495682747200077 0.056163191974299642 0.031715392695898723 0.029394793884140409 -0.022379565787953807 0.0044617791720548122
leaf_weight=700.27875075116754 590.29473254829645 161.03708609938622 2027.4230289645493 449.15361738204956 225.98234796896577 1246.1108201108873 1528.2786908596754 1228.5846520513296 1709.1278494819999 1674.6500563621521 1088.8303738534451 2625.2213213816285 1718.948596412316 1601.6032047346234 2002.0543746873736 169.62725365161896 2135.719875305891 242.65767431259155 2740.7653430178761 23.700998365879059 344.46496841311455 1352.1586221014149 905.02075144648552 352.40704067051411 1493.3457235246897 118.59266212582588 537.62063423544168 33.879879534244537 70.736942499876022 1317.7738123610616
leaf_count=5481 2173 268 11534 640 491 9641 7105 1771 3772 2358 1532 3972 8570 11085 4211 350 4416 434 10027 32 466 12302 1305 874 6505 148 1036 48 111 3038
internal_value=0.000278005 0.0235857 -0.0392685 0.0453495 0.0121043 -0.0633802 -0.0226753 0.0607838 0.00416656 0.0364134 0.0193203 0.0321131 -0.0300127 -0.0539003 0.0172569 0.0157563 0.0120571 0.0261757 -0.000337652 0.0258458 0.0276484 -0.0765333 0.0520713 -0.0145281 -0.0159473 0.0372616 0.026199 0.00404507 -0.00561258 0.00912337
internal_weight=32416.1 20395.5 12020.6 7043.67 13351.8 4900.15 7120.4 2582.76 6357.96 4460.91 6993.87 2786.26 3746.37 2847.71 5313.66 4550.06 2548 412.285 3331.06 1680.21 1551.89 2052.44 1354.17 3374.03 3021.62 463.058 763.603 128.318 104.617 3026.9
internal_count=115696 42599 73097 10314 32285 38509 34588 3716 19010 6598 13275 4240 20104 20726 10938 9411 5200 784 12200 2337 2146 17783 1945 14484 13610 614 1527 191 159 6810
is_linear=0
shrinkage=0.05


Tree=2
num_leaves=31
num_cat=0
split_feature=9 9 9 9 31 9 9 9 31 9 9 9 19 1 34 16 4 19 31 31 1 19 2 33 33 13 9 1 6 18
split_gain=8353.21 1852.88 1064.16 379.028 333.917 130.75 105.165 66.6663 51.5037 48.5496 47.5629 30.0671 27.8354 24.4342 24.4003 24.5253 23.5943 22.1634 21.5761 20.0849 20.8711 20.4804 19.6717 19.1264 18.8451 18.6991 18.2309 18.1 19.1283 17.905
threshold=-0.11000000000000001 1.3300000000000003 -0.65499999999999992 0.44500000000000012 37.500000000000007 -0.82499999999999984 -0.44499999999999995 2.0900000000000003 21.500000000000004 1.9950000000000001 0.81000000000000016 0.18000000000000002 -0.13498329790464622 0.92907505800718992 11.500000000000002 -1.0000000180025095e-35 0.40912560721721031 0.090909090909090953 50.500000000000007 25.500000000000004 0.94135313668913156 0.1095390460953905 0.080806563684304694 56.45000000000001 53.250000000000007 0.13356807511737093 -0.90499999999999992 0.952862225321636 0.12123276360333583 0.64642857142857157
decision_type=2 2 2 2 2 2 2 2 2 2 2 2 2 10 8 10 10 2 2 2 10 2 2 2 2 8 2 8 10 8
left_child=2 3 5 8 9 26 -4 -6 11 12 14 -2 -3 24 16 -16 22 29 -9 20 -12 25 -5 -8 -13 -21 -1 -10 -29 -17
right_child=1 4 6 10 7 -7 23 18 27 -11 19 13 -14 -15 15 17 -18 -19 -20 21 -22 -23 -24 -25 -26 -27 -28 28 -30 -31
leaf_value=-0.07779432279677409 -0.0058202439514304094 -0.00073680523295631514 -0.033759464282864853 0.020057749838361907 0.042474252629618334 -0.051539700757233346 -0.014709564953067248 0.057802539068435611 0.012172839580953819 0.040444691156687654 0.017951557783850623 0.019931181421469546 0.029941857540945551 -0.033767549592497462 0.014929045190157274 0.00578441738467559 -0.026172941256038362 -0.0032210690224224398 0.069682552720927812 0.028472195881797557 -0.017488818249655855 0.035440609368979456 -0.050535906557672788 -0.022723646252288895 0.0011419396160831155 0.013231561442328628 -0.06691564382100304 -0.0035266537065325372 0.066133516716179883 0.022259502118343738
leaf_weight=583.04394110199064 2819.4893784821033 76.302407883107662 2265.4457085095346 1018.5214622579515 505.85966518521309 1886.1147348759696 1214.0684760026634 810.27922677993774 385.79097321629524 1482.2401618584991 2722.4774206615984 140.57424718141556 2385.5981106683612 48.325550302863121 1042.7913938611746 723.63333604112267 29.242167696356773 534.30863654613495 723.40163566172123 404.94485084712505 42.18588625639677 346.18141689896584 9.9650341272354108 1924.9174285270274 2633.285048879683 400.12052774429321 1134.4808496260084 14.114679917693136 32.652957320213318 213.59147201105952
leaf_count=5481 11637 166 15535 2356 899 16725 6479 1444 758 2358 5780 437 4074 163 2532 1805 85 1378 1373 627 103 545 25 10649 8811 648 12302 26 52 443
internal_value=0.000253509 0.0186126 -0.0395825 0.00838712 0.0417891 -0.0606281 -0.0255494 0.0582144 -0.000893486 0.0332954 0.0159156 -0.00216834 0.028991 0.00148007 0.0117432 0.0090629 0.0181146 0.0049059 0.0634061 0.0197215 0.0174108 0.0252707 0.0193738 -0.019624 0.00209414 0.0208975 -0.0706086 0.0157339 0.0451098 0.00953905
internal_weight=28553.9 19545.9 9008.07 13562.2 5983.68 3603.64 5404.43 2039.54 6074.23 3944.14 7487.96 5641.67 2461.9 2822.18 3572.05 2514.32 1057.73 1471.53 1533.68 3915.91 2764.66 1151.25 1028.49 3138.99 2773.86 805.065 1717.52 432.559 46.7676 937.225
internal_count=115696 48525 67171 38211 10314 34508 32663 3716 21884 6598 16327 21048 4240 9411 8624 6158 2466 3626 2817 7703 5883 1820 2381 17128 9248 1275 17783 836 78 2248
is_linear=0
shrinkage=0.05


Tree=3
num_leaves=31
num_cat=0
split_feature=9 9 9 9 31 9 9 9 31 9 9 34 36 8 31 9 6 4 2 1 13 11 1 5 2 33 32 6 34 6
split_gain=6447.27 1506.33 840.012 286.335 277.942 103.822 83.5949 54.336 46.4221 41.5535 33.886 24.884 22.6429 21.561 20.9323 20.9198 19.2647 22.774 18.4596 18.4131 30.4751 18.1989 17.117 19.3276 16.8862 17.7706 16.6234 17.3486 16.07 17.255
threshold=-0.11000000000000001 1.3300000000000003 -0.65499999999999992 0.44500000000000012 37.500000000000007 -0.82499999999999984 -0.435 2.0900000000000003 14.500000000000002 1.97 0.91000000000000003 10.500000000000002 5.5000000000000009 0.073350071736011491 25.500000000000004 -0.55499999999999983 0.12719727400693517 -0.063909978491997199 -0.017675148428498582 0.81596580710298394 0.12318229715489991 0.1260649150314449 0.55315318673988878 0.22930933778487658 -0.050060085250686559 61.45000000000001 103.50000000000001 0.17445762447323243 16.500000000000004 0.048568274992116058
decision_type=2 2 2 2 2 2 2 2 2 2 2 8 2 8 2 2 10 8 2 8 10 10 8 10 2 2 10 10 10 10
left_child=2 3 5 8 9 -1 15 -6 22 13 11 16 28 -3 -10 -4 21 -18 -17 20 -16 -5 23 -2 25 -13 27 -26 29 -12
right_child=1 4 6 10 7 -7 -8 -9 14 -11 12 24 -14 -15 19 18 17 -19 -20 -21 -22 -23 -24 -25 26 -27 -28 -29 -30 -31
leaf_value=-0.065888276958526018 -0.00074536634751149291 -0.0091386098767158846 -0.035907810094221108 0.0089477789949633773 0.040304825547463008 -0.04791337107948488 -0.017628564062054718 0.060638265562709529 0.0037588831818740538 0.037934571111506776 -0.017988934527204292 -0.008589002507441398 0.013518749210434271 0.027635495784458154 0.037055148053955031 -0.036996559141837936 0.066750716307103206 0.023766873762125065 -0.022916155046089765 0.047847856526517706 -0.020923021552548202 0.024847606812518769 -0.0083544836648201896 -0.039092143287595027 0.0094157598143717568 0.017385368481882057 -0.03436872293876763 0.023705331606901622 0.016443624544637891 0.027614302102598999
leaf_weight=1530.8259369777516 2062.2389125563204 40.600823260843754 1036.5943866083398 560.91147292777896 439.25750181078911 1690.4006696185097 2659.5979859251529 1303.6494136080146 1932.3352977707982 1411.2990310266614 21.222825139760971 244.50938685238361 1318.9681939482689 2181.2456768751144 49.001848489046097 307.28662252146751 35.611848883330822 228.80033800005913 959.92717110179365 50.608829140663147 42.17005842924118 264.99409740790725 1498.6667960062623 33.39144080504775 2432.273547809571 90.120003633201122 20.651996254920959 232.72936014831066 670.04126198217273 916.66698260605335
leaf_count=17783 9324 92 8094 1375 899 16725 15728 2817 5477 2458 46 688 2917 4048 77 2283 61 507 6558 87 85 599 6676 158 6261 215 52 521 1318 1767
internal_value=0.000247497 0.0169136 -0.0365721 0.00752636 0.0390995 -0.0564556 -0.0236678 0.0555137 -0.000837035 0.0312252 0.0142627 0.0113351 0.0183744 0.0269635 0.00511948 -0.0306398 0.0178098 0.0295561 -0.0263305 0.0236631 0.0102383 0.0140493 -0.00427429 -0.00135638 0.00899767 -0.00159377 0.0103174 0.0106636 0.0223575 0.0265824
internal_weight=26266.6 18082 8184.63 12705.9 5376.05 3221.23 4963.41 1742.91 5668.41 3633.15 7037.5 4110.6 2926.9 2221.85 2074.12 2303.81 1090.32 264.412 1267.21 141.781 91.1719 825.906 3594.3 2095.63 3020.28 334.629 2685.65 2665 1607.93 937.89
internal_count=115696 48525 67171 38211 10314 34508 32663 3716 21884 6598 16327 10279 6048 4140 5726 16935 2542 568 8841 249 162 1974 16158 9482 7737 903 6834 6782 3131 1813
is_linear=0
shrinkage=0.05


Tree=4
num_leaves=31
num_cat=0
split_feature=9 9 9 9 31 9 9 31 9 19 2 9 14 31 2 34 12 1 2 9 1 32 12 19 34 10 10 32 9 1
split_gain=5237.61 1067.65 885.75 218.43 190.467 118.958 85.1269 33.2834 32.1894 28.8216 27.7586 27.2414 23.6808 22.1621 21.9632 21.0259 20.2078 19.6361 26.8236 18.1316 17.8032 17.6293 16.9055 17.7053 16.4195 15.8241 15.6942 15.4235 15.4784 15.4729
threshold=1.0000000180025095e-35 1.5700000000000001 -0.60499999999999987 0.58000000000000018 37.500000000000007 -0.80499999999999994 -0.34499999999999992 20.500000000000004 1.2150000000000001 -0.11764705882352937 0.0044237304009069013 2.9750000000000001 0.055605425892679035 22.500000000000004 -0.026681750857598933 7.5000000000000009 0.066915422885572159 0.53426188558700372 0.033509677459788757 -0.90499999999999992 0.92907505800718992 36.500000000000007 0.20977698128235764 0.074905728953704967 67.500000000000014 0.11113571498868223 0.15925291730086252 98.500000000000014 1.0350000000000001 0.88437718126076315
decision_type=2 2 2 2 2 2 2 2 2 2 2 2 8 2 2 8 8 8 2 2 10 8 10 2 8 8 10 8 2 10
left_child=2 3 5 7 13 19 14 10 15 25 20 -6 -9 -3 -4 26 -11 21 -19 -1 -2 -17 23 -14 -16 -10 27 28 29 -5
right_child=1 4 6 8 11 -7 -8 12 9 16 -12 -13 22 -15 24 17 -18 18 -20 -21 -22 -23 -24 -25 -26 -27 -28 -29 -30 -31
leaf_value=-0.06874287458482746 -0.0014243421635598665 0.021761739001406273 -0.036261980336571839 0.018817772904915316 0.047960005418950229 -0.041895547396467198 -0.012445543452642076 -0.039753131885760865 0.0084480185361986791 0.0041750233291463741 0.0065648904491685534 0.06172992901781147 0.016517449532885167 0.034077707499943835 -0.02135579369145266 0.027841017954696592 0.024763480111175535 0.0089846023517427178 0.026854082631838735 -0.05710845404201903 -0.033774206942650147 0.014470675090820631 0.039506517994032479 -0.00090896627534536607 -0.035198789880901839 -0.043431018630751418 0.052786817362023432 -0.020520957645006943 0.035095090900790278 -0.030982585017415
leaf_weight=479.6717891395092 3012.1008913498372 449.04889902472496 372.56662429589778 498.42101543396711 724.63903007656336 1819.2764396937564 3000.5727849584073 21.478125110268593 38.181914269924164 129.16713547706604 1427.293534424156 712.16878066211939 490.50885130465031 1957.79945179075 1759.3408733233809 323.31480085104704 1541.8064061179757 2696.4595323950052 227.7442778237164 1109.3852668544278 43.138798423111439 1038.2691764011979 57.670909501612186 207.38023780286312 243.90750305727124 23.898659780621529 38.80058991163969 22.594961412250996 159.30426590889692 16.101101107895374
leaf_count=5481 11783 892 3106 1131 1772 18815 16959 52 93 291 5328 1696 1031 3640 12633 840 3116 6496 483 14213 185 2586 123 508 1890 70 68 57 322 36
internal_value=0.000285462 0.0174427 -0.0306851 0.0101043 0.0403796 -0.0506256 -0.0180439 0.00246423 0.0160538 0.0219291 0.0008082 0.0547852 0.0120174 0.0317799 -0.0251145 0.0140259 0.023172 0.0126857 0.0103763 -0.0606204 -0.00188111 0.0176455 0.0134891 0.0113391 -0.0230413 -0.0115234 0.0218378 0.0201135 0.021476 0.0172594
internal_weight=24642 15857.3 8784.72 12013.6 3843.66 3408.33 5376.39 5259.57 6754.06 1733.05 4482.53 1436.81 777.038 2406.85 2375.82 5021.01 1670.97 4285.79 2924.2 1589.06 3055.24 1361.58 755.56 697.889 2003.25 62.0806 735.222 696.421 673.826 514.522
internal_count=115696 42599 73097 34599 8000 38509 34588 19010 15589 3570 17296 3468 1714 4532 17629 12019 3407 10405 6979 19694 11968 3426 1662 1539 14523 163 1614 1546 1489 1167
is_linear=0
shrinkage=0.05


Tree=5
num_leaves=31
num_cat=0
split_feature=9 9 9 9 9 9 9 9 9 2 39 19 33 39 34 8 5 9 7 19 16 13 0 13 11 34 35 19 1 9
split_gain=4372.34 1058.23 544.971 204.065 145.436 70.4959 67.5113 52.8362 28.4662 25.735 25.5465 23.1353 20.067 19.1168 17.5977 17.1262 19.278 17.0216 16.7593 16.2371 23.3707 17.5389 16.0784 16.064 15.6239 14.9036 14.6815 14.5194 17.7734 14.4114
threshold=-0.11000000000000001 1.3300000000000003 -0.65499999999999992 0.60500000000000009 2.4250000000000003 -0.81499999999999984 -0.46999999999999992 0.22499999999999995 3.0750000000000002 -0.014867485843993543 13.500000000000002 -0.083333333333333273 56.150000000000013 10.500000000000002 7.5000000000000009 0.17108013937282232 0.22479252332939037 0.91000000000000003 -1.0000000180025095e-35 0.052631578947368397 -1.0000000180025095e-35 0.19074371321562336 14.543020216436664 0.071147356580427465 0.17396950875211747 10.500000000000002 7.5000000000000009 0.028571428571428581 0.71987999236142841 -0.95499999999999985
decision_type=2 2 2 2 2 2 2 2 2 2 2 2 2 2 8 10 10 2 2 2 10 10 10 10 8 10 2 2 10 2
left_child=2 3 5 7 10 29 -4 12 13 -9 11 18 -2 -6 15 16 -5 -16 -3 27 -21 24 -18 -12 -22 -20 -14 28 -11 -1
right_child=1 4 6 14 8 -7 -8 9 -10 19 23 -13 26 -15 17 -17 22 -19 25 20 21 -23 -24 -25 -26 -27 -28 -29 -30 -31
leaf_value=-0.073308776274520301 0.0014456182767963715 -0.020117966254371233 -0.030033744107338237 0.020270208585504147 0.048882207841240623 -0.041440888655694508 -0.016977628745293679 -0.00073388197534487954 0.054057727277231508 0.0070780904654094484 -0.0068807029095070962 0.03159898178373375 0.047379502074446918 0.032227547193030483 0.0092590985666668943 0.049522009087208475 0.010955998767078513 0.015477846852388361 -0.010658794432195093 0.013262646464348653 -0.0086721033745237042 0.028867693942921727 -0.075016951161219272 0.021298281836591163 0.029086315582220065 0.030366974304713402 -0.0075225321717043592 0.025297380851804496 0.026895020174807788 -0.055838183589625383
leaf_weight=129.37843331508338 990.58134927973151 32.849773399531841 1524.8230245891027 679.34309989213943 328.44900988787413 1311.9430179446936 2823.5559774450958 1319.0551604758948 785.97913803160191 843.62636203318834 57.373474769294262 2500.524632781744 12.248883869498966 362.42045375704765 2126.3798989467323 48.424398012459278 12.233846828341486 2280.4498299583793 29.405487418174744 335.71424774453044 444.3199682533741 38.219277456402779 9.7902713119983655 426.86478097364306 29.197194557636976 89.557684049010277 2069.8795079458505 177.14892080798745 130.67089752852917 1346.9537489041686
leaf_count=2021 4500 88 13520 1555 878 14919 19050 4697 1943 2839 152 5280 48 709 5661 94 29 5267 71 1120 1619 114 24 947 84 187 9667 498 321 17628
internal_value=-2.45797e-05 0.0143697 -0.03262 0.00628246 0.0346119 -0.0498746 -0.0215559 0.000311777 0.0475495 0.00468688 0.0285203 0.0304484 -0.00441252 0.0401454 0.013682 0.0207632 0.0187776 0.0124772 0.0114964 0.008264 0.00301116 -0.00371411 -0.0272611 0.0179596 -0.00634391 0.0202262 -0.00719955 0.01213 0.0097359 -0.0573692
internal_weight=23297.4 16160.7 7136.65 11547.3 4613.42 2788.28 4348.38 6390.66 1476.85 3317.95 3136.58 2652.34 3072.71 690.869 5156.62 749.792 701.367 4406.83 151.813 1998.9 847.451 511.736 22.0241 484.238 473.517 118.963 2082.13 1151.45 974.297 1476.33
internal_count=115530 48392 67138 38137 10255 34568 32570 25507 3530 11292 6725 5626 14215 1587 12630 1702 1608 10928 346 6595 2937 1817 53 1099 1703 258 9715 3658 3160 19649
is_linear=0
shrinkage=0.05


Tree=6
num_leaves=31
num_cat=0
split_feature=9 9 9 31 9 9 9 9 2 31 36 18 12 2 9 33 33 34 31 34 20 6 34 31 35 5 2 3 9 2
split_gain=3725.35 799.257 621.312 186.93 113.797 99.3539 60.6151 31.5112 30.6231 19.7515 18.6801 18.3535 18.1799 20.4594 17.7656 17.238 17.0283 17.1151 15.4797 16.6386 14.0755 13.5476 16.4733 13.2706 12.9964 12.9609 12.9273 14.9988 12.6604 12.382
threshold=1.0000000180025095e-35 1.3300000000000003 -0.58999999999999986 35.500000000000007 0.60500000000000009 -0.79499999999999993 -0.36499999999999994 2.0900000000000003 -0.014867485843993543 22.500000000000004 3.5000000000000004 0.74166666666666681 0.12012658227848103 -0.019957180113626804 -0.91499999999999992 54.750000000000007 61.150000000000013 11.500000000000002 14.500000000000002 7.5000000000000009 0.55662393162393176 0.10139054493893206 10.500000000000002 49.500000000000007 9.5000000000000018 0.087508967001434734 -0.008845709330709715 0.0082278861766629068 0.27000000000000007 -0.05898586153286129
decision_type=2 2 2 2 2 2 2 2 2 2 2 10 10 2 2 2 2 8 2 8 8 8 8 2 2 8 2 10 2 2
left_child=2 4 5 9 8 14 26 -5 16 12 11 -10 13 -3 -1 -6 28 -18 -17 -20 -13 22 25 -9 -24 -12 -4 -28 -2 -14
right_child=1 3 6 7 15 -7 -8 23 10 -11 21 20 29 -15 -16 18 17 -19 19 -21 -22 -23 24 -25 -26 -27 27 -29 -30 -31
leaf_value=-0.064318386622709209 -0.0099005520852514951 0.0028009557156065965 -0.029233098886004862 0.035738571914392121 0.022567257795727387 -0.036215890018424533 -0.011566321374277225 0.047008132821436767 0.0075389339343261159 0.028258181894722113 0.019845680647288227 -0.0063165292363270582 0.051733886074705172 0.022130139448479007 -0.051036876563213679 0.0035936985209267438 0.02760995828538082 -0.00084410722168308527 0.020783228735127269 0.011566074849396372 0.031582238596401822 0.0058054173055723246 0.038371732953107002 0.058232751049754408 -0.0081591472038390223 -0.0024366976447261928 -0.036201314112491459 -0.018114778891665181 -0.0010911901641703766 0.024563537764102809
leaf_weight=317.75877256318927 679.60292108543217 238.90256299450994 610.7509202924557 416.53725725412369 406.85136248916388 1693.0449587302282 2903.9499546606094 597.92400864511728 937.8587913364172 2004.0152120403945 122.91832537576556 29.47019824385643 50.476351864635944 320.64055893570185 1212.6580510053318 507.51497029513121 85.710419319570065 137.8382367901504 569.15383611246943 3504.0306978970766 145.24378869310021 1149.3820787277073 15.396338958293198 470.54913246259093 592.65953693538904 139.12680144608021 129.54396272450686 995.45119091216475 1019.9391168132424 247.69748707860708
leaf_count=4205 3175 585 5436 1080 1000 18924 18174 1596 3347 4180 480 93 93 723 17193 2001 290 534 1253 8376 392 4297 51 1452 2516 563 1167 7945 3863 546
internal_value=-2.47741e-05 0.0150983 -0.0276997 0.0330099 0.00734568 -0.0445618 -0.0159847 0.0474038 0.00205896 0.0255406 0.00510835 0.0103107 0.0191912 0.0138774 -0.0537945 0.0127041 -0.00290745 0.0100654 0.011828 0.012854 0.0251896 0.00224227 -0.00246457 0.0519514 -0.00698096 0.00801537 -0.0233768 -0.0201975 -0.00461383 0.0291631
internal_weight=22252.6 14389.4 7863.16 4346.74 10042.7 3223.46 4639.7 1485.01 5055.15 2861.73 3132.06 1112.57 857.717 559.543 1530.42 4987.55 1923.09 223.549 4580.7 4073.18 174.714 2019.48 870.101 1068.47 608.056 262.045 1735.75 1125 1699.54 298.174
internal_count=115530 42486 73044 10255 32231 40322 32722 4128 19601 6127 11739 3832 1947 1308 21398 12630 7862 824 11630 9629 485 7907 3610 3048 2567 1043 14548 9112 7038 639
is_linear=0
shrinkage=0.05


Tree=7
num_leaves=31
num_cat=0
split_feature=9 9 9 31 9 9 9 9 34 9 2 31 13 31 7 1 6 14 5 7 19 3 8 8 13 31 11 31 12 2
split_gain=3214.74 794.051 406.696 162.579 143.269 69.9013 34.8375 25.9587 23.9768 25.9656 19.2543 18.7505 18.9898 16.8276 17.3469 16.7871 16.5634 16.4695 17.192 16.3042 15.4219 15.1596 18.786 29.1068 15.0804 18.0927 14.4612 14.2549 18.7329 15.7357
threshold=-0.11000000000000001 1.3300000000000003 -0.70999999999999985 35.500000000000007 0.41500000000000004 -0.46999999999999992 -0.85499999999999987 2.0900000000000003 7.5000000000000009 0.91000000000000003 -0.0041914461411903256 23.500000000000004 0.082988980716253449 14.500000000000002 -0.030769230769230757 0.39999709410999001 0.076954915944982188 0.056431861029562186 0.041715003866976026 0.3115384615384616 0.17669683257918556 0.9944653727869458 0.15184453227931491 0.14160401002506268 0.10876959479443953 16.500000000000004 0.21222498962224992 22.500000000000004 0.12012658227848103 -0.019957180113626804
decision_type=2 2 2 2 2 2 2 2 8 2 2 2 10 2 2 10 8 8 10 2 2 10 8 10 10 2 8 2 10 2
left_child=2 4 6 27 11 -4 -1 -5 -6 10 13 -2 -13 -10 16 20 -15 -12 -19 -20 26 -11 23 -23 -17 -26 -16 28 29 -3
right_child=1 3 5 7 8 -7 -8 -9 9 21 17 12 -14 14 15 24 -18 18 19 -21 -22 22 -24 -25 25 -27 -28 -29 -30 -31
leaf_value=-0.054014002304699493 -0.0021716048933294492 0.0033831898601182266 -0.028318136028938502 0.034535873720264419 0.01777059296020261 -0.015436857551151789 -0.041201679321361748 0.049826628036566775 -0.0051743921129254805 0.014734773073462574 -0.012053558011390708 0.054090090888433723 0.0076141667797642188 0.054120256687366253 0.021725342771580291 -0.0057061939762195722 0.013387760166861837 0.062503060773885094 0.0095189854661819617 0.027600746967130649 -0.026399634240511234 -0.00089385365212486247 0.020141940399120681 -0.066026619754052648 -0.015067901184904687 0.0094358143304212657 -0.040547192405485211 0.026805566714566371 0.029134300096877119 0.020734610163089102
leaf_weight=1006.2789901345968 4074.4866228271276 226.30979259312153 1761.6555822356604 386.48388618975878 921.40703967213631 2618.8466334822588 1122.2677262669895 984.90263206139207 463.74584284052253 1949.1180136594921 75.223272897303104 26.428264036774635 130.54839442670345 31.026885442435741 223.37260773032904 459.18002778291702 127.59184468910098 16.62871353700757 1227.8432700075209 138.7579545006156 20.215198524296284 110.04127968102694 76.683900639414787 20.320231214165688 87.035311616957188 560.22083128616214 9.7289471328258497 1925.1763556860387 292.57765923812985 309.16656977310777
leaf_count=14965 19358 585 18238 1080 2411 19050 14885 3048 2221 4737 267 52 301 80 573 1360 371 38 3618 389 73 309 172 49 311 1422 25 4180 639 723
internal_value=-2.2804e-05 0.0128019 -0.0293293 0.031452 0.00564587 -0.0206172 -0.0472588 0.0455174 0.0102967 0.00906629 0.00637024 -0.0015183 0.0154388 0.00316176 0.00570781 0.00388249 0.0213553 0.0107307 0.0119698 0.0113549 0.0154932 0.0133683 0.000504844 -0.0110465 0.00122423 0.00614085 0.0191263 0.024446 0.0189603 0.0134013
internal_weight=21383.3 14874.2 6509.05 4124.62 10749.6 4380.5 2128.55 1371.39 6518.14 5596.73 3440.57 4231.46 156.977 1982.12 1518.37 1359.75 158.619 1458.45 1383.23 1366.6 253.317 2156.16 207.045 130.362 1106.44 647.256 233.102 2753.23 828.054 535.476
internal_count=115530 48392 67138 10255 38137 37288 29850 4128 18426 16015 10748 19711 353 6436 4215 3764 451 4312 4045 4007 671 5267 530 358 3093 1733 598 6127 1947 1308
is_linear=0
shrinkage=0.05


Tree=8
num_leaves=31
num_cat=0
split_feature=9 9 9 31 9 9 9 2 9 9 8 5 33 34 36 0 4 33 2 10 17 2 31 0 14 6 4 12 11 0
split_gain=2788.19 596.522 464.121 144.526 84.0112 76.5186 46.672 22.7305 22.7297 15.1532 13.9334 17.2109 13.8767 13.5788 15.9582 19.2945 17.7991 15.5498 15.3113 13.454 16.8537 17.5955 15.0972 16.9208 30.2949 18.51 13.6506 13.6411 13.4436 13.1827
threshold=1.0000000180025095e-35 1.3300000000000003 -0.58999999999999986 35.500000000000007 0.60500000000000009 -0.79499999999999993 -0.36499999999999994 -0.016749080918635747 1.865 -0.91499999999999992 0.069204980842911892 0.11605464722090984 61.150000000000013 18.500000000000004 4.5000000000000009 14.638328721809289 0.20098039215686284 62.250000000000007 -0.050060085250686559 0.096802863649100387 1.0000000180025095e-35 -0.032511587778700113 32.500000000000007 15.970879072873954 0.17580492712970305 0.15327068825684484 0.055816090439162976 0.11330480451274073 0.20240505108926163 13.620169320910088
decision_type=2 2 2 2 2 2 2 2 2 2 8 10 2 10 2 8 8 2 2 10 8 2 2 10 10 8 8 10 10 10
left_child=2 4 5 10 7 9 -4 12 -5 -1 11 -3 -2 14 -6 16 -16 18 -15 27 22 -22 -21 24 26 -25 -24 -20 -17 -12
right_child=1 3 6 8 13 -7 -8 -9 -10 -11 29 -13 -14 17 15 28 -18 -19 19 20 21 -23 23 25 -26 -27 -28 -29 -30 -31
leaf_value=-0.05926457576094462 -0.0044417180107018568 -0.061314677750272766 -0.021402323472914424 0.0292061228535151 0.017294801098631674 -0.032729855917570931 -0.010607585273855781 0.0045487775216695924 0.046785943891775233 -0.046260104515904746 0.019573866013128098 0.016064209403884307 0.0091674260456324937 -0.0083759918117863562 0.023439043694077059 0.0071650164499095868 0.0029141115777081852 0.048320690513201932 -0.0084950647446445163 0.010756504346362623 -0.020485263857783053 0.029437577966708647 -0.043123343314272922 -0.015683169833168691 -0.064223231607311373 0.06355889448234997 0.020008898946419915 0.012306999917486622 -0.054637261622683155 0.026717796431888187
leaf_weight=281.31818779557943 1455.8721876908094 10.676262840628622 1581.0119701800868 222.89727102965117 1394.4629373699427 1552.1589640132152 2730.9218825139105 3088.3085650410503 1050.0663706026971 1099.542074623052 1137.4660752899945 21.982690818607807 214.97002847492695 147.21813635528088 399.90920137241483 1235.118449235335 143.53932162374258 23.05423528701067 198.1070606932044 741.75809898972511 19.586278636008501 178.53173203393817 11.749238349497316 15.550814896821977 27.491245850920677 14.007499784231184 31.566497474908829 130.87075942009687 8.8624232411384565 1493.826754629612
leaf_count=4205 6546 36 14548 674 3517 18924 18174 12233 3454 17193 2642 61 822 444 1039 3412 425 45 633 2022 55 462 27 35 57 28 65 336 28 3388
internal_value=-7.64365e-06 0.0134889 -0.0250029 0.0298491 0.00669517 -0.0403472 -0.0145656 0.00200712 0.0437077 -0.0489095 0.0232267 -0.00923107 -0.00269077 0.0114207 0.0132859 0.0101583 0.0180179 0.00756575 0.00694616 0.00859359 0.0113808 0.0245021 0.00829392 -0.00990598 -0.0231705 0.0218691 0.0028845 -0.00021979 0.00672472 0.0236296
internal_weight=20662.4 13417.5 7244.95 3936.92 9480.53 2933.02 4311.93 4759.15 1272.96 1380.86 2663.95 32.659 1670.84 4721.38 3181.89 1787.43 543.449 1539.49 1516.44 1369.22 1040.24 198.118 842.123 100.365 70.807 29.5583 43.3157 328.978 1243.98 2631.29
internal_count=115530 42486 73044 10255 32231 40322 32722 19601 4128 21398 6127 97 7368 12630 8421 4904 1464 4209 4164 3720 2751 517 2234 212 149 63 92 969 3440 6030
is_linear=0
shrinkage=0.05


Tree=9
num_leaves=31
num_cat=0
split_feature=31 31 31 31 31 31 39 31 39 39 1 39 39 1 31 36 31 31 1 2 1 31 36 33 14 33 38 8 39 39
split_gain=2353.25 455.122 385.127 100.991 73.4593 70.0421 48.4011 47.0099 36.7036 32.697 25.1704 25.046 24.3611 20.6936 20.3711 18.0322 17.9763 17.1757 16.4577 16.0202 20.1624 15.9372 15.6811 15.1345 18.1384 14.9966 19.9144 14.7452 14.6232 13.1353
threshold=11.500000000000002 4.5000000000000009 25.500000000000004 39.500000000000007 2.5000000000000004 16.500000000000004 10.500000000000002 7.5000000000000009 5.5000000000000009 7.5000000000000009 0.55315318673988878 9.5000000000000018 12.500000000000002 0.35810245043893235 49.500000000000007 14.500000000000002 1.5000000000000002 22.500000000000004 0.42086206643869623 0.0037221498527731625 0.61001381941398847 35.500000000000007 1.5000000000000002 55.350000000000001 0.053486939107854146 57.650000000000013 1250.0000000000002 0.16035714285714289 7.5000000000000009 6.5000000000000009
decision_type=2 2 2 2 2 2 2 2 2 2 8 2 2 8 2 2 2 2 8 2 10 2 2 2 8 2 2 10 2 2
left_child=1 4 5 9 16 11 19 15 14 13 12 -2 -9 -4 -5 18 -1 -8 -3 20 29 -11 28 24 -13 26 -24 -26 -22 -7
right_child=2 7 3 8 -6 6 17 10 -10 21 -12 23 -14 -15 -16 -17 -18 -19 -20 -21 22 -23 25 -25 27 -27 -28 -29 -30 -31
leaf_value=-0.049584139557954467 -0.0024207506793919044 -0.014334442998023479 0.042782698959139172 0.0040464219505117836 -0.028873542497063087 -0.0040929074911993631 0.015423796223198206 -0.0073855783181671951 0.04471591229267808 0.024323065341200354 -0.014104030058025928 -0.021859229585264595 0.0073146297220893679 0.01344093543743005 0.038007311360753165 0.022195392246350466 -0.038935642948621341 0.027289949086474675 -0.023695322741694908 0.013213664174400855 -0.0017058107552939674 0.039072198195918804 -0.030810677630669199 0.0040041798916573782 0.020703911905895624 0.0033007707323398808 -0.0030140159361322725 -0.046048218622605795 0.027588149975592908 0.012478607286906366
leaf_weight=877.53643955104053 1594.6481061726809 973.75005172006786 63.730405777692795 96.027217604219913 1329.901878924109 136.19695349782705 1339.3557814508677 1251.5901391208172 822.93225714191794 1425.575616568327 1021.2340367920697 29.834520880132914 363.73759882338345 1052.0288495123386 81.746432662010193 27.146970150992274 722.77601955924183 394.85852602496743 906.81074304133654 973.92882395535707 74.311478994786739 210.15620222687721 82.633975170552731 1776.6119588073343 309.06036588549614 684.8135730959475 292.57227562740445 8.5004921704530698 99.836642511188984 980.0468576438725
leaf_count=15735 7200 8751 137 235 16234 447 3450 7840 2928 3295 6483 137 2007 2412 342 199 11013 889 8079 2643 246 635 275 7070 1079 1981 878 35 254 2621
internal_value=1.03975e-05 -0.0221931 0.013256 0.0266633 -0.0375579 0.00752447 0.0113541 -0.0122857 0.0402653 0.0217164 -0.00795985 0.00231503 -0.0040754 0.0151169 0.0196628 -0.0182642 -0.0447748 0.0181256 -0.0188483 0.00782155 0.00558724 0.026218 0.00118309 0.00587053 0.0154152 -0.00110131 -0.00913585 0.0189171 0.015088 0.0104567
internal_weight=20003.9 7474.48 12529.4 3752.2 2930.21 8777.21 5058.55 4544.27 1000.71 2751.49 2636.56 3718.66 1615.33 1115.76 177.774 1907.71 1600.31 1734.21 1880.56 3324.34 2350.41 1635.73 1234.17 2124.01 347.395 1060.02 375.206 317.561 174.148 1116.24
internal_count=115530 76341 39189 9984 42982 29205 13684 33359 3505 6479 16330 15521 9847 2549 577 17029 26748 4339 16830 9345 6702 3930 3634 8321 1251 3134 1153 1114 500 3068
is_linear=0
shrinkage=0.05


Tree=10
num_leaves=31
num_cat=0
split_feature=31 31 31 31 31 31 31 39 39 39 39 39 33 10 31 1 2 34 13 1 31 6 6 20 34 4 34 14 0 19
split_gain=2032.48 369.772 344.803 110.195 63.4888 54.113 52.695 37.7355 34.2348 32.9152 26.2883 21.23 18.928 18.4392 17.9637 15.7092 15.4358 15.3188 17.2187 14.6628 14.4193 14.8254 15.128 14.3902 14.2007 14.1304 14.006 13.8199 13.0904 16.9805
threshold=11.500000000000002 3.5000000000000004 23.500000000000004 36.500000000000007 7.5000000000000009 14.500000000000002 1.5000000000000002 6.5000000000000009 8.5000000000000018 8.5000000000000018 9.5000000000000018 9.5000000000000018 55.250000000000007 0.13637201353751302 51.500000000000007 0.49340090798648117 -0.0067701690286266552 6.5000000000000009 0.044610281923714766 0.44889915246849071 21.500000000000004 0.21158506275630673 0.11330816769509296 0.52859477124183019 12.500000000000002 -0.057971014492753568 34.500000000000007 0.053486939107854146 16.640614724040805 0.095890410958904132
decision_type=2 2 2 2 2 2 2 2 2 2 2 2 2 8 2 8 2 8 8 8 2 8 10 10 8 8 8 8 8 2
left_child=1 6 5 9 15 11 -1 14 24 23 16 -2 27 -11 -5 -3 -6 28 -19 -20 -21 22 -22 -4 -7 -18 -8 -13 29 -10
right_child=2 4 3 7 10 8 26 -9 17 13 -12 12 -14 -15 -16 -17 25 18 19 20 21 -23 -24 -25 -26 -27 -28 -29 -30 -31
leaf_value=-0.047875235208525109 -0.0067122574795864462 -0.0163384059117575 0.014078555845189295 0.017240773711175252 -0.021627694281434278 0.0088730624561355938 -0.029394078210391601 0.042512723152806159 0.011806833112693324 0.020454146706888211 -0.0038991282580310887 -0.0267716120035702 0.00060148918541011031 0.032681524140111586 0.039546110355078448 -0.02468853617810722 -0.019321587297263295 -0.0494556852557171 0.016945164120825727 0.0074641929382976563 0.009856594219771456 -0.04250321285067421 0.028254171579080712 -0.038984462557867063 -0.00014420632855663057 -0.0034752329754005017 -0.041533928190247295 0.020585463328852395 0.0004400961735253433 0.049873624953842545
leaf_weight=848.6456679685507 895.22902892529964 1556.2377366852015 1684.4271123856306 294.9510138258338 419.55726811476052 678.23544427379966 1082.8738792454824 797.5612207390368 49.224836580455303 1159.9875610508025 1520.3911176621914 16.709479492157698 1067.8423951175064 419.95694810524583 130.07101095840335 882.75837965402752 219.64701047167182 11.874083951115606 769.50555231422186 2236.9559523425996 236.41344748437405 10.168152719736097 211.87942161411047 12.87447080016136 1225.6107660029083 391.31042326427996 304.37120693735778 197.41169127635658 36.841506354510784 72.357525117695332
leaf_count=15790 4571 15638 4016 827 2923 2188 15345 2868 134 2808 9487 89 4824 959 608 8624 1465 42 2161 6659 595 26 479 32 4308 2463 4652 740 104 153
internal_value=-0.000143878 -0.0211641 0.0122895 0.0232896 -0.0135928 0.00587473 -0.0380613 0.0361002 0.00849984 0.0185106 -0.00807795 -0.000803898 0.00332207 0.0237042 0.024067 -0.0193606 -0.0142433 0.0113445 0.0106517 0.0108577 0.00911978 0.0171978 0.018552 0.0136761 0.00306815 -0.0091722 -0.0320576 0.0168898 0.0265499 0.0344616
internal_weight=19441.9 7225.79 12216.1 4499.83 4989.9 7716.26 2235.89 1222.58 5539.07 3277.25 2550.91 2177.19 1281.96 1579.94 425.022 2439 1030.51 3635.22 3476.8 3464.92 2695.42 458.461 448.293 1697.3 1903.85 610.957 1387.25 214.121 158.424 121.582
internal_count=115578 76387 39191 12118 40600 27073 35787 4303 16849 7815 16338 10224 5653 3767 1435 24262 6851 10353 9962 9920 7759 1100 1074 4048 6496 3928 19997 829 391 287
is_linear=0
shrinkage=0.05


Tree=11
num_leaves=31
num_cat=0
split_feature=9 9 9 31 9 9 9 36 6 31 8 31 9 4 1 1 19 3 13 36 5 1 20 2 39 19 11 20 6 12
split_gain=1892.93 409.193 302.825 102.245 69.3069 40.151 38.9153 22.6191 22.1254 20.7988 19.7028 19.0449 17.7017 17.3696 17.1896 17.0206 16.3483 16.1202 15.5209 15.5303 15.5107 17.5103 14.8646 14.2652 14.0449 15.5989 13.9665 15.3903 13.5204 17.3189
threshold=-1.0000000180025095e-35 1.3300000000000003 -0.65499999999999992 35.500000000000007 0.44 -0.28999999999999992 -0.85499999999999987 4.5000000000000009 0.11882623044913189 16.500000000000004 0.22611077297626295 23.500000000000004 3.0750000000000002 -0.13771820765249154 0.96976192012730367 0.91694487913756773 -0.081081081081081016 0.93453790764670075 0.21975609756097564 3.5000000000000004 0.22137530912600281 0.45120055091566286 0.45412457912457921 -0.017336530208082342 13.500000000000002 0.29550055207949955 0.084759066599260316 0.29971751412429387 0.12448965988435069 0.13807120829828992
decision_type=2 2 2 2 2 2 2 2 8 2 10 2 2 10 10 10 2 8 10 2 10 10 10 2 2 2 8 8 10 8
left_child=2 4 6 8 11 -4 -1 15 13 -9 17 23 -5 -3 24 -6 20 22 19 28 21 -15 -11 -2 25 -10 -19 -28 29 -17
right_child=1 3 5 12 7 -7 -8 9 14 10 -12 -13 -14 16 -16 18 -18 26 -20 -21 -22 -23 -24 -25 -26 -27 27 -29 -30 -31
leaf_value=-0.045827980437674165 -0.0057341452798947319 0.0034607663109450428 -0.018888003400212669 0.0333342200832644 0.01355319840201835 -0.0091532994161124207 -0.032072666127471908 0.00043604150281505101 0.031485108653483647 0.013668448224509008 -0.032726401771346551 0.015041382411705599 0.046501701673574806 0.017620989599314775 -0.020633633832051933 0.037547435094521388 0.020098595210661499 -0.014037582688212417 0.036985993248913843 -0.042469228067293224 0.065912886784226229 -0.028074338052291717 -0.02076451527237606 0.0013310830473129837 0.015471816848916659 0.0025134625259473475 -0.025776505277193575 0.0084246433606178211 0.015359788673767881 -0.041144326455435663
leaf_weight=848.55970447557047 1078.7594902012497 232.07835734263062 2352.171164596919 647.08221519738436 2318.4176320657134 1926.9996329620481 1304.8763656849042 1064.0761473476887 735.05260812863708 1297.3859398178756 27.811859540641308 194.98236702382565 421.50182996317744 37.500258237123489 19.723151966929436 9.0739636868238431 1105.1405443251133 98.747050065547228 19.697913855314255 29.47629577293992 7.7613689452409735 47.544997323304415 32.119216986000538 2115.4800864346325 224.52907399833202 49.595897868275642 35.042656630277634 536.26290189102292 54.200487703084946 30.473789468407631
leaf_count=15026 5658 609 23977 2510 6633 13830 19600 4395 1739 3422 75 479 1637 99 61 23 2783 280 50 87 16 156 89 9922 576 124 95 1403 139 85
internal_value=-0.000170222 0.0111943 -0.0222002 0.0256152 0.00550542 -0.0145043 -0.0374929 0.00894444 0.0200036 0.00609698 0.00906816 -0.000128962 0.0385281 0.0159805 0.0255951 0.0125209 0.0184059 0.00964948 -0.00422537 -0.0108132 -0.00175018 -0.00792522 0.0128366 -0.00105499 0.0264985 0.0296539 0.00332567 0.00632682 -0.000859872 -0.023089
internal_weight=18902.1 12469.5 6432.61 3527.51 8942.01 4279.17 2153.44 5552.79 2458.93 3091.45 2027.37 3389.22 1068.58 1430.03 1028.9 2461.34 1197.95 1999.56 142.922 123.225 92.8066 85.0453 1329.51 3194.24 1009.18 784.649 670.053 571.306 93.7482 39.5478
internal_count=115578 43145 72433 10310 32835 37807 34626 16776 6163 9759 5364 16059 4147 3663 2500 7017 3054 5289 384 334 271 255 3511 15580 2439 1863 1778 1498 247 108
is_linear=0
shrinkage=0.05


Tree=12
num_leaves=31
num_cat=0
split_feature=9 9 9 31 9 9 9 12 9 34 6 9 31 1 4 31 14 2 8 39 19 1 19 8 12 6 9 2 32 9
split_gain=1685.59 367.178 269.521 86.6222 66.7827 36.3569 36.237 18.9893 17.3554 16.6318 21.5928 16.2974 14.8145 14.6382 15.8488 14.1087 16.4225 14.0365 13.6841 13.0609 12.9538 14.0776 12.5206 12.1306 16.6338 12.8965 12.0503 12.0043 15.3562 15.4321
threshold=-1.0000000180025095e-35 1.3300000000000003 -0.65499999999999992 35.500000000000007 0.44500000000000012 -0.38499999999999995 -0.78499999999999992 0.1220443120461739 -0.95499999999999985 7.5000000000000009 0.045506316007454965 3.0750000000000002 23.500000000000004 0.55315318673988878 0.19782705994029096 17.500000000000004 0.16982932449949592 0.030818278427205133 0.13921188630490958 9.5000000000000018 -0.098538198890311554 0.45120055091566286 -0.17626346313173155 0.20722186076772939 0.21896404109589043 0.15003320053120853 1.8750000000000002 -0.026681750857598933 70.500000000000014 0.81000000000000016
decision_type=2 2 2 2 2 2 2 8 2 8 8 2 2 8 10 2 10 2 10 2 2 10 2 10 10 10 2 2 10 2
left_child=2 4 6 7 12 -4 8 15 -1 -6 -11 -5 -2 14 -12 16 -3 19 -14 23 21 26 -23 -15 -25 -26 -17 -16 29 -29
right_child=1 3 5 11 9 -7 -8 -9 -10 10 13 -13 18 17 27 20 -18 -19 -20 -21 -22 22 -24 24 25 -27 -28 28 -30 -31
leaf_value=-0.062925272241143596 -0.0010000098594874251 0.0084382856168184715 -0.019410088317309598 0.031814503507944493 0.015625041656225646 -0.0099483714461185441 -0.027900094193015958 0.024820868961703497 -0.039721820694811269 0.041267141530544268 0.014387559157715751 0.044825065240114918 0.021736285632713112 0.0081018620777686505 -0.0059607539990830481 -0.0030960018984395915 -0.038939818625924008 0.016636632129164063 -0.0076844429086838795 -2.6849988638532238e-06 0.018555794044357029 0.010313080434497086 -0.040884882058924765 0.0044992761525340652 -0.013584084683881803 -0.082302891845733361 0.053016740993797988 0.0017813666306686444 -0.0053608352170744396 0.031464105159962681
leaf_weight=86.606622095685452 3218.4066951032728 89.602139942348003 1747.4481454771012 615.0286110304296 757.84261682257056 2423.1672736089677 840.48974190047011 973.22411877661943 1159.6044460867997 47.21281136199832 1118.3819426503032 395.4596864040941 137.3194805085659 1490.4602564908564 196.80958595126867 22.206537090241909 22.981712982058525 245.02999570965767 55.495556250214577 1115.3205102756619 1215.796520665288 20.723202787339687 28.179899282753468 54.218505352735519 15.936838686466219 11.944688677787779 16.811123602092266 75.761130917817354 101.95490523427725 103.75734310224652
leaf_count=2055 15970 270 19239 2510 2141 18568 12487 2426 20084 131 3568 1637 332 3929 691 68 94 678 147 4092 3121 60 92 147 40 36 32 317 327 289
internal_value=-0.00017047 0.0106908 -0.0212528 0.0246337 0.00527034 -0.0139127 -0.0359233 0.0194439 -0.0413344 0.00876419 0.00762814 0.0369063 -0.000193501 0.00727751 0.0111299 0.015749 -0.00123299 0.0051803 0.0132685 0.00413593 0.0172155 -0.00131814 -0.0191892 0.00707119 -0.0116398 -0.0430238 0.0210807 0.00351234 0.010136 0.0189373
internal_weight=18403.2 12145.9 6257.32 3400.01 8745.85 4170.62 2086.7 2389.53 1246.21 5334.63 4576.79 1010.49 3411.22 4529.58 1596.66 1416.3 112.584 2932.91 192.815 2687.88 1303.72 87.9208 48.9031 1572.56 82.1 27.8815 39.0177 478.283 281.473 179.518
internal_count=115578 43145 72433 10310 32835 37807 34626 6163 22139 16386 14245 4147 16449 14114 5192 3737 364 8922 479 8244 3373 252 152 4152 223 76 100 1624 933 606
is_linear=0
shrinkage=0.05


Tree=13
num_leaves=31
num_cat=0
split_feature=9 9 9 9 31 9 9 31 36 31 1 33 6 32 10 5 9 9 19 4 7 9 11 4 2 33 33 34 2 3
split_gain=1503.37 363.008 195.819 83.4116 76.5391 30.5142 19.256 17.2046 16.8703 17.0357 16.5092 18.4904 15.1204 15.2459 15.4613 15.2225 16.7524 14.9388 14.794 17.3424 15.0179 14.3992 14.243 15.0225 14.0209 19.7881 13.3477 12.9694 12.6279 12.5431
threshold=-0.11000000000000001 1.3300000000000003 -0.73499999999999988 0.44 35.500000000000007 -0.4549999999999999 -0.95499999999999985 23.500000000000004 4.5000000000000009 16.500000000000004 0.5902614795058867 62.250000000000007 0.11882623044913189 25.500000000000004 0.07671595274335001 0.2325672451785617 2.1350000000000002 3.0750000000000002 0.20680023116933152 0.055816090439162976 0.16153846153846158 0.95500000000000007 0.14506972430115783 0.39289039638201645 -0.050060085250686559 58.550000000000004 52.45000000000001 23.500000000000004 -0.0091334131774585322 0.54613805680532712
decision_type=2 2 2 2 2 2 2 2 2 2 8 2 8 10 8 10 2 2 2 8 2 2 10 10 2 2 2 10 2 10
left_child=2 3 6 7 12 27 -1 -2 -5 -10 22 18 13 14 -3 24 -17 -6 26 -20 21 -21 -11 -24 -14 -26 -12 -4 -7 -8
right_child=1 4 5 8 17 28 29 -9 9 10 11 -13 15 -15 -16 16 -18 -19 19 20 -22 -23 23 -25 25 -27 -28 -29 -30 -31
leaf_value=-0.061461649263239486 -0.0019793443292220143 -0.032463510133262138 -0.018877986680408607 0.011432358975261576 0.030447243573606578 -0.017161534892683742 -0.044840757593772172 0.013299809770006034 0.00055141805334894226 0.017541411018859265 -0.050410386906160787 0.050062858824913063 0.040381000741301104 0.017414095007817071 0.008003474851045347 -0.017003677895675664 0.038874694439173123 0.043265305372493186 0.036699303580960227 -0.027730279911979485 0.046071609602293007 0.012060714087877497 0.0037031451947695804 -0.063810485535678224 0.025297875739238952 -0.00047657649489340901 0.0023374673854999152 -0.029207666732997947 -0.0091293436231728083 -0.033688901450870112
leaf_weight=79.38813647441566 3819.120699679479 27.395244538784027 1347.4439221699722 2379.2995760776103 585.27092555910349 795.5432102791965 324.45212747855112 193.57947569712996 1021.3103493712842 612.1347771435976 12.140132613480089 22.292681887745857 128.2129885815084 1162.5964725762606 170.55645252764225 44.623856425285339 19.177577149122953 371.64482756145298 70.02441979944706 36.140315063297749 18.836811445653439 61.29802319034934 110.7785332351923 8.9015742391347867 695.16270821914077 83.401295468211174 991.44275522977114 392.34774271585047 1271.2982790116221 1131.4060221852269
leaf_count=2055 20869 85 16454 7017 2510 7295 6123 487 4395 1643 40 44 305 3116 462 125 50 1637 167 118 47 166 295 30 1773 247 2814 5246 10636 19327
internal_value=-0.000167489 0.00922764 -0.0224077 0.00420587 0.0235189 -0.0163282 -0.0374818 -0.00124225 0.0082963 0.00577999 0.00852692 0.00494674 0.0186312 0.0152301 0.0024031 0.0233989 -0.000207632 0.0354255 0.00410148 0.0170414 0.00520282 -0.00269794 0.0144571 -0.00131839 0.0250599 0.0225369 0.00169939 -0.0212075 -0.012221 -0.0361742
internal_weight=17987.2 12645.3 5341.88 9357.3 3288.04 3806.63 1535.25 4012.7 5344.6 2965.3 1943.99 1212.18 2331.13 1360.55 197.952 970.578 63.8014 956.916 1189.88 186.3 116.275 97.4383 731.815 119.68 906.777 778.564 1003.58 1739.79 2066.84 1455.86
internal_count=115578 48442 67136 38132 10310 39631 27505 21356 16776 9759 5364 3396 6163 3663 547 2500 175 4147 3352 498 331 284 1968 325 2325 2020 2854 21700 17931 25450
is_linear=0
shrinkage=0.05


Tree=14
num_leaves=31
num_cat=0
split_feature=9 9 9 31 9 31 9 12 31 34 8 1 19 2 31 9 31 8 1 33 0 8 12 4 12 2 38 33 11 33
split_gain=1358.5 285.474 229.889 67.7005 56.3804 36.644 29.1279 17.6513 15.0387 19.2082 16.727 14.9553 15.6498 13.7015 13.6532 13.6528 12.7258 13.9573 13.1747 11.9164 11.9315 11.7808 14.7857 15.4079 14.2393 11.7315 11.5816 14.4856 15.7083 11.5457
threshold=-1.0000000180025095e-35 1.3300000000000003 -0.65499999999999992 35.500000000000007 0.44500000000000012 1.5000000000000002 -0.28999999999999992 0.1213537241574625 15.500000000000002 8.5000000000000018 0.047065337763012187 0.55315318673988878 -0.20268091712443273 -0.017336530208082342 22.500000000000004 3.0750000000000002 20.500000000000004 0.12933094384707292 0.0435830861396738 60.550000000000004 16.767486556555035 0.087337909992372245 0.089358304297328703 0.11717115585774056 0.082235130917288027 -0.02717694563697956 1950.0000000000002 56.150000000000013 0.13978955716630703 56.550000000000004
decision_type=2 2 2 2 2 2 2 8 2 8 10 8 2 2 2 2 2 10 8 2 10 10 10 8 10 2 2 2 10 2
left_child=2 4 5 7 13 -1 25 14 29 10 -10 -11 -13 19 21 -5 18 -18 -15 -2 -21 22 23 24 -3 -4 27 -25 -29 -6
right_child=1 3 6 15 8 -7 -8 -9 9 11 -12 12 -14 16 -16 -17 17 -19 -20 20 -22 -23 -24 26 -26 -27 -28 28 -30 -31
leaf_value=-0.042838910677994071 -0.0075353931642415453 -0.035119461195618193 -0.025368976603798828 0.029135606646215825 0.0098541576418325963 -0.028566077298445416 -0.0081293133315397167 0.02317364478881204 -0.0052149123534090316 0.013157174276456888 0.020361072337147249 0.056245102782435275 0.0055847562361673268 0.042436059214443961 0.017704624035873178 0.04169253087716171 0.022270225257343075 -0.0021624420001641327 0.00037097865832978668 0.0027074650837510916 0.060024778773882626 0.014021247139399765 -0.023776940112732157 0.046228574133108061 0.033670410105512048 -0.015165414062654634 0.07283998380926246 0.010283564245305406 -0.062466938705116326 -0.00057892278910635171
leaf_weight=716.73554903385229 850.14055234007537 31.137840270996094 332.45315795578063 560.34721139073372 413.99576047249138 1207.0117754922248 1801.8049803934991 930.68591433018446 71.891113873571157 1027.9506293833256 577.18463233113289 15.345496423542498 2316.6955832950771 18.793863464146852 912.87489855289459 352.73612548969686 151.22630126401782 95.279053810983896 1944.1138147190213 241.73144205473363 9.4338427297770959 251.3856235742569 57.028426837176085 22.730938704684377 9.9192698262631875 1845.3184490660205 8.8496532738208753 47.646971005946398 8.7884801477193815 737.68664943985641
leaf_count=15790 4707 106 4041 2510 1705 18836 13830 2442 201 2919 1501 35 6658 73 2448 1637 411 290 9735 1202 31 705 193 54 26 19936 15 139 35 3367
internal_value=-0.000147503 0.00974307 -0.0196923 0.0224811 0.00494024 -0.0338837 -0.0128321 0.0178756 0.00820732 0.00965397 0.0175283 0.00813282 0.00591812 -0.000152483 0.0142241 0.0339865 0.00211847 0.0128265 0.000773731 -0.00470841 0.00486032 0.00696166 -0.00257441 0.00679352 -0.0185 -0.0167231 0.0185923 0.0125282 -0.0010456 0.00317146
internal_weight=17568.9 11665.6 5903.32 3194.13 8471.47 1923.75 3979.58 2281.05 5160.75 4009.07 649.076 3359.99 2332.04 3310.72 1350.36 913.083 2209.41 246.505 1962.91 1101.31 251.165 437.487 186.102 129.073 41.0571 2177.77 88.016 79.1664 56.4355 1151.68
internal_count=115578 43145 72433 10310 32835 34626 37807 6163 16386 11314 1702 9612 6693 16449 3721 4147 10509 701 9808 5940 1233 1273 568 375 132 23977 243 228 174 5072
is_linear=0
shrinkage=0.05


Tree=15
num_leaves=31
num_cat=0
split_feature=9 9 9 31 9 9 31 9 1 4 10 13 9 2 1 35 18 33 31 19 1 10 31 5 4 0 32 1 17 37
split_gain=1227.17 292.473 185.018 58.9493 57.3853 23.1592 20.0866 19.9875 14.5543 19.3504 13.7046 13.485 12.4238 12.3439 11.1437 20.2056 15.3391 11.1895 10.9799 11.7356 10.4674 12.4177 10.8541 11.5438 12.6389 11.3335 10.5502 10.4457 10.4415 10.3786
threshold=-0.11000000000000001 1.3150000000000002 -0.70999999999999985 35.500000000000007 0.41500000000000004 -0.55499999999999983 22.500000000000004 -0.86499999999999988 0.34553552298231799 0.10025245772208639 0.14919545219165983 0.26726190476190481 1.865 -0.0180370282746775 0.43157012865137351 13.500000000000002 0.06458333333333334 62.250000000000007 16.500000000000004 0.044240252147831866 0.47514794089175144 0.062559297912713488 11.500000000000002 0.16450914676721132 0.090155342475169251 14.145755690577035 62.500000000000007 0.50632810962800834 1.0000000180025095e-35 6.5000000000000009
decision_type=2 2 2 2 2 2 2 2 10 8 10 10 2 2 8 2 10 2 2 2 8 10 2 8 10 10 10 10 10 2
left_child=2 4 7 10 6 -4 20 -1 -8 -10 11 14 -5 -7 18 16 -16 -17 19 -3 -2 -22 -23 24 26 -26 -24 -28 -11 -6
right_child=1 3 5 12 29 13 8 -9 9 28 -12 -13 -14 -15 15 17 -18 -19 -20 -21 21 22 23 -25 25 -27 27 -29 -30 -31
leaf_value=-0.042109800931111392 0.0014950256044734154 0.026679667233811689 -0.021256179884822871 0.019921506051596163 0.0076488350394825766 -0.01797365710399831 0.053958686754711715 -0.030573981844254784 0.021520397661894838 -0.0058767190102180936 0.027786855997459361 0.059742690231137999 0.035460795540431141 -0.0099934397495891301 -0.065376029827489704 0.014427341337736755 -0.0011526609492176208 0.055830053066473595 0.027072455356229583 -0.050897729617978262 -0.021971672174303767 -0.0090358527819157739 0.0024235422140836717 -0.0074531707596561083 0.0048151432160907443 -0.014534859276509986 -0.04823616718336704 0.019536858373954705 -0.070849960945397181 -0.0010675388851565874
leaf_weight=630.93256237544119 1323.0783583689481 9.8381981104612368 930.85529493913054 156.80523040145636 5167.883670123294 651.52204108517617 20.857302576303482 927.45984277129173 117.17773180454969 51.648723527789116 275.70225049182773 17.369362954050303 715.79216287843883 1891.1054905024357 12.64017568901181 1589.0133746918291 35.154637925326824 16.488385327160358 273.12452842667699 9.6634006313979608 93.914744537323713 587.88227680698037 436.63669926673174 450.61413788422942 136.13324711471796 170.38783661648631 5.8918256089091292 162.28570031002164 7.0244875997304908 365.67719666659832
leaf_count=13174 7925 34 12718 675 17165 6777 46 16699 319 163 735 38 3478 17719 41 4434 114 37 707 44 593 4307 2018 2166 660 880 32 706 18 1284
internal_value=-0.000151959 0.00841205 -0.0209305 0.0216444 0.00388601 -0.0145086 -0.00106257 -0.0352444 0.0144678 0.00978386 0.0173481 0.0158822 0.0326684 -0.0120383 0.0154907 0.0138988 -0.0181377 0.0148525 0.0244844 -0.0117614 -0.00196994 -0.00421309 -0.00335774 -0.000906792 0.0023301 -0.00594107 0.00652194 0.0171625 -0.0136555 0.00707283
internal_weight=17240.6 12208.7 5031.88 3111.59 9097.09 3473.48 3563.53 1558.39 196.708 175.851 2238.99 1963.29 872.597 2542.63 1945.92 1653.3 47.7948 1605.5 292.626 19.5016 3366.82 2043.75 1949.83 1361.95 911.335 306.521 604.814 168.178 58.6732 5533.56
internal_count=115706 48619 67087 10337 38282 37214 19833 29873 546 500 6184 5449 4153 24496 5411 4626 155 4471 785 78 19287 11362 10769 6462 4296 1540 2756 738 181 18449
is_linear=0
shrinkage=0.05


Tree=16
num_leaves=31
num_cat=0
split_feature=9 9 9 31 31 9 9 36 19 34 4 0 14 9 0 14 33 9 3 6 5 8 14 1 8 6 11 5 37 4
split_gain=1105.35 266.249 167.31 52.8866 50.0274 21.4716 18.4105 14.9405 13.2094 12.3666 11.731 11.7555 12.0337 11.6689 11.5761 11.5409 14.4791 11.2938 10.9681 10.9135 10.8739 20.4283 13.6386 12.0189 10.6607 10.6542 14.5213 11.782 10.5752 12.728
threshold=-0.11000000000000001 1.3150000000000002 -0.70999999999999985 14.500000000000002 35.500000000000007 -0.38499999999999995 -0.86499999999999988 4.5000000000000009 -1.0000000180025095e-35 7.5000000000000009 0.51487676466477195 14.57911100601671 0.24288907813497981 0.41500000000000004 13.620169320910088 0.056978421984652729 57.150000000000013 1.865 0.21026678248125283 0.089755098282925952 0.25028735632183913 0.094044811320754734 0.18343692773630091 0.58665013595026438 0.069204980842911892 0.10006105006105008 0.13415391607332225 0.081090866391373292 7.5000000000000009 0.2492646995216222
decision_type=2 2 2 2 2 2 2 2 2 8 10 10 10 2 8 8 2 2 8 10 10 10 10 10 8 8 10 10 2 10
left_child=2 3 6 7 14 18 -1 8 -2 10 11 25 -13 -10 -3 16 19 -6 -4 -11 28 23 -23 -22 -16 -5 -27 -28 -17 -30
right_child=1 4 5 9 17 -7 -8 -9 13 15 -12 12 -14 -15 24 20 -18 -19 -20 -21 21 22 -24 -25 -26 26 27 -29 29 -31
leaf_value=-0.04066421305785848 0.0098722391738577525 0.0010164364746865289 -0.029715933340388936 0.015520436335273155 0.018975447619315806 -0.0095191921695896298 -0.029412912725840314 -0.0039375521697682268 -0.0048936665230683817 -0.01592211119816964 -0.046553927790082571 0.022255204116348324 -0.045674914343367824 0.0085116209731326067 -0.016368538974328099 0.0068631176207714709 -0.02228839764644526 0.034059311468887306 -0.016322512848683624 0.015734902735261767 -0.077344966850604505 0.058418029535722317 -0.01819608289273 -0.011571639294977233 0.018120395833896723 -0.006042251150076252 -0.031326024766045457 0.037190979073990389 -0.017126283845268403 0.019266289196667074
leaf_weight=609.51684224884957 448.31080449931324 108.81961433961987 167.72256807191297 236.66123903170228 151.74383060261607 1512.8933968124911 901.07843305333517 2055.5771529655904 545.74249183479697 41.245443575084209 8.3165167085826379 298.18550392985344 6.6652525961399069 231.07135170139372 22.652613408863544 4539.2628866452724 81.363924536854029 681.06849649176002 1724.7596491430886 80.088795784860849 14.413335710763933 10.956531897187235 12.363837137818335 13.405295938253401 2059.1627474222332 179.69314317032695 7.5362162515521041 37.468444533646107 93.877224713563919 32.289355985820293
leaf_count=13174 2548 328 2405 696 675 13269 16699 12728 3477 166 33 881 21 1056 84 14783 317 3478 21540 260 41 27 48 42 5772 566 29 118 339 106
internal_value=-0.000134666 0.00804714 -0.0201032 0.00372392 0.0208797 -0.0139597 -0.0339528 -0.00133264 0.00303801 0.00663746 0.01251 0.0131511 0.02077 -0.000906124 0.0169141 0.00571284 -0.00596945 0.0313109 -0.0175095 0.00497366 0.0062149 -0.0167159 0.0177993 -0.04565 0.0177451 0.00811677 0.000318905 0.0257175 0.00646625 -0.00781246
internal_weight=16913.9 11997.9 4915.97 8974.49 3023.45 3405.38 1510.6 3280.7 1225.12 5693.79 774.526 766.21 304.851 776.814 2190.63 4919.27 202.698 832.812 1892.48 121.334 4716.57 51.139 23.3204 27.8186 2081.82 461.359 224.698 45.0047 4665.43 126.167
internal_count=115706 48619 67087 38282 10337 37214 29873 19809 7081 18473 2344 2311 902 4533 6184 16129 743 4153 23945 426 15386 158 75 83 5856 1409 713 147 15228 445
is_linear=0
shrinkage=0.05


Tree=17
num_leaves=31
num_cat=0
split_feature=9 9 9 31 31 9 9 3 33 10 35 9 2 1 9 14 34 14 0 0 39 5 5 14 12 31 36 0 9 1
split_gain=995.525 234.613 152.399 48.839 44.292 19.6488 17.1547 14.697 14.204 15.3936 13.0953 11.4927 11.0862 10.5835 10.5456 10.1694 10.0299 13.1168 15.1312 9.71391 10.6123 10.5059 13.2438 9.52698 9.08815 15.7895 8.99419 9.18919 9.64572 8.76509
threshold=-0.11000000000000001 1.3150000000000002 -0.70999999999999985 14.500000000000002 35.500000000000007 -0.55499999999999983 -0.93499999999999994 1.6154155907642179e-05 55.650000000000013 0.096640792634449524 6.5000000000000009 0.41500000000000004 -0.026681750857598933 0.83186834003644961 1.865 0.094807158032358244 8.5000000000000018 0.21584049833304089 14.57911100601671 13.620169320910088 9.5000000000000018 0.16450914676721132 0.19212700833501387 0.14745066761195796 0.13732974105672807 25.500000000000004 4.5000000000000009 13.228027876693352 0.18000000000000002 0.89977804574115927
decision_type=2 2 2 2 2 2 2 10 2 10 2 2 2 10 2 8 10 10 10 8 2 10 10 10 10 2 2 8 2 10
left_child=2 3 6 8 19 -4 -1 -8 9 -2 -10 -11 -7 26 15 -6 17 18 -5 20 -3 23 -23 -22 -19 -26 27 -12 -29 -20
right_child=1 4 5 16 14 12 7 -9 10 11 13 -13 -14 -15 -16 -17 -18 24 29 -21 21 22 -24 -25 25 -27 -28 28 -30 -31
leaf_value=-0.0530249985663587 -0.0053107880762959742 -0.040460782219677333 -0.019781928793538531 0.0082680964373975062 -0.019707144418664557 -0.018296437727779773 -0.045258036008359787 -0.029383648628953651 0.048741518650977596 0.0049737157532197982 0.025956499982019293 0.021754060000061571 -0.0095241190928903388 -0.017220347062514015 0.032699855121127407 0.022475156416373876 0.0053433693719502212 0.0025145757047696487 0.022702885712387294 0.01693488477484837 0.0098246590713233807 -0.054271753611839918 0.011597135675071103 0.059667960056379546 -0.003072073444803283 -0.081727658922214494 -0.0049450932973880302 -0.0053868604026099344 0.0053513491517697132 -0.022593802021987748
leaf_weight=97.394798693712801 247.74527759477496 13.205545864999293 887.58198483288288 739.93493640422821 16.029124416410923 438.87496823025867 165.91015723953024 1203.277479424607 12.132452972233294 340.49904447421432 36.638594765216112 145.6987894102931 2008.0096873855218 129.98889674805105 649.67152609303594 131.54577343165874 4452.7131749019027 82.406216319650412 316.57809590920806 2047.9308613725007 51.330486714839935 13.242469277232887 18.009450510144234 11.788754366338251 18.368072211742405 9.7763852253556234 1478.6271770102903 389.63556867837906 451.41143228113651 11.052673138678072
leaf_count=2526 1571 43 12718 2299 81 4844 3674 23673 50 2050 197 582 19652 832 3478 594 14833 258 950 5856 155 50 56 24 70 23 9523 2682 2322 40
internal_value=-0.000117753 0.0076833 -0.0193171 0.00361672 0.0198899 -0.0134092 -0.0327495 -0.0313072 -0.00128201 0.00483329 -0.00307844 0.0100023 -0.0110975 -0.00333131 0.0299591 0.0178934 0.00642883 0.0105313 0.0122291 0.0161656 0.00152054 0.00739507 -0.0163137 0.0191339 -0.00586349 -0.0303942 -0.00256511 0.00144443 0.000376611 0.0211748
internal_weight=16617 11816 4801.05 8863.21 2952.75 3334.47 1466.58 1369.19 3232.38 733.943 2498.43 486.198 2446.88 2486.3 797.246 147.575 5630.83 1178.12 1067.57 2155.51 107.577 94.3712 31.2519 63.1192 110.551 28.1445 2356.31 877.686 841.047 327.631
internal_count=115706 48619 67087 38282 10337 37214 29873 27347 19809 4203 15606 2632 24496 15556 4153 675 18473 3640 3289 6184 328 285 106 179 351 93 14724 5201 5004 990
is_linear=0
shrinkage=0.05


Tree=18
num_leaves=31
num_cat=0
split_feature=9 9 9 31 31 9 9 1 8 2 13 0 9 3 8 5 34 8 2 9 5 8 1 4 32 1 14 9 2 14
split_gain=896.068 209.391 142.066 41.7281 40.7658 22.1403 14.1447 13.8069 12.8052 12.521 14.0147 12.6922 12.3866 11.992 11.9809 11.2626 10.165 9.70911 9.61486 9.53426 9.10281 13.7653 9.38502 17.2814 16.4975 11.6322 10.6062 15.1179 14.1118 13.5415
threshold=-0.11000000000000001 1.3050000000000004 -0.73499999999999988 14.500000000000002 35.500000000000007 -0.55499999999999983 -0.93499999999999994 0.57003081171495984 0.087337909992372245 0.034983002023973024 0.12778327560613559 13.272763184711524 1.9450000000000001 0.54613805680532712 0.097167584579071611 0.19590279106415109 6.5000000000000009 0.16035714285714289 -0.0180370282746775 1.8750000000000002 0.059453721237160737 0.080322580645161304 0.5634615325598491 0.33356039963669387 59.500000000000007 0.91694487913756773 0.13796193301198864 0.91000000000000003 -0.043952736005716093 0.15607258620578554
decision_type=2 2 2 2 2 2 2 8 8 2 10 8 2 10 8 10 8 8 2 2 8 8 10 10 10 10 10 2 2 10
left_child=2 3 6 7 8 -4 -1 9 12 11 -11 -2 -3 -8 -9 -14 -16 -12 -7 -6 21 -5 26 -24 -25 -26 -22 28 -28 -30
right_child=1 4 5 20 19 18 13 14 -10 10 17 -13 15 -15 16 -17 -18 -19 -20 -21 22 -23 23 24 25 -27 27 -29 29 -31
leaf_value=-0.051727398496971104 0.019268693011553026 -0.00046428353785347922 -0.019513224237575108 0.025323387597907577 0.017383953137598596 -0.016095499553412735 -0.041061458445311949 -0.012411349292781237 0.016988530164554542 0.0070624967491882962 0.053706508825325495 -0.0009383510251424565 0.024570131152919297 -0.028749989397422709 0.026948513310032347 -0.015596541023590505 -0.0029606002837708483 -0.011648293773314708 -0.0088307958216447598 0.031448330029668146 0.012536391377698831 -0.0075714988623646721 0.0055334538246262256 -0.035428448353131345 0.0064757018612775236 -0.066621333496616836 0.020352490868218446 0.013895212010761895 -0.019308976610592225 0.0014490386965766537
leaf_weight=91.777029213495553 81.586849324405193 226.38188532181084 1002.7730330722407 36.918876931071281 149.86887584626675 609.97126265522093 250.82946492452174 401.18137167021632 1842.3521270379424 180.57438286393881 29.374729627743363 1635.0286410283297 116.81426773220301 935.43856899766251 29.4321702234447 20.517289519309998 816.4460276234895 7.0459303334355345 1797.993311593309 614.90048928931355 1072.4395581670105 229.51186539977789 3076.8991843871772 50.482502892613411 73.91876583173871 5.8751004785299292 79.495582453906536 332.28594801388681 95.365511335432529 446.00119221955538
leaf_count=2526 476 727 15083 115 710 6777 6044 2554 5305 1018 126 10351 322 18938 158 63 5085 41 17719 3443 3561 810 10112 201 279 20 276 959 371 1536
internal_value=-0.000141065 0.00728699 -0.0185983 0.00336546 0.0187445 -0.0132707 -0.0328163 -0.001193 0.015296 0.00145256 0.0127692 2.2044e-05 0.00672243 -0.0313532 -0.00529503 0.0185692 -0.00191992 0.041063 -0.010671 0.0286922 0.00600202 -0.00301331 0.00646105 0.00477823 -0.0130588 0.00109368 0.0091255 0.00528772 0.000680981 -0.00220763
internal_weight=16339.5 11650.7 4688.78 8679.86 2970.83 3410.74 1278.05 3180.67 2206.07 1933.61 216.995 1716.62 363.713 1186.27 1247.06 137.332 845.878 36.4207 2407.96 764.769 5499.19 266.431 5232.76 3207.18 130.276 79.7939 2025.59 953.148 620.862 541.367
internal_count=115706 48619 67087 38049 10570 39579 27508 19809 6417 12012 1185 10827 1112 24982 7797 385 5243 167 24496 4153 18240 925 17315 10612 500 299 6703 3142 2183 1907
is_linear=0
shrinkage=0.05


Tree=19
num_leaves=31
num_cat=0
split_feature=9 9 9 31 9 31 9 2 19 10 9 0 6 6 10 13 3 9 37 8 5 8 5 4 4 14 19 6 1 8
split_gain=816.74 162.917 162.227 34.4115 29.0307 23.4466 17.8167 10.6972 12.6553 10.6627 10.3084 11.5975 10.0547 10.132 10.3061 11.5782 9.09991 9.07573 9.04107 11.902 12.4813 9.87444 10.0727 10.3337 15.182 14.8518 11.013 10.8609 9.78825 10.152
threshold=1.0000000180025095e-35 1.3150000000000002 -0.70999999999999985 35.500000000000007 -0.38499999999999995 14.500000000000002 -0.86499999999999988 0.031457618059387363 0.015749007936507912 0.075025354969574048 0.435 14.503513653166067 0.045506316007454965 0.060628474090012562 0.14919545219165983 0.26726190476190481 0.21026678248125283 3.0750000000000002 7.5000000000000009 0.17445652173913045 0.24249174835710535 0.053101503759398504 0.066696723775172842 0.25376993795276614 0.10429447852760736 0.17101384130686562 0.095890410958904132 0.09526543108632661 0.36798821771296353 0.13680926916221037
decision_type=2 2 2 2 2 2 2 2 2 10 2 10 8 10 10 10 8 2 2 10 8 10 10 10 10 10 2 10 8 8
left_child=2 5 6 12 16 7 -1 8 9 -2 -9 -12 -3 -14 15 -15 -4 -5 28 20 21 -20 -23 24 27 26 -25 -24 29 -7
right_child=1 3 4 17 -6 18 -8 10 -10 -11 11 -13 13 14 -16 -17 -18 -19 19 -21 -22 22 23 25 -26 -27 -28 -29 -30 -31
leaf_value=-0.037959444737597367 -0.010051481853561885 -0.019213335564556108 -0.02739928123730187 0.023137282012888071 -0.0071515207036984361 0.016900015843451289 -0.02629884454028554 0.002817256694206351 -0.0044245844409039571 0.0053818337359818362 0.0084954604678386669 0.04468571797512088 0.030144965058945396 0.012638742695665506 0.023963717192830448 0.056801302396843958 -0.014638441699130481 0.034613542711957081 -0.061341682649434785 0.032243832173528796 0.06176811605183033 0.033829696177387743 -0.032382705489634699 0.06596798485920384 -0.043496214745418621 -0.053863510273327968 -0.0028139146852516131 0.021105481971700316 0.0055847281939731958 0.0027046250931904315
leaf_weight=545.12009420152754 129.74047983624041 21.421491753309965 152.80922774644569 458.764643272385 2205.2180163506418 401.40832762420177 820.89541121385992 210.89156600832939 1237.3269941918552 814.55671024881303 55.871291309595108 36.66423012688756 107.77386592328548 1699.1750743854791 246.23621323890984 14.972149610519407 1629.3918926310726 275.86748893000185 10.056021224707363 18.28571080416441 5.7145792767405501 11.943930184468625 16.083175729960203 11.022295545786625 44.447343818843365 6.8952175155282012 12.329454980790613 23.152860727161169 4668.1264078095555 183.53941468149424
leaf_count=13174 839 69 2405 2503 19191 1324 16699 1169 7472 4638 237 123 296 5077 705 37 21540 1650 43 59 13 42 67 33 163 22 43 81 15365 627
internal_value=-0.000131574 0.00783185 -0.0160813 0.0181386 -0.0109869 0.00414634 -0.0309521 0.00012564 -0.00109778 0.00326139 0.00892193 0.0228347 0.0148661 0.0152191 0.0143985 0.0130245 -0.0157326 0.0274468 0.0059922 -0.00571901 -0.0106198 -0.0136631 -0.00985406 -0.0144337 -0.0234868 0.0106134 0.0296519 -0.000819768 0.00634875 0.0124459
internal_weight=16075.7 10722.3 5353.43 2824.21 3987.42 7898.06 1366.02 2485.05 2181.62 944.297 303.427 92.5355 2089.58 2068.16 1960.38 1714.15 1782.2 734.632 5413 159.931 141.645 135.93 125.874 113.93 83.6834 30.247 23.3518 39.236 5253.07 584.948
internal_count=115706 42697 73009 10337 43136 32360 29873 14478 12949 5477 1529 360 6184 6115 5819 5114 23945 4153 17882 566 507 494 451 409 311 98 76 148 17316 1951
is_linear=0
shrinkage=0.05


Tree=20
num_leaves=31
num_cat=0
split_feature=9 9 9 9 9 9 9 19 19 5 20 10 36 33 19 37 4 31 12 20 35 6 12 11 14 11 5 11 33 18
split_gain=733.878 144.649 139.08 33.3373 33.0856 31.4859 14.6841 12.1797 10.631 15.5075 10.272 10.0417 9.94251 10.1237 9.38883 9.32629 9.80932 8.94024 8.74863 14.2783 13.1276 12.21 11.3331 10.6956 12.7941 12.7335 18.0916 14.2897 10.1103 11.1479
threshold=1.0000000180025095e-35 1.3150000000000002 -0.73499999999999988 3.0100000000000002 -0.4549999999999999 0.58000000000000018 -0.91499999999999992 -0.098538198890311554 0.052631578947368453 0.2325672451785617 0.48733974358974363 0.062559297912713488 4.5000000000000009 55.250000000000007 0.13207547169811321 9.5000000000000018 0.21518987341772158 35.500000000000007 0.068278943278943294 0.39647406026716375 15.500000000000002 0.16132975786733972 0.047847985347985351 0.13415391607332225 0.041469034506013268 0.085727178958225903 0.083034102630221776 0.082809141380174353 56.250000000000007 0.095454545454545472
decision_type=2 2 2 2 2 2 2 2 2 8 10 10 2 2 2 2 10 2 10 10 2 8 8 10 10 10 10 10 2 8
left_child=2 5 6 7 -4 8 -1 -3 9 -2 -10 -11 13 -6 -8 -7 -17 18 19 21 -20 22 -9 24 -24 27 -27 -26 -25 -30
right_child=1 3 4 -5 12 15 14 17 10 11 -12 -13 -14 -15 -16 16 -18 -19 20 -21 -22 -23 23 28 25 26 -28 -29 29 -31
leaf_value=-0.044126250168892101 0.0040649983097309867 -0.0012748554195447363 -0.016728551944439764 0.031121179250449129 0.0048107883720256948 0.0073697690419357092 -0.026512021244593488 0.030328659146635181 -0.0018122231942221357 0.048583398142364044 -0.043329487809766143 -0.022866718618433927 -0.010167398853867846 -0.0064147553084102568 -0.043535857501641226 -0.060575577896104182 0.022845207343271879 0.022627021306580206 0.030432376030524719 0.05195022921496998 0.014461281254847936 0.034456709011028701 -0.054293227885291243 0.066616156044993033 -0.00015006933786419923 0.030991429872965923 -0.037928658807939719 0.075108972882403632 -0.049048334979946234 0.025127936457636665
leaf_weight=162.57061984762549 2011.9587011877447 106.13957436010242 1479.6876619739924 385.94989596307278 258.34591741207987 4047.3798547443002 949.04483601218089 23.102018266916275 1599.642044827342 5.2583652734756461 15.038457375019787 75.848743319511414 1407.3093389663845 902.39358703233302 88.547524035908282 10.101064458489416 5.4120608642697325 421.44992158934474 140.83632797002792 15.33819794654846 1488.6108118537813 25.477797418832779 16.700894951820374 8.2238849103450757 48.84054371714592 11.979581408202646 46.413355458527803 7.2426315248012534 7.3171124197542694 16.459087580442429
leaf_count=4149 9992 382 21636 2026 2177 13141 20900 65 8496 19 72 334 13810 7902 2290 39 21 2379 391 41 4438 69 63 18 149 37 158 14 30 48
internal_value=7.19433e-05 0.00767814 -0.0152056 0.0174883 -0.0107733 0.00418102 -0.030154 0.0152813 0.000849343 0.00320089 -0.0021989 -0.0182344 -0.00734194 -0.00391628 -0.0279648 0.00722146 -0.0314726 0.0160527 0.0145603 0.00536635 0.0158417 0.00199213 -0.00244812 -0.00708853 -0.013411 -0.00744675 -0.0237894 0.00956895 0.0188291 0.00230023
internal_weight=15788.6 10540.7 5247.9 2770.08 4047.74 7770.64 1200.16 2384.13 3707.75 2093.07 1614.68 81.1071 2568.05 1160.74 1037.59 4062.89 15.5131 2277.99 1856.54 227.095 1629.45 211.757 186.279 163.177 131.177 114.476 58.3929 56.0832 32.0001 23.7762
internal_count=115286 42422 72864 10308 45525 32114 27339 8282 18913 10345 8568 353 23889 10079 23190 13201 60 7900 5521 692 4829 651 582 517 421 358 195 163 96 78
is_linear=0
shrinkage=0.05


Tree=21
num_leaves=31
num_cat=0
split_feature=9 9 9 9 9 9 9 31 1 36 1 19 9 8 13 5 16 6 7 9 39 1 5 4 5 5 2 34 0 6
split_gain=668.777 155.486 101.68 43.4586 29.644 18.0101 13.2181 12.9889 15.3835 11.4068 12.1019 10.7343 10.6802 12.6261 10.5572 12.9598 11.5972 12.6532 13.3373 10.4691 10.265 10.913 9.75584 15.7489 10.9386 11.2997 10.8488 12.8906 10.8998 10.7881
threshold=-0.155 1.3150000000000002 -0.73499999999999988 0.58000000000000018 3.0750000000000002 -0.46999999999999992 -0.90499999999999992 14.500000000000002 0.34553552298231799 4.5000000000000009 0.80091355108419959 -0.098538198890311554 0.064999999999999974 0.133974358974359 0.2573593073593074 0.24249174835710535 -1.0000000180025095e-35 0.098448461644275315 0.076923076923076941 0.51000000000000012 9.5000000000000018 0.28474892404406543 0.16450914676721132 0.10025245772208639 0.040617068527918791 0.10156808834048643 -0.0077327966755355634 27.500000000000004 16.421110283676313 0.12602182871143783
decision_type=2 2 2 2 2 2 2 2 8 2 8 2 2 8 8 8 10 8 2 2 2 10 8 8 10 10 2 10 10 8
left_child=2 3 6 7 11 -4 -1 9 12 10 -2 -3 -9 20 22 16 17 18 -16 -19 21 -14 23 -10 -25 -26 28 -28 29 -24
right_child=1 4 5 -5 -6 -7 -8 8 14 -11 -12 -13 13 -15 15 -17 -18 19 -20 -21 -22 -23 26 24 25 -27 27 -29 -30 -31
leaf_value=-0.040782236938522079 0.0036421676625292541 -0.00052008535166940984 -0.016417428303912868 0.0069108595686525349 0.030585884421831307 -0.0087405045703385763 -0.026928269311234827 -0.015414428780224601 0.0087281512128206812 -0.0049738723693883279 -0.013029245888655278 0.015617707893857481 0.021297339672939224 0.0017941562088848778 -0.053255443714758405 -0.052281846251527798 0.037895108130270611 0.011230927098575457 0.018719226395477028 0.072070712221361882 -0.01373209289680179 0.05416997979190661 -0.02551631863974136 0.069102460654710152 -0.013712601973860062 0.0039816758320782254 0.0055089406703951287 -0.023653953572038394 0.018667961329935822 -0.0039185766564675609
leaf_weight=210.28799115726724 924.79328882694244 107.97930794581771 1355.7840775649529 4034.6359084714204 344.21361149195582 1750.2217087773606 949.85619079577737 23.610736627131701 554.2800009958446 1671.0478202700615 123.37749625183642 2254.7437945697457 59.976942993700504 59.997297026216984 14.719104927033188 6.8380566239356986 47.771139126271009 46.513660509139299 11.438368484377859 8.3384461849927884 11.990510210394858 43.601213335990906 129.16112803295255 4.9652361720800391 197.17948875762522 166.34864911809564 267.28589714318514 44.151663564145565 25.352329436689615 104.67780410125852
leaf_count=5458 5970 387 20508 13201 1916 17970 21881 115 2139 11717 869 8005 219 230 69 32 175 193 46 23 49 145 583 14 862 746 1030 189 103 442
internal_value=5.57422e-05 0.00642904 -0.0168091 0.00313346 0.0168773 -0.0120915 -0.0294394 -0.000217985 0.00304101 -0.00240909 0.00167982 0.0148802 0.0161579 0.0204038 0.00143725 0.0147943 0.0183559 0.00683369 -0.0217817 0.0204796 0.030065 0.0351351 0.00022427 0.00340219 -0.004609 -0.00561579 -0.0049148 0.0013746 -0.012472 -0.0158481
internal_weight=15555.1 11289 4266.15 8582.05 2706.94 3106.01 1160.14 4547.42 1828.2 2719.22 1048.17 2362.72 199.177 175.566 1629.02 135.619 128.781 81.0096 26.1575 54.8521 115.569 103.578 1493.4 922.773 368.493 363.528 570.629 311.438 259.191 233.839
internal_count=115286 49469 65817 39161 10308 38478 27339 25960 7404 18556 6839 8392 758 643 6646 538 506 331 115 216 413 364 6108 3761 1622 1608 2347 1219 1128 1025
is_linear=0
shrinkage=0.05


Tree=22
num_leaves=31
num_cat=0
split_feature=9 9 9 31 9 9 1 34 10 2 10 9 0 5 4 16 32 1 31 32 12 6 5 10 5 19 14 13 5 3
split_gain=609.907 139.201 93.7051 36.2487 27.4469 21.7621 13.6118 12.8755 11.044 10.8083 13.0093 12.8353 10.683 10.6204 10.3731 10.1672 12.3395 11.4509 10.0007 11.2377 10.9034 12.2352 9.97063 12.7521 10.7455 9.96734 9.90743 9.89745 12.3524 12.6148
threshold=-0.155 1.3150000000000002 -0.78499999999999992 14.500000000000002 3.0750000000000002 -0.46999999999999992 0.37154098758268345 6.5000000000000009 0.066736256089074478 0.00338192205964629 0.094740737855000215 0.41500000000000004 13.620169320910088 0.039293512164691215 -0.22035186234609241 -249.99999999999997 32.500000000000007 0.37819479000426565 17.500000000000004 40.500000000000007 0.060075187969924816 0.090569525337425461 0.043609179163949872 0.12545582406341901 0.05885560331002631 0.090909090909090953 0.11279633117209852 0.057307060755336627 0.23959997337593189 6.2901219408508077e-13
decision_type=2 2 2 2 2 2 8 8 8 2 10 2 8 10 10 8 10 8 2 8 10 10 8 10 8 2 8 10 10 8
left_child=2 3 14 7 12 25 13 -2 -9 -10 -11 -12 -3 -5 -1 16 -8 26 19 -15 21 -20 23 -19 -24 -4 -17 28 29 -26
right_child=1 4 5 6 -6 -7 15 8 9 10 11 -13 -14 18 -16 17 -18 22 20 -21 -22 -23 24 -25 27 -27 -28 -29 -30 -31
leaf_value=-0.035645386009340009 0.012822191190935098 -0.0016232632869313719 -0.014834192648476028 0.077615288073078936 0.02965615382548999 -0.008465071465171543 -0.016588736802699726 -0.013001362732339839 -0.0033635546969218773 -0.0066986177215080604 0.0023534986791592005 0.017158225228851794 0.014965967507111766 0.019460206619895587 -0.024734531527260576 0.0095234122759793888 0.012416213351248446 0.046836405140697285 0.022329159875875457 -0.0029007063618013721 0.01958595192084565 -0.047525792525571341 -0.010045779229697752 -0.010739808007885428 -0.032859597514565762 -0.025588883231769111 -0.06098413619931789 0.0032751715420453863 -0.030530280091226283 0.014880544050400077
leaf_weight=481.61615527258255 155.50751225557178 101.46473554894328 1327.1739186977502 6.1986124813556662 329.73322582710534 1726.4492623615079 39.12906202301383 209.62891211360693 1823.878702590242 247.41290047578514 510.1410169750452 205.32581625133753 2228.7673889715225 82.912214867770672 397.73030078213196 8.2203335054218787 583.10333763435483 29.021793097257614 11.874972499907019 174.31843551434577 335.88469955138862 13.276715643703936 138.0155174061656 14.382936540991066 14.35012563318014 257.18736011255533 12.648476399481295 3470.3269455619156 16.845120921730995 387.25423450395465
leaf_count=12780 950 364 21251 17 1916 17970 169 1527 12414 1669 3357 899 8028 315 9224 34 2003 89 32 722 1017 45 524 53 51 4592 52 11909 56 1257
internal_value=6.14007e-05 0.00617332 -0.0162018 0.00304613 0.0161542 -0.0123484 0.00555672 -0.0012056 -0.00193361 -0.00110106 0.00318453 0.00660218 0.0142436 0.0124935 -0.0307104 0.00463767 0.0105922 0.00373201 0.0118406 0.0043068 0.0172082 -0.0145449 0.00392143 0.0277575 0.0036645 -0.01658 -0.0332108 0.00415109 0.0114153 0.0131747
internal_weight=15339.8 11149.6 4190.16 8489.66 2659.97 3310.81 5337.76 3151.89 2996.39 2786.76 962.88 715.467 2330.23 624.466 879.346 4713.3 622.232 4091.07 618.267 257.231 361.036 25.1517 4070.2 43.4047 4026.79 1584.36 20.8688 3888.78 418.449 401.604
internal_count=115286 49469 65817 39161 10308 43813 18345 20816 19866 18339 5925 4256 8392 2148 22004 16197 2172 14025 2131 1037 1094 77 13939 142 13797 25843 86 13273 1364 1308
is_linear=0
shrinkage=0.05


Tree=23
num_leaves=31
num_cat=0
split_feature=9 9 9 9 9 9 9 14 2 5 33 12 19 14 9 11 1 13 6 5 4 34 18 31 34 14 17 11 13 1
split_gain=561.812 114.895 104.34 26.8597 25.3319 20.2916 13.8349 10.819 12.8216 15.8045 10.4031 10.1948 9.39893 12.7501 13.1264 12.1563 10.9435 9.81444 9.63914 9.83369 9.70954 9.56064 11.118 9.2589 10.3334 16.7839 11.0147 12.2962 9.2408 9.14703
threshold=1.0000000180025095e-35 -0.73499999999999988 1.5250000000000001 0.69500000000000006 -0.435 3.0750000000000002 -0.85499999999999987 0.054097090721294552 -0.003399625416921518 0.19049014682074475 60.850000000000001 0.13312236286919835 0.049253841064471067 0.15203690532637903 0.25500000000000006 0.13198537344280542 0.17703259991037554 0.17416582406471184 0.11833190297664756 0.099044576296972484 0.01516429045940011 7.5000000000000009 0.75735294117647067 35.500000000000007 13.500000000000002 0.23084646277417367 1.0000000180025095e-35 0.092065740366023677 0.040270270270270282 0.88437718126076315
decision_type=2 2 2 2 2 2 2 8 2 10 2 10 2 8 2 10 8 10 10 10 8 8 8 2 8 10 10 8 8 10
left_child=1 6 3 7 -3 11 -1 -2 9 10 12 23 15 16 -15 -9 -14 21 19 -19 -20 22 -18 24 -4 26 27 -26 -5 -30
right_child=2 4 5 28 -6 -7 -8 8 -10 -11 -12 -13 13 14 -16 -17 17 18 20 -21 -22 -23 -24 -25 25 -27 -28 -29 29 -31
leaf_value=-0.033924619136281794 -0.0091039211995456119 -0.014607642292554108 0.016872935552520861 -0.051703427762461909 -0.0063680010532805075 0.028539265637251322 -0.02260515444974796 -6.3386934343438319e-05 0.005251338646888818 -0.0095534042961813517 0.01056643986148622 0.020192731882949941 0.029544774435592142 -0.015167192041098926 0.011268982252359581 0.013111520216320206 0.0075611775286486176 -0.0007503490938699012 0.047276600555094445 0.058559527202318079 -0.029967525714353523 -0.015604179681634887 -0.07972638543546616 0.022306994738627555 -0.0071781053029134406 -0.033310065557032302 0.026286845922040225 0.010148300074510719 0.0081727304563801451 -0.0011769692249184263
leaf_weight=532.71796849719249 223.76890018209815 1578.5446597635746 349.70713843777776 6.6101517230272284 2280.2921205982566 317.32600911986083 547.22691072954331 626.42383976653218 1875.8357925862074 385.51990774460137 273.68394226022065 575.50133309885859 18.27578741312027 61.338703088462353 200.24776476249099 243.00208577141166 76.673224978148937 13.215752754360439 5.2319705709815025 14.832642402499912 18.290476962924007 370.18879171460867 3.8302855491638175 183.45505825802684 142.84314418211579 25.899570107460022 70.919647660106421 361.65119457803667 3463.7269864622504 282.96242284402251
leaf_count=14899 1277 23914 1029 25 21611 1916 12440 3396 8598 1836 1321 2346 101 428 944 1176 411 65 24 57 108 2188 11 1067 466 82 214 1133 11296 907
internal_value=6.73077e-05 -0.0137731 0.00677468 0.00425349 -0.00973861 0.0169271 -0.0281888 0.00160774 0.00218027 -0.00031278 0.00153761 0.0147722 4.14183e-05 -0.00393545 0.00507004 0.00361896 -0.00846098 -0.00984389 0.0108182 0.0306141 -0.0127865 -0.0122082 0.00340811 0.0120225 0.0100386 0.00606396 0.00783619 0.00524248 0.0073624 0.00746661
internal_weight=15129.7 4938.78 10191 8163.66 3858.84 2027.3 1079.94 4410.36 4186.59 2310.76 1925.24 1709.98 1651.55 782.125 261.586 869.426 520.539 502.263 51.5708 28.0484 23.5224 450.692 80.5035 1134.48 951.021 601.314 575.414 504.494 3753.3 3746.69
internal_count=115286 72864 42422 34169 45525 8253 27339 21941 20664 12066 10230 6337 8909 4337 1372 4572 2965 2864 254 122 132 2610 422 3991 2924 1895 1813 1599 12228 12203
is_linear=0
shrinkage=0.05


Tree=24
num_leaves=31
num_cat=0
split_feature=9 9 9 31 9 9 34 1 8 13 1 10 8 12 13 14 12 19 39 31 3 1 10 10 34 6 39 8 12 14
split_gain=513.42 109.757 84.8494 32.4992 22.3521 18.3839 15.3234 12.8014 12.2939 15.6629 11.983 11.4539 10.9513 10.1556 11.7803 9.99472 14.0216 12.5481 17.2844 19.0453 12.1267 11.0485 18.8537 11.3742 11.5286 11.1492 10.944 10.7429 15.9862 10.34
threshold=-0.155 1.3150000000000002 -0.78499999999999992 15.500000000000002 3.0100000000000002 -0.46999999999999992 6.5000000000000009 0.36502527004046786 0.13680926916221037 0.13527590090090094 0.53789114290668094 0.065700924774052386 0.059411764705882358 0.11330480451274073 0.11159003831417626 0.16677447175506685 0.3047162859248343 -0.14252948885976405 9.5000000000000018 18.500000000000004 0.9988901225428034 0.88437718126076315 0.13261406240148224 0.12310294494110334 12.500000000000002 0.16682479443390261 9.5000000000000018 0.133974358974359 0.17262664963814392 0.16854996595165136
decision_type=2 2 2 2 2 2 8 8 8 10 8 10 8 8 8 10 10 2 2 2 10 8 8 10 8 10 2 8 10 10
left_child=2 3 -1 6 -3 -4 12 8 9 -5 -8 -12 -2 -10 -15 17 20 18 -9 -20 29 -19 23 24 -23 26 -26 -22 -29 -17
right_child=1 4 5 7 -6 -7 10 15 13 -11 11 -13 -14 14 -16 16 -18 21 19 -21 27 22 -24 -25 25 -27 -28 28 -30 -31
leaf_value=-0.029662482604170981 -0.071731602394316099 0.012917567661825538 -0.015557578686202223 0.014259512545108974 0.026864490379097879 -0.0079794011115354134 0.0013718796159097747 -0.030354548663782534 -0.015837098630527686 0.045788840786463204 -0.021137492743238367 -0.0034642809099786325 0.015082576790592606 0.069764985773054261 0.0058077450003303169 -0.040639356747272495 0.074576829004072157 0.0083230729000315536 0.034916631630980098 -0.048123985622523138 0.0013178586620594286 0.02486343235760477 0.011767746651752927 -0.032798591815084266 -0.0097759177113804045 0.021676084185845421 -0.05060310324593096 -0.056623940401142173 0.0068007514832090291 0.0025608294245365423
leaf_weight=812.40931730507873 3.7067165635526171 2240.2958337180316 1522.43433478917 302.75748035684228 329.53387793619186 1687.195579495281 1831.8827444780618 52.699613887816668 55.195837039500475 45.280870486050844 97.510465430095792 1532.4554334245622 181.78970996104181 7.8819111362099639 83.184019897133112 14.004929875954984 6.4848962649703017 2357.4005753397942 27.746599907055497 9.1921807155013067 39.497510146349669 27.775308467447758 168.62814949452877 45.282518163323402 102.87486133538187 22.965055614709854 19.530258636921644 28.651152081787586 15.208848364651201 1262.0019588023424
leaf_count=22004 28 8282 25843 997 2026 17970 11804 193 198 138 705 9849 1034 21 285 51 18 7948 85 29 134 87 564 156 349 72 84 109 51 4172
internal_value=4.25014e-05 0.00567121 -0.0152277 0.00288782 0.014706 -0.011574 -0.000652774 0.00563881 0.0132498 0.0183616 -0.00140297 -0.00452156 0.0133478 0.00108607 0.0113434 0.00474305 0.00122955 0.00643633 -0.0119728 0.0142521 0.000879649 0.0070376 -0.000791708 -0.0104877 -0.00465277 -0.0102923 -0.0162901 -0.0175972 -0.0346309 0.00208668
internal_weight=14933.5 10911.4 4022.04 8341.59 2569.83 3209.63 3647.35 4694.24 494.3 348.038 3461.85 1629.97 185.496 146.262 91.0659 4199.94 1365.85 2834.1 89.6384 36.9388 1359.36 2744.46 387.056 218.428 173.145 145.37 122.405 83.3575 43.86 1276.01
internal_count=115286 49469 65817 39161 10308 43813 23420 15741 1639 1135 22358 10554 1062 504 306 14102 4535 9567 307 114 4517 9260 1312 748 592 505 433 294 160 4223
is_linear=0
shrinkage=0.05


Tree=25
num_leaves=31
num_cat=0
split_feature=9 9 9 31 9 33 31 1 5 11 11 14 2 36 10 20 1 1 6 10 3 36 9 11 32 0 8 19 13 31
split_gain=469.787 81.2467 80.6575 36.5028 21.0034 14.2911 13.5215 11.4637 11.7896 15.2732 11.7003 11.3902 11.1045 10.6976 10.5983 10.1936 10.3456 15.3744 11.2385 14.3627 13.3922 10.0114 9.78685 9.68532 9.62996 9.54956 9.47642 9.39589 18.029 14.3281
threshold=-0.155 -0.78499999999999992 1.5700000000000001 14.500000000000002 -0.55499999999999983 56.350000000000001 35.500000000000007 0.88437718126076315 0.16450914676721132 0.042618059159315005 0.05007836990595612 0.071464537476622084 -0.017336530208082342 8.5000000000000018 0.10392840492789258 0.38670349907918972 0.78324347959270069 0.87037110556745034 0.10103896804835925 0.082199494014562516 0.98567458689752019 4.5000000000000009 -0.95499999999999985 0.11521238228811863 50.500000000000007 13.0467410124162 0.081356867071152791 0.1838119528937591 0.14339826839826844 21.500000000000004
decision_type=2 2 2 2 2 2 2 10 10 8 8 8 2 2 10 10 10 10 8 8 10 2 2 8 10 8 8 2 8 2
left_child=1 22 3 5 -3 14 -4 8 10 -10 -5 15 -6 27 -2 16 18 -18 20 -20 -12 25 -1 -14 -15 -7 -23 -9 29 -29
right_child=2 4 6 7 12 21 -8 13 9 -11 11 -13 23 24 -16 -17 17 -19 19 -21 -22 26 -24 -25 -26 -27 -28 28 -30 -31
leaf_value=-0.051285999665128014 -0.0021535539431412252 -0.01656208597647682 0.012149810715466782 0.029757725702854017 -0.014375369277029188 0.030895534692551147 0.021475309972958861 -0.0025247937421959714 -0.049837098709427527 0.0039196616877771344 -0.0024243054837089079 0.0092586555113100665 -0.00957986220703721 0.017516466854631717 0.0080737419060351936 0.02704827603725489 -0.02890068184970453 0.048428043671971059 0.044788863854351581 0.0052153138688996528 -0.048259026320789079 -0.018398297800238907 -0.02760467918096603 -0.0015890623641405016 -0.049685018282088378 8.8522686605006348e-05 -0.0045891343798228536 -0.055359892517633395 0.03925589097090168 0.0231864783425169
leaf_weight=46.340181765845045 433.86995648033917 1130.7302552475594 1305.9127314053476 62.679701041430235 521.15104957576841 26.045656528323889 553.43536191340536 401.823939666152 13.295362267643211 2135.8044866677374 185.51159513555467 2656.8215008620173 828.65639859996736 7.2510308250784901 608.68856101110578 35.281498717144132 54.828269015997648 7.2813300415873519 26.159213937819004 185.61494937539101 17.434654701501131 139.65925862081349 745.60162187984679 699.14100083243102 20.132290855050087 735.60830638930202 1125.0155982952565 11.720203012228014 38.772956129163504 11.50571173429489
leaf_count=2038 2972 20575 4155 207 6557 140 3865 1448 58 7452 710 9299 9427 25 3689 129 205 20 92 641 76 1038 20051 7354 82 4910 8079 46 129 34
internal_value=4.32033e-05 -0.0146608 0.00545041 0.00347994 -0.0110918 -0.000939264 0.0149255 0.00578959 0.00645709 0.0035871 0.0083657 0.00794258 -0.00807299 -0.00152231 0.00381756 0.00111483 -0.000804036 -0.0198352 0.00204611 0.0101036 -0.00636186 -0.00338668 -0.0289904 -0.00592316 -0.0318902 0.001142 -0.00611409 0.00027056 0.0183877 -0.0164494
internal_weight=14771.8 3971.62 10800.2 8940.81 3179.68 3068.89 1859.35 5871.92 5380.71 2149.1 3231.61 3168.93 2048.95 491.206 1042.56 512.112 476.83 62.1096 414.72 211.774 202.946 2026.33 791.942 1527.8 27.3833 761.654 1264.67 463.823 61.9989 23.2259
internal_count=115503 66002 49501 41481 43913 20828 8020 20653 18889 7510 11379 11172 23338 1764 6661 1873 1744 225 1519 733 786 14167 22089 16781 107 5050 9117 1657 209 80
is_linear=0
shrinkage=0.05


Tree=26
num_leaves=31
num_cat=0
split_feature=9 9 9 31 9 9 19 33 9 1 35 10 4 1 8 33 5 14 17 12 14 5 16 8 33 13 3 4 1 18
split_gain=431.766 79.3478 64.9141 34.3319 14.5511 14.2604 13.6868 13.5946 12.1568 11.9175 11.0787 10.8817 10.6665 10.6216 10.6205 10.6149 10.4005 9.67269 11.8048 13.7878 15.7375 12.7732 11.9855 11.5206 11.1357 11.0127 10.953 10.5241 14.4032 11.2895
threshold=-0.22500000000000001 1.3150000000000002 -0.78499999999999992 14.500000000000002 3.0100000000000002 -0.55499999999999983 -0.098538198890311554 56.150000000000013 1.6700000000000002 0.46791234583618135 6.5000000000000009 0.083385222083852226 -0.16279069767441856 0.55315318673988878 0.17274535809018571 61.45000000000001 0.037983271215842544 0.21584049833304089 1.0000000180025095e-35 0.099738219895287972 0.21958872276476635 0.22479252332939037 150.00000000000003 0.17192118226600989 55.550000000000004 0.28035087719298252 0.88212926646513989 0.16740746593969566 0.78731442193823886 0.12916666666666668
decision_type=2 2 2 2 2 2 2 2 2 10 2 8 10 8 10 2 8 10 10 10 10 10 10 10 2 8 10 8 10 8
left_child=2 3 12 7 6 -4 8 13 -3 -10 -9 14 -1 -2 -5 -12 -13 -18 19 21 23 24 -20 -21 -19 27 -24 -22 29 -29
right_child=1 4 5 11 -6 -7 -8 10 9 -11 15 16 -14 -15 -16 -17 17 18 22 20 25 -23 26 -25 -26 -27 -28 28 -30 -31
leaf_value=-0.032479275006023718 0.0072632896811340129 -0.02507806332265046 -0.015992733653901036 0.0098273490486650919 0.023000061375625082 -0.0086339829146215071 0.012205997824169416 0.045508260610207324 0.03360994162542693 -0.012220875336148601 -0.0046568187647687345 0.039602623003010595 -0.020263005909411446 -0.0026500875387351921 0.043324698490358866 0.009426579393072022 0.0049370107429251471 0.057573150128826758 0.031210302492462805 -0.047845341711105265 -0.0092319481602321576 -0.011813285493763181 -0.073597492318454652 0.011017038813807438 0.011707265343625508 -0.050089752366008246 0.021653453784438212 0.049406824225807888 0.051746649359851474 -0.010722746036675446
leaf_weight=493.01258723833598 660.87251130584627 47.34410959109664 1112.4694460360333 660.4004147015512 303.70187873300165 1612.8448848375119 2078.7894423659891 11.463437948375939 26.63744929805398 30.340929884463549 2124.0330398315564 20.727649662643671 280.25810933834873 457.08342903293669 24.541938308626413 142.7895016502589 3993.5688297506422 17.028189718723297 44.51203640550375 40.46848064661026 204.77484581433237 44.315459702163935 5.9094350785016996 10.46161964163184 59.386096838861704 13.278910793364046 6.1685033217072487 9.5019214674830419 17.998622916638851 43.741840600967407
leaf_count=14828 4500 193 20575 2368 2032 19422 7954 56 87 123 15929 67 7261 3141 70 923 14183 45 146 144 708 165 20 37 213 52 25 27 56 153
internal_value=5.05991e-05 0.00487817 -0.0152657 0.00260662 0.0127456 -0.0116378 0.0113191 -0.00130578 -0.00635345 0.00920508 -0.00352174 0.00515368 -0.0280517 0.00321014 0.0110276 -0.00376969 0.0042659 0.00410353 -0.0023279 -0.00497375 -0.010125 0.00954284 0.019224 -0.0357543 0.021928 -0.00561298 -0.0249505 -0.00347324 0.0130792 8.02189e-06
internal_weight=14598.4 11099.8 3498.59 8613.03 2486.81 2725.31 2183.11 3396.24 104.322 56.9784 2278.29 5216.78 773.271 1117.96 684.942 2266.82 4531.84 4511.11 517.546 460.956 340.226 120.73 56.59 50.9301 76.4143 289.296 12.0779 276.017 71.2424 53.2438
internal_count=115503 53417 62086 43028 10389 39997 8357 24549 403 210 16908 18479 22089 7641 2438 16852 16041 15974 1791 1600 1177 423 191 181 258 996 45 944 236 180
is_linear=0
shrinkage=0.05


Tree=27
num_leaves=31
num_cat=0
split_feature=9 9 9 31 9 9 19 9 33 2 10 12 12 14 8 32 6 3 10 14 12 10 0 19 32 32 35 31 6 10
split_gain=396.862 73.4762 63.6072 22.7244 18.6572 13.0055 12.2858 11.993 9.93785 9.81816 9.6283 9.441 11.5406 11.5458 14.8887 11.0127 10.6357 11.9561 11.5756 13.8965 10.3583 12.1627 9.45907 15.4085 10.5553 10.3748 9.33538 9.31153 10.7385 12.6618
threshold=-0.11000000000000001 -0.78499999999999992 1.3150000000000002 14.500000000000002 -0.55499999999999983 3.0100000000000002 -0.098538198890311554 1.6450000000000002 56.250000000000007 -0.017336530208082342 0.083385222083852226 0.058017765310892949 0.065318976026005698 0.21584049833304089 0.087337909992372245 103.50000000000001 0.048568274992116058 0.88212926646513989 0.078478174490548919 0.052689415847310593 0.081165540540540551 0.088902422519962124 14.462643910951511 0.097272727272727247 30.500000000000004 44.500000000000007 6.5000000000000009 28.500000000000004 0.10170817750192304 0.15218616734473803
decision_type=2 2 2 2 2 2 2 2 2 2 10 10 10 8 8 10 8 8 10 10 10 10 8 2 8 8 2 2 10 8
left_child=1 -1 3 8 -3 6 7 -4 10 -5 -2 22 16 15 -15 -14 -13 -18 -19 -20 21 -16 24 27 -11 -25 -10 28 29 -24
right_child=2 4 5 9 -6 -7 -8 -9 26 11 -12 12 13 14 20 -17 17 18 19 -21 -22 -23 23 25 -26 -27 -28 -29 -30 -31
leaf_value=-0.027647521675211291 -0.0069238106339613997 -0.015482050537834691 -0.02525280256603012 0.0021533047731202536 -0.0074389335506588735 0.022031621403836375 0.01167968919506281 0.009024344136187544 0.044865719842043378 -0.0088626402522723191 0.005924443525449458 0.064990361861216692 0.0084287929181567529 0.020732017637863163 -0.020250156104430733 -0.027499475075153591 0.0010184072555661197 0.019999938605840234 0.012965235647978045 -0.064598264679331871 -0.0050144897243765679 0.033363486146986095 0.0093510463498623769 0.0077769173402469222 0.045721290488934668 -0.045964998491699965 -0.0029214557785386354 0.053123531914855908 0.024617364844008817 -0.041256317014317617
leaf_weight=742.34167964244261 178.8557437825948 1095.7318903654814 45.334374561905861 1934.9920136705041 2108.2589447540231 294.59882141556591 2053.8134266305715 58.38219153508544 10.275100648403166 11.198917400091885 789.31432280503213 4.4210844263434401 2200.8735624309629 77.772279124706984 14.682047724723814 21.537186808884144 54.673030164092779 7.8593505918979636 7.4169601984322062 26.080357875674963 477.34151229634881 37.847223989665508 66.413820758461952 17.952680911868811 42.351052755489945 17.968788985162973 1904.3638172084466 15.968880863860248 95.770037274807692 15.185862213373182
leaf_count=22089 1270 20575 187 7005 24474 2032 7954 216 43 45 4863 10 7700 264 46 83 196 32 27 109 1751 119 251 63 123 73 13508 40 297 58
internal_value=4.13448e-05 -0.0134736 0.00512893 0.00297685 -0.0101896 0.0121774 0.0108318 -0.00595815 -0.000577433 0.00496708 0.00355091 0.00666148 0.00581955 0.00641069 0.000303062 0.00808062 -0.0108351 -0.014326 -0.034611 -0.0474242 -0.00269542 0.0183784 0.0153857 0.0109663 0.0343061 -0.0191061 -0.002665 0.0165536 0.0132612 -6.7084e-05
internal_weight=14429.6 3946.33 10483.2 8031.12 3203.99 2452.13 2157.53 103.717 2882.81 5148.31 968.17 3213.31 2930.5 2830.05 607.643 2222.41 100.451 96.0297 41.3567 33.4973 529.871 52.5293 282.81 229.26 53.55 35.9215 1914.64 193.339 177.37 81.5997
internal_count=115503 67138 48365 37976 45049 10389 8357 403 19684 18292 6133 11287 10337 9963 2180 7783 374 364 168 136 1916 165 950 782 168 136 13551 646 606 309
is_linear=0
shrinkage=0.05


Tree=28
num_leaves=31
num_cat=0
split_feature=9 9 9 31 9 9 19 9 4 31 7 1 19 0 2 34 3 13 4 39 18 19 0 7 1 2 1 2 12 6
split_gain=364.672 67.9651 56.7368 20.8211 17.1641 11.5746 13.288 10.7429 9.44399 9.55116 9.1703 11.9001 10.6456 9.78577 9.26208 10.6183 15.4283 10.3245 11.486 13.3867 10.1235 9.4723 18.4268 11.5542 10.4947 9.05281 9.0442 10.6121 11.3368 11.0535
threshold=-0.11000000000000001 -0.78499999999999992 1.3150000000000002 14.500000000000002 -0.55499999999999983 3.0100000000000002 -0.11764705882352937 1.6700000000000002 0.086206896551724144 24.500000000000004 -0.030769230769230757 0.75586553759723207 0.28594395957740015 13.963315675570415 -0.050060085250686559 28.500000000000004 0.54613805680532712 0.056980519480519486 0.090155342475169251 5.5000000000000009 0.36038961038961043 0.35243694167104572 13.902757932443086 -1.0000000180025095e-35 0.74388545329144873 -0.017336530208082342 0.57640016781853343 -0.039997707999083205 0.052402745995423348 0.055287960540027332
decision_type=2 2 2 2 2 2 2 2 10 2 2 10 2 10 2 8 8 8 8 2 10 2 10 2 10 2 8 2 10 8
left_child=1 -1 3 26 -3 6 7 8 -4 -10 11 12 -5 -14 15 17 20 -12 -19 -20 -17 -16 -23 -24 -25 -6 27 -2 29 -29
right_child=2 4 5 10 25 -7 -8 -9 9 -11 14 -13 13 -15 21 16 -18 18 19 -21 -22 22 23 24 -26 -27 -28 28 -30 -31
leaf_value=-0.02683901070613598 -0.0071931357068599835 -0.014994270061908463 -0.058925283216801273 0.012490650962234093 -0.012815476552407917 0.021063824641564071 0.011130581617218189 0.0070549637174282384 -0.046031195486872595 0.021811837843191129 -0.058067499207963419 -0.0054742816048353217 0.0041501498392234656 0.062594809829150208 0.0051948761312475911 -0.033874974526307021 -0.056462652506265788 0.022866316001363737 -0.048130461512143403 -2.5887175706204992e-05 0.026928362296442937 -0.040633327344150739 0.069540142472155689 0.017198992233582684 -0.051679141098784666 -0.0052860172544114594 -0.0041382695991401585 0.047962333607098138 0.0044065604841471038 -0.019930493112465791
leaf_weight=725.68823465018068 284.49613557197154 1078.8674521520734 15.648437388241289 375.47068022191525 537.81765436707065 285.62430932279676 2053.3802405241877 44.403976671397686 9.1749700531363505 11.937907285988329 7.5048668235540381 87.553367655724287 10.884371872991325 20.943515993654728 4036.2107319496572 12.225227665156128 21.201806709170341 53.412413313984871 15.007614325731991 398.07043167762458 15.556967183947561 32.638795085251331 6.943193867802619 19.018323887139562 7.7977747730910769 1548.9153412282467 1086.5408514626324 6.504815222695469 1405.5047573857009 76.498047385364771
leaf_count=22089 2140 20575 62 1374 6928 2032 8044 167 43 41 30 324 36 55 14365 48 83 177 60 1421 61 124 20 78 36 17546 7587 34 9336 587
internal_value=1.96583e-05 -0.0130377 0.00490517 0.00287139 -0.0098739 0.0116111 0.0103463 -0.00949627 -0.0294885 -0.00767054 0.00477999 0.0112492 0.0148441 0.0426081 0.0040879 -0.00217865 -0.0243409 0.000111663 0.00104765 -0.00177358 0.00017257 0.00488673 -0.013845 0.0120543 -0.00282988 -0.0072266 -0.000546253 0.00165502 0.00334616 -0.0146098
internal_weight=14291.4 3891.29 10400.2 7979.98 3165.6 2420.17 2134.55 81.1653 36.7613 21.1129 5120.44 494.852 407.299 31.8279 4625.59 522.979 48.984 473.995 466.49 413.078 27.7822 4102.61 66.3981 33.7593 26.8161 2086.73 2859.54 1773 1488.51 83.0029
internal_count=115503 67138 48365 37976 45049 10389 8357 313 146 84 18292 1789 1465 91 16503 1880 192 1688 1658 1481 109 14623 258 134 114 24474 19684 12097 9957 621
is_linear=0
shrinkage=0.05


Tree=29
num_leaves=31
num_cat=0
split_feature=9 9 9 31 9 9 4 36 19 13 35 6 19 11 14 12 38 33 9 31 6 36 4 36 19 1 2 17 4 34
split_gain=336.876 62.6722 53.002 19.9227 15.8484 10.5362 9.69094 9.08493 11.6162 12.3668 11.1204 10.6592 9.57973 12.2272 10.1419 11.5983 9.12042 8.95993 8.94026 8.92865 10.806 7.87586 7.81647 10.084 12.1031 7.65962 10.3902 16.583 13.0985 14.701
threshold=-0.11000000000000001 -0.78499999999999992 1.3150000000000002 14.500000000000002 -0.55499999999999983 3.9550000000000005 0.6493606241884623 5.5000000000000009 -0.10093948482709951 0.056980519480519486 11.500000000000002 0.12832595870206492 -0.020408163265306083 0.081113332903309063 0.063207708413451288 0.10801088858642817 1250.0000000000002 56.250000000000007 -0.91499999999999992 17.500000000000004 0.079144710987063202 4.5000000000000009 0.6493606241884623 13.500000000000002 0.14649681528662431 0.5634615325598491 -0.0082734287288436046 1.0000000180025095e-35 -0.12340264720839418 31.500000000000004
decision_type=2 2 2 2 2 2 10 2 2 8 2 10 2 8 10 8 2 2 2 2 10 2 8 2 2 10 2 8 10 10
left_child=1 18 3 17 -3 7 25 -4 10 -10 -9 -12 13 -11 -14 19 -17 -2 -1 20 -16 -6 23 -18 -25 -5 -27 28 -28 -30
right_child=2 4 5 6 21 -7 -8 8 9 12 11 -13 14 -15 15 16 22 -19 -20 -21 -22 -23 -24 24 -26 26 27 -29 29 -31
leaf_value=-0.038434431821751582 0.0033522868663634305 -0.014533825641337251 0.013646592542487849 0.0071983382272822654 -0.0036550541820429545 0.026680149026691032 -0.036560355408062295 0.018235881961407994 -0.044176020540311528 -0.0083700020581001528 -0.04738217435073816 0.014834526249514941 0.018417306775512413 0.030780431647086805 0.022128712349627395 -0.0058433892861051908 0.013247085760229324 -0.0025876127261162982 -0.023491420537943494 0.00023423769387446045 -0.049478218285901515 -0.0098530056762178488 0.038145354057749471 0.0073892857674667141 -0.079813346592190346 0.00037639471786244229 -0.0086146448484504829 0.020085127497060956 0.0078892356059418935 -0.011418373806902891
leaf_weight=120.56901025166735 956.92801434919238 1063.5147741003893 1160.5073192706332 1962.2090542223305 943.68674469459802 105.88013377413154 14.236308217048643 16.576481085270643 11.042517215013502 25.371793530881405 26.599229767918587 9.2879480347037298 168.89694593660533 93.209711313247681 7.2396836169064072 73.753601003438234 320.32184099033475 1886.403998744674 589.46131974470336 303.18731758743525 19.351532619446516 1121.9188487683423 29.416524719446898 10.218687228858473 6.5164821445941916 1587.8938035778701 173.52317171916366 187.31390929967165 1065.5450950842351 108.64142664894462
leaf_count=4221 6133 20575 5079 7033 10367 837 62 62 53 93 125 38 635 326 24 302 1356 13551 17868 1203 93 14107 100 34 29 5814 655 660 3643 425
internal_value=2.8558e-05 -0.0126178 0.00472856 0.00276501 -0.00957472 0.0112612 0.0046349 0.0105456 0.00733533 0.00846315 -0.0156348 -0.0312799 0.00901282 0.0224038 0.00732157 0.00488777 0.010199 -0.00058853 -0.0260289 -0.00220226 -0.0299826 -0.00702143 0.0134275 0.0112703 -0.0265664 0.00475023 0.00321202 0.00614532 0.00420787 0.0061028
internal_weight=14169.2 3839.15 10330.1 7942.69 3129.12 2387.38 5099.36 2281.5 1120.99 1068.53 52.4637 35.8872 1057.48 118.582 938.903 770.006 440.227 2843.33 710.03 329.779 26.5912 2065.61 366.474 337.057 16.7352 5085.13 3122.92 1535.02 1347.71 1174.19
internal_count=115503 67138 48365 37976 45049 10389 18292 9552 4473 4248 225 163 4195 419 3776 3141 1821 19684 22089 1320 117 24474 1519 1419 63 18230 11197 5383 4723 4068
is_linear=0
shrinkage=0.05


Tree=30
num_leaves=31
num_cat=0
split_feature=9 9 9 9 9 31 31 14 13 1 10 4 18 4 11 1 5 10 4 6 13 4 6 32 33 9 34 8 33 7
split_gain=324.807 72.4561 54.8524 14.9558 13.0433 10.9018 9.8371 13.6257 12.9557 17.6315 16.6303 10.4184 15.8526 14.0508 12.7242 12.1823 10.7994 10.2169 10.4209 13.5685 9.42184 10.8075 11.1062 9.33479 9.32612 8.63131 8.59483 8.52687 9.84589 8.31799
threshold=1.0000000180025095e-35 -0.73499999999999988 1.3300000000000003 -0.44499999999999995 0.47500000000000003 1.5000000000000002 20.500000000000004 0.055605425892679035 0.12254524451289951 0.85508679748472882 0.078478174490548919 0.0081688261135516357 0.42261904761904767 -0.0095364245102530151 0.16578925493890448 0.86274381081470597 0.23627753669229898 0.090676337527462889 0.13020111957525393 0.15003320053120853 0.11915683704674532 0.035985611510791361 0.12001984126984129 102.50000000000001 55.45000000000001 3.0100000000000002 23.500000000000004 0.20638945233265724 57.250000000000007 -0.46153846153846151
decision_type=2 2 2 2 2 2 2 8 8 10 10 10 10 10 8 10 10 10 10 10 10 10 8 10 2 2 8 8 2 2
left_child=1 5 4 26 6 -1 -2 -8 9 20 -10 13 -13 14 15 27 17 -14 -19 -20 21 -9 -23 -6 -5 29 -3 28 -12 -4
right_child=2 3 25 24 23 -7 7 8 10 -11 11 12 16 -15 -16 -17 -18 18 19 -21 -22 22 -24 -25 -26 -27 -28 -29 -30 -31
leaf_value=-0.029534923514222468 -0.0008662741851837892 -0.0096941156035061024 -0.0247505836304386 0.00044998425184626884 0.0048737046150120261 -0.018624688990827306 -0.04744970826131046 0.033502756203554591 0.06070084531245068 -0.039043980984151655 -0.013197991443894492 -0.029687886144490052 -0.047634686181379116 -0.070431529324359768 0.04287103939843348 -0.054877154052598492 -0.051230115582523141 0.034829130068490255 0.022171601548626216 -0.048481777917476501 0.072273155755912352 0.020902622602065202 -0.025104976478747654 -0.019124698774767902 -0.0072314699336368353 0.020096841170095709 -0.018728603726244526 -0.034876203066630966 0.051389349566662947 0.010932972879922181
leaf_weight=428.36855430889409 2438.1590055683628 956.67235159105621 16.46181745827198 513.031977516599 4393.6359407138079 491.87536651547998 10.859681807458399 79.233571898192167 11.167304784059523 11.648220542818306 13.313132528215649 24.364221934229136 5.4286202266812316 10.539012446999548 10.265886187553404 15.698872432112692 5.7908966578543177 61.687928274273872 21.003168374300007 10.045214414596556 9.7813573777675611 38.259707843884826 19.960969369858503 40.898146405816078 1719.5869533065706 273.65858548134565 363.19213260198012 13.005918592214583 10.597840450704096 2060.681761212647
leaf_count=15679 14849 15787 61 5119 15995 11698 45 204 33 39 45 95 24 36 30 50 22 193 79 40 26 128 81 144 17875 2056 6806 37 33 8214
internal_value=-6.99334e-05 -0.0111997 0.00511222 -0.00796076 0.00296156 -0.0237033 0.00030346 0.00775671 0.00936924 0.0201738 0.00130628 -0.00198149 0.00661331 -0.0170029 -0.00804826 -0.0179831 0.0151212 0.0190354 0.0229382 -0.000687185 0.0248587 0.0214846 0.00512891 0.00465238 -0.00546635 0.0117499 -0.0121802 -0.00229401 0.0154285 0.0106502
internal_weight=14078.9 4472.73 9606.15 3552.48 7255.34 920.244 2820.81 382.652 371.792 158.884 212.908 201.741 128.32 73.4207 62.8817 52.6158 103.956 98.1649 92.7363 31.0484 147.236 137.454 58.2207 4434.53 2232.62 2350.8 1319.86 36.9169 23.911 2077.14
internal_count=115523 72964 42559 45587 32228 27377 16089 1240 1195 478 717 684 453 231 195 165 358 336 312 119 439 413 209 16139 22994 10331 22593 115 78 8275
is_linear=0
shrinkage=0.05


Tree=31
num_leaves=31
num_cat=0
split_feature=9 9 9 9 31 31 34 33 1 10 2 4 5 18 34 13 6 34 16 12 6 10 10 6 5 12 36 10 1 37
split_gain=299.8 67.2245 48.6764 13.6577 11.7804 10.1323 9.46436 9.06125 12.1154 11.131 10.8539 10.2801 9.89353 9.42117 12.6338 10.3488 11.0663 9.9622 10.2939 9.25202 8.86449 8.95071 11.5724 9.04717 9.07347 8.88139 8.79227 9.21645 8.48328 11.0069
threshold=1.0000000180025095e-35 -0.73499999999999988 1.3300000000000003 -0.38499999999999995 14.500000000000002 1.5000000000000002 23.500000000000004 60.150000000000013 0.79205186365064095 0.087418630593484814 -0.089675121560368734 -0.023791834713082809 0.09369938006526457 0.26491228070175443 30.500000000000004 0.1064701778862923 0.098448461644275315 16.500000000000004 1.0000000180025095e-35 0.063914893617021282 0.18053048535900526 0.091806229803308215 0.093030615248748907 0.12123276360333583 0.099702315032204919 0.14644659377628261 1.5000000000000002 0.10392840492789258 0.44528400794226564 8.5000000000000018
decision_type=2 2 2 2 2 2 8 2 10 8 2 10 10 10 10 8 10 8 10 10 10 10 10 8 8 8 2 10 8 2
left_child=1 5 4 6 -2 -1 -3 10 9 12 -6 -11 -9 14 15 16 17 18 -13 -14 21 -15 -23 25 -25 -24 -26 -28 -12 -30
right_child=2 3 -4 -5 7 -7 -8 8 -10 11 28 13 19 20 -16 -17 -18 -19 -20 -21 -22 22 23 24 26 -27 27 -29 29 -31
leaf_value=-0.028687855633912136 -0.00012633386218666889 -0.0087644317907653851 0.011231797370097345 -0.004856900932370057 -0.04286361271889335 -0.018069372336476455 -0.017440855884828695 0.051907438682233326 0.024981003443371251 0.057458584822938003 0.0082580315232704017 0.027380689653591219 -0.040939526738950169 -0.049591645013266739 -0.054940150670159005 0.032083932816627206 0.024750032232385012 -0.082393654956197326 -0.047076161987766735 0.021075651505140517 -0.048116081896869528 0.067240593358400838 -0.0020977839437283899 0.041691480494571886 -0.055210527328307481 -0.032852228628936261 -0.048479355764115349 0.016420206180093665 0.0028745655862198543 -0.028499973136646563
leaf_weight=418.51143414957915 2212.3279683608562 1154.8149693133309 2324.8582530329004 1920.3406533924863 12.568041030317543 485.02314730593935 431.83591622440144 22.563872657716274 113.36215669848025 8.3395082503557187 821.08065029233694 10.360004894435411 7.1138831451535216 9.6081348434090597 6.4169379211962214 55.364639859646559 23.560269795358181 5.5198585689067832 8.4106613844633085 38.907596448436379 11.246016900986431 6.1676332578063002 77.896513547748327 18.339528482407331 6.1578752472996703 33.601016812026501 6.2681961841881266 42.981019452214241 3612.8355397563428 28.172457907348871
leaf_count=15679 14396 18532 10331 19175 52 11698 7880 68 378 24 2978 36 23 42 24 169 76 22 34 128 41 14 286 55 26 127 30 134 12940 125
internal_value=-4.92134e-05 -0.0108264 0.00494164 -0.00769314 0.00291033 -0.0229878 -0.0111259 0.00425749 0.0105572 0.0064573 0.00353641 0.00265059 0.0247866 0.00123066 0.013133 0.0173652 0.000335178 -0.0233457 -0.00598154 0.0114895 -0.00491675 -0.00249997 -0.000136153 -0.00237944 0.0112073 -0.011366 0.00111718 0.00816011 0.0036671 0.0026318
internal_weight=13934.6 4410.53 9524.03 3506.99 7199.17 903.535 1586.65 4986.84 512.185 398.823 4474.66 330.238 68.5854 321.898 109.632 103.215 47.8508 24.2905 18.7707 46.0215 212.266 201.02 191.412 185.244 73.7466 111.498 55.4071 49.2492 4462.09 3641.01
internal_count=115523 72964 42559 45587 32228 27377 26412 17832 1737 1359 16095 1140 219 1116 361 337 168 92 70 151 755 714 672 658 245 413 190 164 16043 13065
is_linear=0
shrinkage=0.05


Tree=32
num_leaves=31
num_cat=0
split_feature=9 9 9 9 31 4 33 1 6 20 5 31 0 18 0 34 3 18 38 10 36 1 5 2 1 14 1 13 35 2
split_gain=277.171 62.3674 42.8358 12.6523 11.5742 9.95252 8.70037 10.1701 8.59936 8.91593 9.66497 12.4764 9.51201 8.67727 11.1879 10.8519 9.1399 10.5854 8.53875 12.6802 9.42774 8.31855 8.01132 8.13087 14.4909 8.61977 9.17925 16.3635 13.6661 11.8754
threshold=1.0000000180025095e-35 -0.73499999999999988 1.3300000000000003 -0.44499999999999995 14.500000000000002 -0.15611162196179704 60.150000000000013 0.15897020087728322 0.13237856118056981 0.35025773195876292 0.10428272225354908 18.500000000000004 15.256283953490096 0.26491228070175443 16.903331377293433 28.500000000000004 0.46754190995045741 0.77350427350427364 1950.0000000000002 0.11667712254286911 4.5000000000000009 0.2950406141761534 0.034542417372628573 -0.017336530208082342 0.0435830861396738 0.16232066362956418 0.66134776816013752 0.062781531531531543 16.500000000000004 0.06228349703201639
decision_type=2 2 2 2 2 10 2 10 8 8 8 2 8 10 8 10 10 10 2 10 2 8 8 2 8 8 8 10 2 2
left_child=1 5 4 21 -2 -1 22 -8 13 -10 11 12 -11 15 16 -9 -15 -18 19 -16 -20 -3 -6 -24 -25 26 27 -26 -29 -28
right_child=2 3 -4 -5 6 -7 7 8 9 10 -12 -13 -14 14 18 -17 17 -19 20 -21 -22 -23 23 24 25 -27 29 28 -30 -31
leaf_value=-0.026662249402531202 -0.00016402731353641481 -0.0064675593687245018 0.010692369310539242 -0.0051431116966947346 0.046890768462783741 -0.015868036930783654 -0.060041236910896495 0.021395596462160389 0.056866793654193865 0.04999166727724319 0.0087254829343869113 0.064691399668688421 -0.033958471033723847 0.039518038507010765 0.06456116055676063 -0.039388980846585535 -0.0035217143994364731 -0.048444754863106683 -0.055288408928988036 0.0042633780380803938 0.027749018050055016 -0.014692878783163298 0.00022556422179545129 0.064044400956716527 0.028876273501512902 0.0017099644166297325 0.0045921747602813518 0.00021732870137258875 0.013977004068364796 -0.024337668568412331
leaf_weight=529.95826651249081 2202.9244912620634 512.28805326553993 2301.9135049376637 2183.0646460577846 10.605845123529432 357.6675657867454 5.0704655759036532 117.29193007946014 15.844883341342209 6.023984327912328 92.792348943650723 20.35856519639492 7.6708095297217378 11.117423288524149 18.206801250576973 7.8331294767558566 157.53943215124309 14.303771194070576 6.385587200522421 16.731289058923721 7.35578802973032 768.50627164496109 1397.5662035737187 10.297691129148005 108.12751832604408 1378.3171468228102 775.27995366975665 317.20167422108352 418.58597226440907 37.173845279961824
leaf_count=17511 14396 9743 10331 22994 34 9866 18 387 44 22 329 50 27 38 45 34 582 59 24 54 24 12850 5246 24 360 4879 2777 1187 1467 121
internal_value=-4.38473e-05 -0.0104879 0.00475901 -0.00745774 0.00285162 -0.0223127 0.00419161 0.0104145 0.0111298 0.0215038 0.0170864 0.0398693 0.00296902 0.00698059 0.00124952 0.0175903 -0.00441851 -0.00726099 0.0225527 0.0356855 -0.0108383 -0.0114029 0.00348658 0.00338296 0.00483212 0.00463119 0.00706203 0.0107142 0.00804514 0.00326849
internal_weight=13814 4351.48 9462.52 3463.86 7160.61 887.626 4957.68 504.526 499.456 142.691 126.846 34.0534 13.6948 356.765 231.64 125.125 182.961 171.843 48.6795 34.9381 13.7414 1280.79 4453.16 4442.55 3044.98 3034.69 1656.37 843.915 735.788 812.454
internal_count=115523 72964 42559 45587 32228 27377 17832 1737 1719 472 428 99 49 1247 826 421 679 641 147 99 48 22593 16095 16061 10815 10791 5912 3014 2654 2898
is_linear=0
shrinkage=0.05


Tree=33
num_leaves=31
num_cat=0
split_feature=9 9 9 9 31 4 5 32 14 7 1 33 19 8 12 13 7 33 1 11 6 12 10 7 9 4 14 6 19 12
split_gain=257.169 59.374 37.9003 12.4802 11.0348 9.85883 8.33036 13.5669 10.9853 12.236 12.9708 12.0352 11.0153 22.6803 11.0186 15.8097 10.8712 10.4649 10.2219 9.79143 9.34492 8.72632 9.5558 11.3368 13.1614 13.4456 10.7369 9.96514 8.97778 8.3484
threshold=1.0000000180025095e-35 -0.74499999999999988 1.3300000000000003 -0.44499999999999995 14.500000000000002 -0.1463250941234244 0.15075429631261314 103.50000000000001 0.097384790750692077 0.12692307692307694 0.57003081171495984 62.050000000000004 -0.14252948885976405 0.080322580645161304 0.21340823970037456 0.16018867924528304 0.1076923076923077 60.850000000000001 0.55998388140007849 0.11766257954369085 0.1774468787845426 0.053908747457134566 0.070804102281932554 0.25000000000000006 0.12999999999999998 0.42869852567361472 0.11090903679993654 0.057308253715498948 0.024570172896744884 0.067878887609017627
decision_type=2 2 2 2 2 10 8 10 8 2 8 2 2 8 10 10 2 2 10 10 8 8 8 2 2 10 8 10 2 10
left_child=1 5 4 -3 -2 -1 7 8 9 10 18 12 13 -10 15 21 -12 20 -6 -16 -11 28 26 -24 -25 27 -23 -26 -14 -28
right_child=2 3 -4 -5 6 -7 -8 -9 11 17 16 -13 14 -15 19 -17 -18 -19 -20 -21 -22 22 23 24 25 -27 29 -29 -30 -31
leaf_value=-0.026463572323615289 -0.00016186751245510491 -0.011211502841120784 0.01019223840381423 -0.0049882788510038903 0.0052800120975169179 -0.015273687001450327 0.0019636975112446715 -0.057359953026597535 0.038308076323044116 0.011792641784427719 -0.0040520587140149165 0.045552499466933044 0.0099857024120250677 -0.028122970920385217 0.01530706883875675 0.022651673106015041 -0.041931105573514954 0.051612868768852821 0.044827259417078713 -0.035848012684287105 -0.03605090795061245 -0.015658410827403196 0.0095461252283567718 -0.06298051982370903 0.046654848060675574 -0.069568118883163527 0.065773158043428967 -0.0016766210851365357 -0.049572469410906775 0.023640534836553186
leaf_weight=513.93947333097458 2193.0981297101825 1282.9049637650605 2282.7102392492816 2165.4669585078955 289.29946045763791 319.02970428531989 2366.9031243063509 8.4000171013176423 17.233380053192377 213.2112269308418 481.48941813036799 22.218836270272732 12.107881255447866 50.494119837880135 15.036588873714207 214.25641920417547 19.717439766973257 15.794107921421526 17.317683517932892 24.75310030952096 10.7194457501173 13.977284386754034 870.07790143787861 9.0729152634739858 11.48098788782954 6.8890110664069644 14.75186477601528 150.07007250934839 13.253526858985422 57.918220043182373
leaf_count=17561 14396 23431 10331 22994 1075 8978 8471 29 53 790 1826 69 48 213 51 711 86 50 58 114 44 65 3109 39 40 27 42 553 62 207
internal_value=-3.95012e-05 -0.0101974 0.00458594 -0.00730352 0.00278841 -0.0221778 0.00410179 0.00607896 0.00628784 0.002357 -0.000586747 0.00902645 0.0084786 -0.0112195 0.00942234 0.0101736 -0.00554222 0.0122768 0.00751363 -0.0165164 0.0095024 0.00786803 0.00851661 0.00719673 -0.00431878 -0.001159 0.0244743 0.00175816 -0.0211386 0.0321934
internal_weight=13683.6 4281.34 9402.25 3448.37 7119.54 832.969 4926.44 2559.54 2551.14 1047.55 807.824 1503.59 1481.37 67.7275 1413.65 1373.86 501.207 239.725 306.617 39.7897 223.931 1159.6 1134.24 1047.59 177.513 168.44 86.6474 161.551 25.3614 72.6701
internal_count=115523 72964 42559 46425 32228 26539 17832 9361 9332 3929 3045 5403 5334 266 5068 4903 1912 884 1133 165 834 4192 4082 3768 659 620 314 593 110 249
is_linear=0
shrinkage=0.05


Tree=34
num_leaves=31
num_cat=0
split_feature=9 9 9 9 31 10 4 4 9 31 3 9 9 10 11 6 10 14 3 13 9 1 1 10 6 13 14 7 14 1
split_gain=240.642 56.0372 33.8599 11.3475 10.9877 9.72972 9.87939 11.8629 8.89864 8.85112 12.4594 9.86984 8.68328 8.2393 11.9832 12.9299 12.2223 11.5898 11.1313 10.8226 9.47984 8.09207 7.8881 9.84118 8.38093 9.22279 9.69233 9.20145 9.20012 8.16028
threshold=1.0000000180025095e-35 -0.74499999999999988 1.3300000000000003 -0.44499999999999995 14.500000000000002 0.18052168021680218 0.011560693641618505 0.13944588618005049 -0.94499999999999995 18.500000000000004 0.62671791758849305 0.70499999999999996 1.0850000000000002 0.1653299803623953 0.16679428279734562 0.12906001887735277 0.17450593987618288 0.18051188551377759 0.78248278404414939 0.16405676535356009 0.9900000000000001 0.86274381081470597 0.55315318673988878 0.068901115717425798 0.14750914374374449 0.11443452380952382 0.045506316007454965 -0.27307692307692305 0.060323167561947673 0.96976192012730367
decision_type=2 2 2 2 2 8 10 10 2 2 10 2 2 10 10 8 10 10 8 10 2 10 8 10 10 8 8 2 10 10
left_child=1 8 4 -3 22 13 9 -8 -1 -7 -11 -12 21 -6 15 18 -17 -16 -15 -19 -20 -9 -2 -24 25 27 -27 -25 -26 -28
right_child=2 3 -4 -5 5 6 7 12 -10 10 11 -13 -14 14 17 16 -18 19 20 -21 -22 -23 23 24 28 26 29 -29 -30 -31
leaf_value=-0.044561812319986904 0.0023583288662108381 -0.010870615771304774 0.0097786367386500442 -0.0049082412498842876 0.0040534960433314454 -0.02044805643951151 -0.037763596851624247 0.021388835440665433 -0.020549155724198156 -0.013208292256642225 0.073649594729574414 0.010340014112828439 -0.050737281582862774 -0.077684808324308602 0.035755766222140724 0.038292864167908613 -0.029427623149124928 -0.023060288680251607 -0.032410735507858821 0.045122722441285207 0.029835702534428306 -0.043214114881414786 -0.022300605536551447 -0.046472594492099707 -0.046006193244966645 -0.052687875493380498 0.0071555314502454118 -0.0043924100776264905 -0.0084512524607324498 -0.069382180230644741
leaf_weight=40.620717204175889 1264.9211363326758 1269.485034031095 2261.6740738498047 2148.635936697945 4587.4115452375263 20.359156988561153 43.880589567124844 27.973035331815481 768.68653893331066 16.946576721966267 12.509283170104029 12.12152875959873 7.0685691833496085 7.3770651407539836 76.975164487957954 25.095879327505827 9.0709891840815526 18.961015665903691 15.59303003549576 8.3975596465170366 10.06465097516775 5.8632437810301772 66.21250198315829 13.510403465479611 19.207899609580636 7.0709742791950694 360.69002542737871 337.8845768161118 108.01639433391392 3.516476282849907
leaf_count=2132 8208 23431 10331 22994 16711 90 157 106 24407 57 31 41 26 31 237 88 35 67 70 29 30 26 522 100 163 60 2283 2275 755 30
internal_value=-2.4531e-05 -0.00992379 0.00445201 -0.00712266 0.00275205 0.00406481 -0.00861693 -0.0197061 -0.0217544 0.00656317 0.0197897 0.0424931 -0.000335027 0.0044558 0.0152147 -0.00125185 0.0203137 0.0258208 -0.0235565 -0.0021319 -0.00799354 0.0101943 -0.000200654 -0.00373398 -0.00228752 -0.000204239 0.0052909 -0.00601031 -0.0141212 0.00641655
internal_weight=13575.8 4227.43 9348.37 3418.12 7086.7 4905.67 146.722 84.7854 809.307 61.9365 41.5774 24.6308 40.9048 4758.95 171.535 67.2016 34.1669 104.334 33.0347 27.3586 25.6577 33.8363 2181.03 916.109 849.897 722.672 371.277 351.395 127.224 364.207
internal_count=115523 72964 42559 46425 32228 17832 534 315 26539 219 129 72 158 17298 587 254 123 333 131 96 100 132 14396 6188 5666 4748 2373 2375 918 2313
is_linear=0
shrinkage=0.05


Tree=35
num_leaves=31
num_cat=0
split_feature=9 9 31 9 11 5 0 36 9 9 1 37 1 0 32 18 9 9 38 18 32 32 15 19 11 1 14 34 5 20
split_gain=213.966 55.0647 21.6956 15.3582 10.3929 11.2268 8.7229 8.69279 7.94482 7.68768 7.42243 9.66689 9.35564 8.30364 7.39466 7.95148 7.29151 6.76281 9.02756 7.59574 9.82353 7.88164 7.24663 8.11821 8.47492 7.84131 7.62891 7.26928 7.23619 8.21941
threshold=1.0000000180025095e-35 -0.73499999999999988 15.500000000000002 2.7900000000000005 0.11670784041177794 0.20441800663010815 12.181380760764332 4.5000000000000009 -0.85499999999999987 0.68500000000000016 0.76456063679016872 5.5000000000000009 0.64889083067752662 16.39990538923934 36.500000000000007 0.63068181818181823 -0.58999999999999986 0.66500000000000015 1550.0000000000002 0.25657894736842107 63.500000000000007 32.500000000000007 1.0000000180025095e-35 0.31543040293040298 0.066714015151515163 0.55001408169655963 0.16043778434033046 18.500000000000004 0.096652496398143065 0.25828395874478832
decision_type=2 2 2 2 10 8 8 2 2 2 10 2 10 10 8 8 2 2 2 10 10 10 10 2 8 8 8 10 8 10
left_child=1 8 4 6 17 10 -4 -3 -1 14 11 12 -6 -12 -7 -16 -9 22 -19 21 -21 -20 23 24 25 26 27 -2 29 -24
right_child=2 7 3 -5 5 9 -8 16 -10 -11 13 -13 -14 -15 15 -17 -18 18 19 20 -22 -23 28 -25 -26 -27 -28 -29 -30 -31
leaf_value=-0.026061387492951272 0.01099926486485678 -0.0037513536711694002 -0.040892143214039639 0.016123803719362426 0.006816858418555608 0.044916300707669943 0.0052885569898381245 -0.015290612668425258 -0.01622524695498893 -0.045463861287615336 -0.0090326533638432054 -0.0044977881318314364 0.021060535185671019 0.034326808449498002 -0.024256858581074837 0.0082403153492187978 -0.0073309919799420704 -0.0024490902412866362 0.036428270449683671 0.037164373439481056 -0.0084769369986441388 -0.0054979391724736112 0.021110013193982709 -0.031085020003118132 -0.0031670990697950903 -0.033033018749226685 -0.032968200239571178 -0.02877926141105322 -0.0030006719293436835 -0.015602464957953588
leaf_weight=399.36053161579184 47.000914771109819 1510.0055689606816 10.242292191833256 340.16173886787146 638.42428139224648 6.5118702873587599 6197.2505830805749 356.33277262747288 422.46200345654506 14.692719364538787 126.51895031519234 149.34454922564328 140.68911980651319 12.097625080496071 44.681988421827555 32.525459006428719 1494.2911676387303 215.09375129267573 13.93757678568363 49.68543541431427 15.457054466009138 57.26805679500103 79.8489283118397 31.132678065448999 790.53000859171152 47.77876241505146 22.017190972343087 15.199118506163357 165.74918216094375 18.843856881372631
leaf_count=14969 312 19017 38 2521 3819 34 22962 7583 12473 96 793 909 782 59 313 189 18855 1155 61 192 84 295 505 239 5262 369 165 105 1139 140
internal_value=-1.37801e-05 -0.00940362 0.00421695 0.00577923 0.00047687 0.00405364 0.00521236 -0.00656655 -0.0210051 -0.0121055 0.00554393 0.00715521 0.00938892 -0.0052485 -0.00625107 -0.0105667 -0.0088636 -0.00217911 0.00393118 0.0139963 0.0263346 0.00270857 -0.00394203 -0.00597282 -0.00512536 -0.0168535 -0.00767433 0.00127904 0.00338162 0.0141003
internal_weight=13465.1 4182.45 9282.68 6547.65 2735.03 1165.49 6207.49 3360.63 821.823 98.412 1067.07 928.458 779.113 138.617 83.7193 77.2074 1850.62 1569.54 351.442 136.348 65.1425 71.2056 1218.1 953.659 922.526 131.996 84.2172 62.2 264.442 98.6928
internal_count=115435 72897 42538 25521 17017 6994 23000 45455 27442 632 6362 5510 4601 852 536 502 26438 10023 1787 632 276 356 8236 6452 6213 951 582 417 1784 645
is_linear=0
shrinkage=0.05


Tree=36
num_leaves=31
num_cat=0
split_feature=31 31 31 34 34 11 19 2 11 31 1 7 5 20 0 14 37 12 37 32 34 31 6 20 19 14 16 11 8 6
split_gain=197.146 35.3911 31.8813 12.8095 11.162 9.47192 9.20262 9.05973 9.61564 8.7726 9.48814 8.66809 8.41793 8.22582 7.97097 10.5016 10.638 12.0688 10.5 9.93952 8.74265 12.7004 12.6683 10.3553 11.2004 10.816 12.2 10.4353 9.61838 11.6357
threshold=8.5000000000000018 1.5000000000000002 15.500000000000002 36.500000000000007 6.5000000000000009 0.12687369603594931 0.12381142806362745 -0.035157415933804247 0.16679428279734562 4.5000000000000009 0.54898206494148316 -0.53846153846153832 0.17922342423360757 0.28829856584093877 13.431618673384161 0.20012755102040819 5.5000000000000009 0.13807120829828992 4.5000000000000009 62.500000000000007 8.5000000000000018 23.500000000000004 0.040778533635676496 0.40445307336417718 -0.017817460317460305 0.10460894753781784 250.00000000000003 0.052718429737710619 0.094044811320754734 0.073403596912771249
decision_type=2 2 2 8 8 10 2 2 10 2 10 2 10 8 8 10 2 10 2 8 8 2 10 8 2 10 10 10 10 10
left_child=1 -1 4 9 -2 -6 -5 8 -7 -3 11 -11 -9 -14 15 16 17 -4 -17 -19 22 -22 -16 24 -24 26 -26 -25 29 -23
right_child=2 3 14 6 5 7 -8 12 -10 10 -12 -13 13 -15 20 18 -18 19 -20 -21 21 28 23 27 25 -27 -28 -29 -30 -31
leaf_value=-0.025304290596542468 0.012098052690166519 -0.011184329097455221 -0.0083677587074776957 -0.012959175071857752 -0.002976209550150466 -0.012169877611217786 -0.030394472780907157 0.0069869158124042999 0.017158733829292321 0.048621990741550054 -0.011417379919101023 -0.0027771598847378333 -0.049088050987699423 -0.002376072945965041 -0.041343610667686569 0.049452262670808336 0.020572417851374758 -0.071987782815567919 -0.027384160507514573 -0.00037827332934700403 0.0027310196084646731 0.024688738103498059 -0.027431346840882821 0.04362142378449587 0.001401525195364557 0.017621483954269119 -0.059501932826469033 0.012060348180139855 0.0050266356372917383 0.0091751575260181819
leaf_weight=373.81281120155472 168.77867618575692 931.27160656638443 109.7836285084486 387.07918544020504 2228.4016849342734 162.98635682743043 94.075750926043838 759.97564245061949 33.73075183108449 8.2700004633516055 404.1573339519091 1006.4130172822624 9.9566640965640527 176.36505167279392 11.779299575835465 15.577438142150642 24.734568536281586 14.984545748680832 6.2223089933395377 7.1618068870156995 2958.3427010569721 140.07478078454733 31.980530211701989 27.140248108655214 33.294890683144331 73.942604385316372 10.919515132904051 748.20622987858951 1517.4400128033012 881.43264650180936
leaf_count=15700 1083 21387 450 7480 15794 1234 1936 5058 216 58 5179 12822 74 1258 44 56 83 66 22 36 11547 532 146 78 130 275 43 2681 6451 3516
internal_value=-3.34031e-05 -0.0108445 0.00337936 -0.00893541 -0.000449966 -0.00107814 -0.0163681 0.0026223 -0.00714095 -0.00741366 -0.00493874 -0.00235824 0.0046519 -0.00487227 0.00542935 -0.00499405 -0.00951847 -0.01516 0.0275208 -0.0488303 0.00571844 0.00495744 0.0101819 0.0108378 -0.00118131 0.00592356 -0.0136396 0.0131651 0.00755162 0.0113025
internal_weight=13358.3 3205.08 10153.2 2831.27 3540.19 3371.42 481.155 1143.01 196.717 2350.11 1418.84 1014.68 946.297 186.322 6613.02 178.464 156.665 131.93 21.7997 22.1464 6434.55 5497.29 937.263 925.484 150.138 118.157 44.2144 775.346 2538.95 1021.51
internal_count=115435 64562 50873 48862 24717 23634 9416 7840 1450 39446 18059 12880 6390 1332 26156 713 635 552 78 102 25443 22046 3397 3353 594 448 173 2759 10499 4048
is_linear=0
shrinkage=0.05


Tree=37
num_leaves=31
num_cat=0
split_feature=9 9 31 9 9 1 12 3 2 2 7 13 8 6 32 7 3 12 8 19 11 10 6 13 18 33 5 12 8 14
split_gain=185.985 34.5081 33.8294 13.9176 10.9121 9.52918 10.8241 9.30235 8.94901 8.73189 14.7334 12.9555 10.7121 12.0391 9.76434 9.08343 14.0935 12.4503 14.893 13.683 12.243 11.1224 14.6365 10.523 9.88011 9.83666 9.78686 15.8406 10.6653 9.82875
threshold=-0.26499999999999996 -0.78499999999999992 14.500000000000002 2.7900000000000005 1.5700000000000001 0.57640016781853343 0.047847985347985351 0.095830716180940356 -0.004403849759120732 -0.01643578996052571 0.061538461538461549 0.071714285714285717 0.075235849056603785 0.065369188784974136 42.500000000000007 0.12692307692307694 0.9944653727869458 0.11782974059188894 0.16530054644808745 0.027212143650499832 0.080658715098942818 0.12621834210476321 0.08519110164477578 0.15415884928080054 0.72474747474747481 62.050000000000004 0.17380288452897241 0.12970031099802096 0.14670014347202298 0.20279277123383591
decision_type=2 2 2 2 2 8 10 8 2 2 2 8 8 8 8 2 8 10 10 2 8 8 10 10 10 2 10 10 10 8
left_child=1 -1 4 9 5 6 -2 -3 -9 11 -11 12 13 -4 -14 25 17 19 26 -17 -21 22 -18 -24 -20 -13 28 29 -19 -28
right_child=2 7 3 -5 -6 -7 -8 8 -10 10 -12 15 14 -15 -16 16 21 18 24 20 -22 -23 23 -25 -26 -27 27 -29 -30 -31
leaf_value=-0.021972818310980455 -0.017023723719543415 -0.020090607867578214 -0.043915251173066355 0.015061511523325636 0.059816279448251047 -0.0047260844664475683 0.0015711698378128127 -0.011600371947090632 -0.00492712160948185 0.0029675849673234428 0.0089991367643194441 0.0042981603715012253 -0.0045087825424440352 0.015257686429107339 -0.030930515062801502 0.0013107214785236224 -0.062037716666880939 0.01019560883039022 -0.0053746821097071362 -0.054733733278151224 -0.016192256529656786 0.048611570057084101 0.034577161359067424 -0.044128826664647319 -0.045190277622979669 0.023992993522215279 -0.0097642423488213774 -0.019289096424404434 0.044375063040141619 0.068444417981817995
leaf_weight=602.53688047081232 81.502538617700338 160.75582991959527 10.078749824315308 328.21961624501273 7.3294493407011023 1236.7252863990143 1967.7576680742204 839.93532036710531 1250.1215149159543 2018.9327409472317 2031.0012457836419 1875.7616853266954 70.674186691641808 58.422466456890106 69.209703415632248 98.692443545907736 6.8278408497571936 98.521448411047459 63.3764592949301 24.911657769232988 119.18583250418305 22.664546046406031 22.459976192563776 5.2370703816413871 20.6603116504848 65.616893485188484 6.7386460937559631 50.811990935355425 29.705156709998846 9.9473867453634721
leaf_count=22070 720 3375 41 2521 19 9786 15456 14342 20786 7752 7790 7426 277 232 287 377 29 392 261 103 503 86 88 24 85 233 31 216 98 29
internal_value=-3.72163e-05 -0.0113453 0.00306499 0.00500603 -0.00112417 -0.0012601 0.00083162 -0.00850037 -0.00760891 0.0045192 0.00599235 0.00233341 -0.00964832 0.00655143 -0.0175813 0.00332377 -0.00216831 -0.00474734 0.00244247 -0.013032 -0.0228553 0.0213968 0.00353116 0.0196951 -0.0151633 0.00496383 0.0100017 -0.00540863 0.0181137 0.0368599
internal_weight=13254.3 2853.35 10401 7107.66 3293.31 3285.99 2049.26 2250.81 2090.06 6779.44 4049.93 2729.5 208.385 68.5012 139.884 2521.12 579.741 522.551 279.761 242.79 144.097 57.1894 34.5249 27.697 84.0368 1941.38 195.725 67.498 128.227 16.686
internal_count=115435 60573 54862 28881 25981 25962 16176 38503 35128 26360 15542 10818 837 273 564 9981 2322 2095 1112 983 606 227 141 112 346 7659 766 276 490 60
is_linear=0
shrinkage=0.05


Tree=38
num_leaves=31
num_cat=0
split_feature=9 9 9 9 19 5 33 2 13 39 13 9 9 4 10 38 13 5 0 3 3 32 2 9 4 11 18 39 14 13
split_gain=174.473 46.4019 15.9144 10.6472 10.4097 15.5231 10.497 12.6125 10.7776 11.3192 10.3056 10.1503 10.0627 9.83879 9.2302 9.39483 13.9115 13.1317 10.2228 9.13638 10.344 9.06963 8.46301 8.7632 8.25141 10.6776 9.85484 8.02483 9.96007 7.85971
threshold=1.0000000180025095e-35 -0.65499999999999992 0.69500000000000006 -0.85499999999999987 0.062176232571325478 0.24249174835710535 61.45000000000001 -0.017336530208082342 0.11558704453441297 4.5000000000000009 0.17416582406471184 2.7900000000000005 0.27000000000000007 -0.12064148325955483 0.086939185909437638 1550.0000000000002 0.1925393883225209 0.093071450002143077 13.401267905519946 0.014982227827768953 0.00017140233995666562 74.500000000000014 -0.032511587778700113 0.44500000000000012 0.12150185349553598 0.12455388644196895 0.26969696969696971 6.5000000000000009 0.10668699186991872 0.12104562104562107
decision_type=2 2 2 2 2 8 2 2 8 2 10 2 2 10 10 2 10 10 10 10 10 10 2 2 10 10 10 2 10 8
left_child=1 3 4 -1 5 6 7 8 27 -10 13 -4 29 -6 -12 16 21 -18 -19 20 -15 -16 -7 -24 26 -26 -8 28 -2 -11
right_child=2 -3 11 -5 10 22 24 -9 9 12 14 -13 -14 19 15 -17 17 18 -20 -21 -22 -23 23 -25 25 -27 -28 -29 -30 -31
leaf_value=-0.024211685934278498 0.009332591510203091 -0.0053948122083883913 0.0051154994640009105 -0.013851438791677856 -0.012997057312413888 0.016764725995692946 0.037042095472086152 0.0058642098474832758 0.069477309345619728 0.036467760805829814 0.046204144552339177 0.014300068984518395 0.010340823972867313 -0.0091930119117965697 0.032279066312007734 0.016484027095617266 -0.084677869794457836 0.043860756827239382 -0.027717839627261643 -0.00035630418741471926 -0.059487681456223011 -0.017758875045779877 -0.062532131213752687 -0.0070744857669101215 0.012679564430475965 0.059455206157709301 -0.020280807861071878 -0.0056573200744092717 -0.04723795991426924 -0.014360078104858781
leaf_weight=380.44162632222287 11.1206853762269 2946.4687585039064 4725.3126881839707 712.31268883938901 206.78615351952612 8.243261590600012 12.252864003181459 1620.1750708669424 6.6269868686795226 8.3440384585410339 15.680439246818421 321.26987861283123 177.86474114097655 45.004235595464706 25.07017682492733 97.887205075472593 8.0935213863849622 6.271330717951062 24.380394600331783 1248.3567742593586 13.228086568415163 14.176871627569197 17.921137519180778 11.822452638298271 25.859822947531939 23.097569860517979 19.320289835333824 319.06032556854188 25.906895752996206 85.962286956608295
leaf_count=14969 46 38333 18022 19595 1296 34 53 8174 16 52 61 2521 814 305 123 455 49 27 138 6947 87 79 101 56 137 81 93 2080 98 593
internal_value=-6.65938e-06 -0.00865843 0.00382305 -0.0174584 0.00150034 0.00364121 0.00415688 0.00352344 -0.00245001 0.00491236 -0.00148014 0.0057002 0.00334029 -0.00286316 0.00944615 0.00616901 -0.00677723 -0.0280305 -0.0130729 -0.00125933 -0.020618 0.0142043 -0.0280647 -0.0404889 0.0218948 0.0347478 0.00196498 -0.00821435 -0.0302478 -0.00986293
internal_weight=13164.3 4039.22 9125.1 1092.75 4078.51 2373.58 2335.59 2255.06 634.886 278.798 1704.94 5046.58 272.171 1513.38 191.56 175.88 77.9923 38.7452 30.6517 1306.59 58.2323 39.247 37.9869 29.7436 80.5305 48.9574 31.5732 356.088 37.0276 94.3063
internal_count=115435 72897 42538 34564 21995 12428 12237 11873 3699 1475 9567 20543 1459 8635 932 871 416 214 165 7339 392 202 191 157 364 218 146 2224 144 645
is_linear=0
shrinkage=0.05


Tree=39
num_leaves=31
num_cat=0
split_feature=9 9 9 9 1 33 32 2 36 14 14 20 10 5 10 2 14 14 5 1 5 13 5 16 37 8 14 14 4 8
split_gain=162.42 36.7351 21.3347 9.72004 9.79242 15.5094 11.8343 11.1854 10.0268 11.7384 9.32059 9.98995 9.07653 9.94597 8.76182 14.1623 10.5722 10.8854 10.0932 10.0626 13.3753 9.78986 11.3107 10.2349 10.0104 9.90856 12.9116 9.41956 8.95613 11.7041
threshold=-0.11000000000000001 -0.73499999999999988 0.44 2.7900000000000005 0.55315318673988878 62.050000000000004 41.500000000000007 0.031457618059387363 4.5000000000000009 0.071464537476622084 0.061807967313585295 0.41949884792626735 0.038257216424989839 0.045495943036926646 0.095253957679007656 -0.019957180113626804 0.065595284196032888 0.12470859937508492 0.046537410405816541 0.53049833432419391 0.17447362764809402 0.12560679611650488 0.16790372289520741 -449.99999999999994 2.5000000000000004 0.11566332218506133 0.14161798992203367 0.1931919824361685 0.39289039638201645 0.073350071736011491
decision_type=2 2 2 2 10 2 8 2 2 8 8 10 10 10 8 2 10 10 10 10 8 8 10 8 2 8 10 8 10 10
left_child=1 -1 -2 4 8 6 -6 10 14 -10 11 -8 -11 -14 21 16 19 28 -17 20 -16 22 23 -4 -24 26 -26 -27 29 -18
right_child=2 -3 3 -5 5 -7 7 -9 9 12 -12 -13 13 -15 15 18 17 -19 -20 -21 -22 -23 24 -25 25 27 -28 -29 -30 -31
leaf_value=-0.019009832226171128 -7.0496688247483958e-05 -0.0065955620542536928 0.058849516761728476 0.013496602029410099 -0.0029399089905284607 0.028220261769555867 -0.01278784861712132 0.014344233787780958 0.017241820343828936 0.03714268610983551 0.0037138571350398839 0.059656666889353775 0.058411068058592211 0.0018039822049712266 -0.047411114931118645 -0.036512726957688028 -0.024708652999282349 -0.0061670626011632833 0.014124097573040518 0.041806366652655191 0.028671218269728245 0.034116262847049182 0.049041068415250758 0.016076973927596851 -0.054667947247659311 -0.075146785301690652 0.016206948474478299 -0.002319160216119936 -0.027284932974356649 0.036094978398649322
leaf_weight=772.93812197190709 3165.3109168736264 2601.812574427342 15.67636041343212 315.27243208838627 781.4818471269682 59.727532438933849 124.63179077021778 239.02137323841453 156.14801357127726 18.833464313298464 2635.1020149514079 4.947657171636819 7.8095918074250212 1214.8293551951647 31.115658830851316 10.064749371260403 9.4507505744695646 118.91414301842451 442.45843436196446 5.050951935350894 7.0935923010110846 72.889090919867158 7.7956353873014441 129.70064105466008 7.9885446205735198 9.8285733237862605 32.851191893219948 8.0982491634786111 9.04060000926256 48.68567369133234
leaf_count=27442 21396 39522 46 2521 3243 205 544 804 639 64 10455 16 25 4937 129 43 48 474 1616 16 27 269 25 495 36 40 133 28 33 164
internal_value=7.80926e-06 -0.00943887 0.00329788 0.00493202 0.00449716 0.00294009 0.00254119 0.00396722 0.00702929 0.00432127 0.00307008 -0.0100217 0.00269617 0.00216556 0.0109444 0.0078679 -0.00225381 0.00292206 0.0129979 -0.0245187 -0.0332863 0.0183096 0.0128734 0.0206892 -0.00419698 -0.0112592 0.00234331 -0.0422477 0.0190113 0.0262106
internal_weight=13064.6 3374.75 9689.82 6524.51 6209.24 3844.91 3785.18 3003.7 2364.32 1397.62 2764.68 129.579 1241.47 1222.64 966.703 681.875 229.351 186.091 452.523 43.2602 38.2093 284.828 211.939 145.377 66.5622 58.7666 40.8397 17.9268 67.177 58.1364
internal_count=115435 66964 48471 27075 24554 15267 15062 11819 9287 5665 11015 560 5026 4962 3622 2550 891 719 1659 172 156 1072 803 541 262 237 169 68 245 212
is_linear=0
shrinkage=0.05


Tree=40
num_leaves=31
num_cat=0
split_feature=9 9 9 3 2 4 18 9 9 3 10 11 4 34 32 14 6 33 17 2 16 12 37 5 5 6 0 20 33 31
split_gain=154.645 31.607 24.1572 10.3402 10.4806 10.763 7.95825 11.5756 9.79569 11.1677 9.46996 7.57591 7.53976 7.66791 13.8678 8.33917 8.99082 8.35494 8.13974 8.06235 11.2401 8.98195 10.3381 9.34541 9.98699 13.2069 10.2569 9.15388 9.45724 9.72971
threshold=-0.10000000000000003 -0.84499999999999986 0.61499999999999999 0.21026678248125283 -0.0093665465559968301 -0.10828759282632307 0.86190476190476206 0.47500000000000003 0.25500000000000006 0.90997320306675233 0.096802863649100387 0.14616662407360084 -0.34365502658185582 7.5000000000000009 31.500000000000004 0.068352349370503621 0.14478876243582131 56.650000000000013 inf -0.035157415933804247 750.00000000000011 0.069098143236074286 3.5000000000000004 0.07074095395891547 0.083034102630221776 0.079144710987063202 16.320044667266785 0.40901280849734462 60.45000000000001 19.500000000000004
decision_type=2 2 2 8 2 10 10 2 2 10 8 8 8 8 10 8 10 2 8 2 10 8 2 8 10 8 8 8 2 2
left_child=1 -1 6 -3 -5 -6 -2 8 -8 10 -10 -9 -4 14 15 -14 17 -17 -16 20 21 22 -15 27 25 26 -25 -23 -29 -30
right_child=2 3 12 4 5 -7 7 11 9 -11 -12 -13 13 19 18 16 -18 -19 -20 -21 -22 23 -24 24 -26 -27 -28 28 29 -31
leaf_value=-0.022634092084415035 -0.0003367350703511508 -0.017586979495886199 -0.054620991413379928 -0.011107918658095071 -0.0090360868984229025 -0.001319802564854929 0.017087841869693497 0.05412605157671127 0.020192100683155422 0.01408616900510269 -0.048774405901457422 -0.0078709388471331632 0.028831226390868925 0.033871969057116695 0.011466630135663699 0.0055454773710714722 0.043882108325320301 -0.034380387976214552 0.041693217298180575 0.0055953814078681646 -0.056283686207460493 0.039257689948310012 0.0010489750705623686 -0.064498327443344924 -0.00072085622049771869 0.02698895163366969 0.031127238856200071 -0.036960140425196096 -0.03236868149129659 0.045474449297712306
leaf_weight=396.28709122142754 3883.8500206796452 239.24338254821487 5.2653783224523067 922.28263760916889 783.26409602188505 1068.2658376243198 68.001872135326266 21.978407014161352 6.4580004513263729 22.835579841397703 21.71215421333909 6.3516177684068671 11.950565796345471 42.987517394125462 606.08743209578097 18.953117854893208 5.6447685267776242 42.452185051515698 23.122373376041651 3793.3464395664632 8.6058917790651304 6.1755018644034863 54.283035688102245 7.7318414896726582 788.76568344980478 65.334891062229872 4.3999899849295625 42.973951082676649 7.7422904968261745 8.3364848718047124
leaf_count=16034 24470 5148 17 15427 15071 16035 402 67 22 106 106 27 44 161 2278 75 23 182 71 15772 43 27 228 41 3388 249 16 179 31 23
internal_value=-0.000214789 -0.00935938 0.00304118 -0.00761345 -0.00675323 -0.00458407 9.5966e-05 0.0115021 0.00466419 -0.0118993 -0.0329639 0.0402263 0.00518267 0.00523952 0.0100982 -0.00964758 -0.0165058 -0.022057 0.0125774 0.0045272 0.000621058 0.0010971 0.0155547 -0.000412681 0.000961638 0.0180928 -0.0298167 -0.0186637 -0.0247209 0.00799124
internal_weight=12984.7 3409.34 9575.35 3013.06 2773.81 1851.53 4031.19 147.338 119.008 51.0057 28.1702 28.33 5544.16 5538.89 708.21 79.0006 67.0501 61.4053 629.21 4830.68 1037.34 1028.73 97.2706 931.461 866.232 77.4667 12.1318 65.2282 59.0527 16.0788
internal_count=115763 67715 48048 51681 46533 31106 25200 730 636 234 128 94 22848 22831 2673 324 280 257 2349 20158 4386 4343 389 3954 3694 306 57 260 233 54
is_linear=0
shrinkage=0.05


Tree=41
num_leaves=31
num_cat=0
split_feature=9 9 9 19 34 1 11 4 5 12 36 14 32 2 31 14 0 14 1 11 8 32 4 2 0 0 0 13 2 18
split_gain=145.905 29.8133 20.7864 9.27905 8.68736 14.0059 12.854 11.1366 9.54362 9.63899 9.1104 11.1118 10.6503 8.67588 11.1332 8.78254 8.64936 8.40524 9.36439 8.32203 10.4097 10.0021 8.88627 8.14501 9.93684 9.71834 8.72706 7.91667 7.84497 7.78403
threshold=-0.10000000000000003 -0.79499999999999993 0.69500000000000006 0.1111111111111111 10.500000000000002 0.33534259588847454 0.12001283697047498 -0.18933786848072556 0.13582576286978806 0.1316809465524276 2.5000000000000004 0.14298820445609439 93.500000000000014 -0.015738842339599792 13.500000000000002 0.065186599334893472 16.903331377293433 0.17794040260794339 0.4583447812356059 0.14877040919169524 0.10084745762711866 38.500000000000007 -0.071992217898832686 -0.04621934538057499 13.891820122400594 14.98921312027367 14.26382591884469 0.21778656126482215 -0.026681750857598933 0.70294117647058829
decision_type=2 2 2 2 8 8 8 8 8 8 2 8 10 2 2 8 8 8 10 8 10 10 10 2 8 8 8 8 2 8
left_child=1 -1 4 28 6 23 8 -8 -2 17 11 12 -7 -9 -15 16 -16 -10 29 20 21 -17 -22 25 -25 -6 -26 -12 -3 -19
right_child=2 3 -4 -5 5 10 7 13 9 -11 27 -13 -14 14 15 19 -18 18 -20 -21 22 -23 -24 24 26 -27 -28 -29 -30 -31
leaf_value=-0.019874414571396552 0.0039437201556928921 -0.012792478593270377 0.0051762248688474524 -0.013960858954457964 -0.03418063089162468 0.0064672287921724043 -0.031806897576824755 0.0037028802994252259 -0.025376871471989595 0.0096541006389231007 -0.0051113350665105157 -0.0044065225218781479 0.04387916520027433 0.0051329011507105496 -0.054194384195049378 0.038853422251649845 0.037867719201403513 0.0074829911089357576 -0.017082449936095128 0.04516499673002234 0.076521983213732769 -0.011089130061281545 0.025508741404429797 0.026237990263924694 -0.018705003142630624 0.0049562585157222633 0.0077746556791458716 0.0042332787650362844 -0.004715232040697459 0.082804655686805062
leaf_weight=544.13638026209082 494.03823158610612 352.15406255493872 4989.3455699793994 418.90620435448363 25.717115538194776 356.16347591020167 15.023557828739284 188.29148329794407 84.762979776598513 57.165459547191858 1814.8342101378366 302.42311450466514 20.096453411504626 106.80558924935758 6.4761704765260193 14.256595171988009 4.2097406610846528 36.673488598316908 55.666909554973245 52.163628693670034 10.735529832541941 33.776237763464451 41.681082930415869 68.26036524400115 33.74101671949029 41.392566787078977 399.94574050791562 258.99802803620696 2053.8296732013114 3.7839998900890341
leaf_count=21449 3141 5937 20665 7246 221 1939 118 1121 529 293 11306 1608 82 764 32 59 18 221 322 184 30 140 154 418 247 287 2577 1563 33083 9
internal_value=-0.000215402 -0.00915751 0.0029503 -0.0070932 0.000497089 -0.000822438 0.00413281 0.0105532 -1.9064e-05 -0.00824315 -0.00229871 0.00272966 0.00846544 0.0119415 0.0176848 0.0258943 -0.0179263 -0.0138992 -0.00377809 0.0289626 0.0205487 0.00373429 0.0359568 0.00631827 0.00850554 -0.0100414 0.00571453 -0.0039443 -0.00589747 0.0145278
internal_weight=12885.5 3369.03 9516.43 2824.89 4527.08 3321.57 1205.51 473.42 732.091 238.053 2752.52 678.683 376.26 458.396 270.105 163.299 10.6859 180.887 96.1244 152.613 100.449 48.0328 52.4166 569.057 501.947 67.1097 433.687 2073.83 2405.98 40.4575
internal_count=115763 67715 48048 46266 27383 20248 7135 2620 4515 1374 16498 3629 2021 2502 1381 617 50 1081 552 567 383 199 184 3750 3242 508 2824 12869 39020 230
is_linear=0
shrinkage=0.05


Tree=42
num_leaves=31
num_cat=0
split_feature=9 9 31 2 5 11 0 2 5 1 19 5 34 14 11 9 11 36 31 11 0 13 19 2 19 5 11 4 33 5
split_gain=136.314 26.7278 19.5105 10.0901 7.94537 16.3404 12.1698 11.1485 11.5078 11.0376 10.9538 10.81 14.2794 11.5185 9.97096 9.87301 13.498 9.77326 9.5493 12.4778 12.4447 10.1407 10.2989 10.9729 10.0662 9.5173 10.7278 12.6596 9.47004 9.39
threshold=-0.155 -0.81499999999999984 14.500000000000002 -0.02717694563697956 0.16694941675300259 0.06027123569655507 13.643030132860286 0.016537520805240652 0.23959997337593189 0.87037110556745034 0.084926072845293868 0.17447362764809402 10.500000000000002 0.14430425193619534 0.095268348762630864 0.70499999999999996 0.11108681921974446 13.500000000000002 27.500000000000004 0.1034228085366475 14.543020216436664 0.15165043290043292 0.068636859323882235 -0.054247614055008317 0.16259193003379049 0.18864548420482666 0.10347238967928625 0.035985611510791361 59.45000000000001 0.22479252332939037
decision_type=2 2 2 2 8 8 8 2 10 10 2 8 10 8 10 2 10 2 2 10 8 8 2 2 2 8 8 10 2 10
left_child=1 -1 -2 -3 9 10 25 11 -9 14 29 12 13 -8 -4 16 -14 -13 19 21 -21 -11 -23 -24 -20 -7 28 -28 -27 -6
right_child=2 3 4 -5 5 6 7 8 -10 18 -12 17 15 -15 -16 -17 -18 -19 24 20 -22 22 23 -25 -26 26 27 -29 -30 -31
leaf_value=-0.02000156943853389 -0.00082185249768853988 -0.014625293311542387 0.010241045257931423 -0.005989595718959584 0.0019556558837958778 -0.043522796315535524 -0.036449333354250879 0.014502417381882158 -0.028657656048060545 -0.052051085279423606 -0.046310442971192176 0.0038990847593854934 -0.058449091047164475 0.019358393104184336 0.0046320320272223081 -0.0058088654726334392 -0.012357509969233927 -0.036057909184521363 -0.00055441740263243735 -0.031936661909043491 0.0042284903711054499 0.042109430370570071 0.046375977035387261 -0.047800635569248663 0.031061628747441079 0.032651377976412092 -0.074374460970095146 -0.0057714487108670182 -0.030714980334173244 -0.047721875489100812
leaf_weight=485.55901535821613 2752.8864829465747 396.53053739573807 1151.4942040350288 2301.5461482359096 49.411754183471203 22.672844106331468 10.642674108967183 297.23783361725509 16.290730582550168 27.053599551320076 26.071052366867661 1998.8220873391256 23.938059005886316 70.444938577711582 2540.2042884705588 176.86634280066937 47.212085008621216 15.421684013679622 99.187582788988948 29.27840543910861 126.82891533523798 7.287115182727578 3.916336484253411 14.711553765460845 33.740142416208982 22.134691733866934 9.4478901997208578 23.330931385979056 8.0371620431542379 11.780099580064414
leaf_count=19700 20874 7115 4649 39286 211 103 47 1152 76 116 134 8773 116 283 10321 756 228 78 471 135 523 31 14 63 186 82 50 95 40 55
internal_value=-0.000234607 -0.00920226 0.00273427 -0.00725877 0.0041606 0.0021295 0.00280725 0.00340517 0.0122598 0.00558548 -0.0191708 0.00222046 -0.006181 0.0120337 0.00638156 -0.0121362 -0.0278648 0.00359316 -0.00300768 -0.00966955 -0.00255439 -0.0306391 -0.00828637 -0.0280009 0.00747047 -0.0157463 -0.00574208 -0.025545 0.0157719 -0.00760781
internal_weight=12800 3183.64 9616.35 2698.08 6863.47 2829.76 2742.5 2656.88 313.529 4033.7 87.2629 2343.35 329.104 81.0876 3691.7 248.016 71.1501 2014.24 342.004 209.076 156.107 52.9686 25.915 18.6279 132.928 85.6235 62.9507 32.7788 30.1719 61.1919
internal_count=115763 66101 49662 46401 28788 12279 11879 11509 1228 16509 400 10281 1430 330 14970 1100 344 8851 1539 882 658 224 108 77 657 370 267 145 122 266
is_linear=0
shrinkage=0.05


Tree=43
num_leaves=31
num_cat=0
split_feature=9 9 9 9 1 6 16 18 16 4 2 33 4 13 7 6 31 5 34 11 10 8 8 10 5 36 12 10 20 1
split_gain=128.579 27.1274 17.1601 9.51173 8.79572 11.9867 9.26341 8.27416 9.6721 8.7074 7.72211 7.48577 7.94314 8.59325 7.4571 7.10764 8.8105 9.4919 11.1505 15.5055 8.36488 11.5256 10.6495 10.1488 9.15036 7.48475 8.1276 9.74868 7.6223 7.5443
threshold=-0.10000000000000003 -0.65499999999999992 0.61499999999999999 -0.91499999999999992 0.34553552298231799 0.10465849438399955 -549.99999999999989 0.89444444444444449 -1.0000000180025095e-35 0.12150185349553598 0.092814435211348481 54.750000000000007 -0.17031220097774841 0.044610281923714766 0.3115384615384616 0.096792563744580798 29.500000000000004 0.08650630722801407 7.5000000000000009 0.16578925493890448 0.13571205217546684 0.085960591133004943 0.085960591133004943 0.17097391047588251 0.14990676079716916 3.5000000000000004 0.042705167173252283 0.1653299803623953 0.46523140686161646 0.55315318673988878
decision_type=2 2 2 2 8 8 10 10 8 10 2 2 8 10 2 10 2 10 10 8 10 10 8 10 8 2 10 8 10 8
left_child=1 3 4 -1 6 7 -2 15 -9 -10 11 -4 13 -13 -5 16 17 18 -6 -20 22 24 -17 -23 -22 28 -27 29 -19 -28
right_child=2 -3 10 14 5 -7 -8 8 9 -11 -12 12 -14 -15 -16 20 -18 25 19 -21 21 23 -24 -25 -26 26 27 -29 -30 -31
leaf_value=-0.030838840595043104 -0.013170484646472736 -0.0056461532378696364 0.011327462189293475 -0.015487319121312189 0.015125117345008321 0.0019595973919947734 0.0067708929938082585 0.056737735242538938 -0.026916232446679907 0.050959690609450041 -0.049342016499813471 0.056729229620576228 0.0042755322475859945 -0.037963645895675885 -0.0011623243330158176 -0.032491181785758709 0.039005865808403983 0.0006330290185275815 -0.0054989005522295409 0.039760212678504062 0.031067243876914726 -0.056730717275228632 -0.0023399035379113023 0.0071686700227720241 -0.043533309114753505 -0.041548082250877201 -0.0034057608107096564 0.024009386722613092 -0.069278164528340194 -0.016883380926881412
leaf_weight=91.256471691420302 63.541683249175549 2279.8427685119677 390.8743484672159 834.85963815869763 122.76626719906926 1727.2654748000205 697.61601075157523 11.970946826040743 11.32704976201058 5.2544808983802787 6.6277005150914183 2.7417572960257557 5024.9807611228898 18.991255946457386 101.94249357911758 35.246189594268799 12.330375678837298 269.01200270839036 297.37329296767712 20.210151178762317 11.44711064361036 31.580543056130409 173.18509458377957 7.7360188066959372 6.4134843312203875 20.558483617380261 183.42991983890533 20.822574000805616 3.9561519399285308 239.27823349274695
leaf_count=4212 509 33046 1495 27460 739 10273 4681 44 60 20 24 8 21218 103 2997 256 37 1562 2126 102 68 213 1145 43 41 173 1301 119 32 1656
internal_value=-0.000206554 -0.00868672 0.00277241 -0.0154295 0.00027362 -0.000871865 0.00510618 -0.0041677 0.0224881 -0.00223832 0.00459563 0.00466138 0.00414508 -0.0260175 -0.0139285 -0.00469066 -0.00303967 -0.00347999 0.00232812 -0.00261873 -0.0120859 -0.0290273 -0.00743855 -0.0441577 0.00427925 -0.00695001 -0.0108142 -0.00938967 -0.0003802 -0.0110349
internal_weight=12724.4 3307.9 9416.54 1028.06 3972.32 3211.16 761.158 1483.9 28.5525 16.5815 5444.22 5437.59 5046.71 21.733 936.802 1455.35 1189.74 1177.41 440.35 317.583 265.608 57.1772 208.431 39.3166 17.8606 737.057 464.089 443.531 272.968 422.708
internal_count=115763 67715 48048 34669 25200 20010 5190 9737 124 80 22848 22824 21329 111 30457 9613 7847 7810 2967 2228 1766 365 1401 256 109 4843 3249 3076 1594 2957
is_linear=0
shrinkage=0.05


Tree=44
num_leaves=31
num_cat=0
split_feature=9 9 31 36 3 33 14 10 8 32 3 36 2 32 9 9 14 0 0 0 5 39 32 3 11 7 6 0 11 33
split_gain=119.887 25.8433 15.1762 8.39457 10.6069 7.83927 11.4834 8.6179 11.5474 7.38575 10.3284 7.47852 7.33073 7.26916 6.90488 6.89881 6.37087 7.03669 7.78795 7.24922 6.36629 13.4307 26.7401 10.5873 8.84726 8.29837 12.0755 10.6483 8.05358 8.23514
threshold=-0.10000000000000003 -0.79499999999999993 14.500000000000002 6.5000000000000009 0.42972192722406527 56.250000000000007 0.055496327884387596 0.10392840492789258 0.075235849056603785 48.500000000000007 0.90997320306675233 10.500000000000002 -0.0085453103533770797 57.500000000000007 4.9450000000000003 -0.95499999999999985 0.10184242287093613 14.65173218720412 14.277749829267306 14.160189002046016 0.16694941675300259 15.500000000000002 78.500000000000014 0.78248278404414939 0.10812812812812815 0.46153846153846162 0.10760080787205563 14.227714572087745 0.061004236802931412 60.45000000000001
decision_type=2 2 2 2 8 2 10 10 8 10 10 2 2 10 2 2 10 8 10 8 10 2 8 10 8 2 10 8 8 2
left_child=1 15 5 -3 -5 6 9 16 -9 10 -2 -11 -10 -14 20 -1 -8 18 19 -18 25 28 23 24 -23 -4 -27 -28 29 -22
right_child=2 3 14 4 -6 -7 7 8 12 11 -12 -13 13 -15 -16 -17 17 -19 -20 -21 21 22 -24 -25 -26 26 27 -29 -30 -31
leaf_value=-0.043209024688117131 -0.0073401407608392651 -0.0045466822393666218 0.0046357430721336206 -0.026264220382244664 -0.008587010299775889 -0.0025107363874096117 0.006854123193370306 -0.033183842145353575 -0.013660346273719726 -0.0014924282365544337 -0.042744762670366164 0.047452779454188819 0.017585491556981091 0.0010783375725524861 0.025848801872943156 -0.017337498834146862 0.00283865463370255 -0.016369356627931646 0.034924099322083797 -0.062461049922241642 -0.01747559870518307 -0.061686070342596058 0.029109483859551762 -0.07216981156542801 0.018610074710232467 0.028145378081223506 0.046463450707057589 -0.010449164096556737 0.0029240564710341661 0.039981765295961098
leaf_weight=27.198474731761962 89.692004553973675 1827.1323377154768 3826.2803245699033 94.419123840518296 838.18790770345367 1735.0029554478824 141.41664647310972 14.534201802685855 25.750557068735361 48.282077476382256 26.740902638062835 9.3090348802506906 298.44701533019543 85.885494945570827 35.725783828645945 489.71206897241063 28.166606221348047 91.691790653392673 16.613507345318794 5.0054949671030036 77.017688741907477 5.9681965447962257 16.261299394071102 20.019469667226076 8.0679908208549023 90.305680498480797 9.8684128448367101 49.164655230939388 2606.4951302986592 6.7856298834085456
leaf_count=2008 692 28654 15638 2203 15409 13455 1014 119 204 320 244 42 1810 582 360 19441 206 727 104 38 371 30 55 100 35 364 40 216 11256 26
internal_value=-0.000206434 -0.00843861 0.00267278 -0.00651683 -0.0103767 -0.00055993 0.00327957 0.00610981 0.010614 -0.00822704 -0.0154714 0.00641908 0.0121663 0.0138967 0.00392554 -0.0186988 -0.000650879 -0.00815266 0.0069803 -0.00701473 0.00380892 0.00195484 -0.0236392 -0.0488263 -0.0155319 0.00508704 0.0166499 -0.000935222 0.00243353 -0.0128232
internal_weight=12645.1 3276.65 9368.5 2759.74 932.607 2616.54 881.535 707.511 424.617 174.024 116.433 57.5911 410.083 384.333 6751.96 516.911 282.894 141.477 49.7856 33.1721 6716.23 2740.62 50.317 34.0557 14.0362 3975.62 149.339 59.0331 2690.3 83.8033
internal_count=115763 67715 48048 46266 17612 19557 6102 4804 2715 1298 936 362 2596 2392 28491 21449 2089 1075 348 244 28131 11873 220 165 65 16258 620 256 11653 397
is_linear=0
shrinkage=0.05


Tree=45
num_leaves=31
num_cat=0
split_feature=31 9 31 33 33 10 8 5 7 10 14 34 9 4 0 31 32 6 12 5 5 14 34 10 2 2 33 5 33 14
split_gain=115.857 22.8672 19.2465 9.85516 10.3487 14.2901 12.5112 10.6025 9.28823 9.88108 9.37884 10.8588 8.51988 8.49763 7.88504 9.06677 7.72703 7.83205 10.8915 8.04821 7.55254 7.52275 7.5272 7.4549 7.70406 7.16352 10.2418 7.14695 6.89569 7.93937
threshold=8.5000000000000018 -0.67499999999999993 15.500000000000002 61.45000000000001 58.350000000000001 0.096802863649100387 0.091608391608391626 0.17447362764809402 0.3115384615384616 0.14144662987734269 0.20279277123383591 14.500000000000002 -0.91499999999999992 0.048283985215872599 15.529882580535388 12.500000000000002 24.500000000000004 0.10006105006105008 0.069098143236074286 0.12640766479823476 0.23959997337593189 0.054097090721294552 5.5000000000000009 0.052120941281620085 -0.0036669698783153835 0.053335273216736763 54.45000000000001 0.050032092426187426 57.95000000000001 0.19620797838732873
decision_type=2 2 2 2 2 10 8 8 2 8 10 10 2 10 8 2 8 10 10 8 8 8 8 8 2 2 2 8 2 10
left_child=1 12 3 4 5 14 -6 21 16 -10 -11 -12 -1 -13 15 -2 17 18 19 -4 -16 22 -7 24 -18 26 -17 -28 29 -9
right_child=2 -3 8 -5 6 7 -8 28 9 10 11 13 -14 -15 20 25 23 -19 -20 -21 -22 -23 -24 -25 -26 -27 27 -29 -30 -31
leaf_value=-0.030219613749040836 -0.0066754551496606713 -0.0057090254961926707 -0.087321737078126571 0.012556908497486502 -0.016640684956303626 0.057036454833132313 -0.0021394418316890229 -0.0086635037935110411 0.0067948077340682644 0.027632142468664175 0.030453704812986006 -0.092125558134353955 -0.01366444275442997 -0.0024975727949414083 -0.0087968477200543998 0.047574640037108262 0.0064642163288510445 -0.043644078319791016 0.023395641409806156 -0.0015521186783518921 -0.060434024508763728 0.0063491824584836348 -0.011337224201040092 0.0035260409721942689 0.037316316922058862 -0.030456666542060685 0.047362970540127024 0.0039654997697465061 -0.016470759516541877 0.0087515219861690734
leaf_weight=85.524411556776613 227.46305398456752 1999.562456890475 4.9397471472620973 139.84069690387696 206.67991139739752 4.2129394039511672 530.57959784008563 137.90062909666449 531.10866853129119 112.62848580814898 9.0614870395511407 4.9286445807665569 851.1150050573051 5.7063974402844906 407.42461009602994 16.945058196783066 52.182432258501649 17.105111978948116 17.708643855527043 6.128253687173129 7.206473544239997 1213.6312881847844 90.363664178177714 5498.3846353683621 33.049901153892279 11.297960007563232 10.125705964863299 150.41854038462043 89.494145164266229 124.55842546001077
leaf_count=4141 1877 31419 22 915 1646 18 4007 1010 2235 469 39 22 29003 31 3289 72 220 69 63 25 58 8498 686 22934 113 71 44 903 736 853
internal_value=-3.1121e-05 -0.00872899 0.00261234 -0.000438109 -0.00100102 0.000539075 -0.00620465 0.00321819 0.00424502 0.00984062 0.0220655 -0.0097657 -0.0151761 -0.0440343 -0.004814 4.73408e-05 0.00358559 -0.0168496 -0.000922762 -0.0398319 -0.00969432 0.00529074 -0.0082915 0.00375351 0.0184275 0.0081474 0.0106047 0.00670263 -0.00448544 -0.000398641
internal_weight=12597.3 2936.2 9661.08 3368.14 3228.3 2491.04 737.26 1660.16 6292.93 663.434 132.325 19.6965 936.639 10.635 830.881 416.25 5629.5 45.8818 28.7766 11.068 414.631 1308.21 94.5766 5583.62 85.2323 188.787 177.489 160.544 351.953 262.459
internal_count=115488 64563 50925 24683 23768 18115 5653 11801 26242 2796 561 92 33144 53 6314 2967 23446 179 110 47 3347 9202 704 23267 333 1090 1019 947 2599 1863
is_linear=0
shrinkage=0.05


end of trees

feature_importances:
agf_edge=297
agf_raw=115
form_cycle=85
weight_delta=65
jockey_win_rate=62
jockey_track_win_rate=56
class_indicator=52
s20_edge=52
trainer_win_rate=51
sire_win_rate=50
weight_kg_raw=49
kgs_raw=47
surface_affinity=43
speed_figure=39
sire_surface_rate=39
dam_win_rate=39
dam_surface_rate=38
hp_raw=29
gate_number=27
rest_fitness=26
field_size=24
gate_bias=19
field_pace_density=18
agf_reliability=14
distance_delta_m=11
s20_raw=10
age=10
equipment_changed=6
distance_meters=6
surface_switch=1

parameters:
[boosting: gbdt]
[objective: lambdarank]
[metric: ndcg]
[tree_learner: serial]
[device_type: cpu]
[data_sample_strategy: bagging]
[data: ]
[valid: ]
[num_iterations: 500]
[learning_rate: 0.05]
[num_leaves: 31]
[num_threads: 0]
[seed: 0]
[deterministic: 0]
[force_col_wise: 0]
[force_row_wise: 0]
[histogram_pool_size: -1]
[max_depth: -1]
[min_data_in_leaf: 20]
[min_sum_hessian_in_leaf: 0.001]
[bagging_fraction: 0.85]
[pos_bagging_fraction: 1]
[neg_bagging_fraction: 1]
[bagging_freq: 5]
[bagging_seed: 3]
[bagging_by_query: 0]
[feature_fraction: 0.9]
[feature_fraction_bynode: 1]
[feature_fraction_seed: 2]
[extra_trees: 0]
[extra_seed: 6]
[early_stopping_round: 0]
[early_stopping_min_delta: 0]
[first_metric_only: 0]
[max_delta_step: 0]
[lambda_l1: 0]
[lambda_l2: 0]
[linear_lambda: 0]
[min_gain_to_split: 0]
[drop_rate: 0.1]
[max_drop: 50]
[skip_drop: 0.5]
[xgboost_dart_mode: 0]
[uniform_drop: 0]
[drop_seed: 4]
[top_rate: 0.2]
[other_rate: 0.1]
[min_data_per_group: 100]
[max_cat_threshold: 32]
[cat_l2: 10]
[cat_smooth: 10]
[max_cat_to_onehot: 4]
[top_k: 20]
[monotone_constraints: ]
[monotone_constraints_method: basic]
[monotone_penalty: 0]
[feature_contri: ]
[forcedsplits_filename: ]
[refit_decay_rate: 0.9]
[cegb_tradeoff: 1]
[cegb_penalty_split: 0]
[cegb_penalty_feature_lazy: ]
[cegb_penalty_feature_coupled: ]
[path_smooth: 0]
[interaction_constraints: ]
[verbosity: -1]
[saved_feature_importance_type: 0]
[use_quantized_grad: 0]
[num_grad_quant_bins: 4]
[quant_train_renew_leaf: 0]
[stochastic_rounding: 1]
[linear_tree: 0]
[max_bin: 255]
[max_bin_by_feature: ]
[min_data_in_bin: 3]
[bin_construct_sample_cnt: 200000]
[data_random_seed: 1]
[is_enable_sparse: 1]
[enable_bundle: 1]
[use_missing: 1]
[zero_as_missing: 0]
[feature_pre_filter: 1]
[pre_partition: 0]
[two_round: 0]
[header: 0]
[label_column: ]
[weight_column: ]
[group_column: ]
[ignore_column: ]
[categorical_feature: ]
[forcedbins_filename: ]
[precise_float_parser: 0]
[parser_config_file: ]
[objective_seed: 5]
[num_class: 1]
[is_unbalance: 0]
[scale_pos_weight: 1]
[sigmoid: 1]
[boost_from_average: 1]
[reg_sqrt: 0]
[alpha: 0.9]
[fair_c: 1]
[poisson_max_delta_step: 0.7]
[tweedie_variance_power: 1.5]
[lambdarank_truncation_level: 10]
[lambdarank_norm: 1]
[label_gain: ]
[lambdarank_position_bias_regularization: 0]
[eval_at: 1,3,5,10]
[multi_error_top_k: 1]
[auc_mu_weights: ]
[num_machines: 1]
[local_listen_port: 12400]
[time_out: 120]
[machine_list_filename: ]
[machines: ]
[gpu_platform_id: -1]
[gpu_device_id: -1]
[gpu_use_dp: 0]
[num_gpu: 1]

end of parameters

pandas_categorical:[]
